state,suburb,postcode,electorate,redistributed,other
NSW,NUBBA,2587,Shortland,"", 
WA ,FITZGERALD RIVER NAT PK,6346,O'Connor,"", 
NT ,DARWIN,0800,Solomon,"", 
NT ,ALAWA,0810,Solomon,"", 
NT ,BRINKIN,0810,Solomon,"", 
NT ,BUFFALO CREEK,0810,Solomon,"", 
NT ,CASUARINA,0810,Solomon,"", 
NT ,COCONUT GROVE,0810,Solomon,"", 
NT ,JINGILI,0810,Solomon,"", 
NT ,KULALUK,0810,Solomon,"", 
NT ,LEE POINT,0810,Solomon,"", 
NT ,LYONS,0810,Solomon,"", 
NT ,MILLNER,0810,Solomon,"", 
NT ,MOIL,0810,Solomon,"", 
NT ,MUIRHEAD,0810,Solomon,"", 
NT ,NAKARA,0810,Solomon,"", 
NT ,NIGHTCLIFF,0810,Solomon,"", 
NT ,RAPID CREEK,0810,Solomon,"", 
NT ,SUNSET COVE,0810,Solomon,"",COCONUT GROVE
NT ,TIWI,0810,Solomon,"", 
NT ,WAGAMAN,0810,Solomon,"", 
NT ,WANGURI,0810,Solomon,"", 
NT ,ANULA,0812,Solomon,"", 
NT ,KARAMA,0812,Solomon,"", 
NT ,LEANYER,0812,Solomon,"", 
NT ,MALAK,0812,Solomon,"", 
NT ,MARRARA,0812,Solomon,"", 
NT ,NORTHLAKES,0812,Solomon,"",MARRARA
NT ,SANDERSON,0812,Solomon,"",MARRARA
NT ,WOODLEIGH GARDENS,0812,Solomon,"",LEANYER
NT ,WULAGI,0812,Solomon,"", 
NT ,BAGOT,0820,Solomon,"", 
NT ,BAYVIEW,0820,Solomon,"", 
NT ,BAYVIEW HAVEN,0820,Solomon,"",BAYVIEW
NT ,BOROGOMARRA,0820,Lingiari,"", 
NT ,CITY VALLEY,0820,Solomon,"",WOOLNER
NT ,COONAWARRA,0820,Solomon,"", 
NT ,CULLEN BAY,0820,Solomon,"",LARRAKEYAH
NT ,DARWIN RAAF,0820,Solomon,"", 
NT ,EAST POINT,0820,Solomon,"", 
NT ,EATON,0820,Solomon,"", 
NT ,FANNIE BAY,0820,Solomon,"", 
NT ,LARRAKEYAH,0820,Solomon,"", 
NT ,LARRAKEYAH BARRACKS,0820,Solomon,"", 
NT ,LUDMILLA,0820,Solomon,"", 
NT ,MINMARAMA PARK,0820,Solomon,"", 
NT ,ONE MILE DAM,0820,Solomon,"",RAILWAY DAM
NT ,PARAP,0820,Solomon,"", 
NT ,RAILWAY DAM,0820,Solomon,"", 
NT ,STUART PARK,0820,Solomon,"", 
NT ,THE GARDENS,0820,Solomon,"", 
NT ,THE NARROWS,0820,Solomon,"", 
NT ,TIPPERARY WATERS,0820,Solomon,"",STUART PARK
NT ,WINNELLIE,0820,Solomon,"", 
NT ,WOOLNER,0820,Solomon,"", 
NT ,4 MILE CAMP,0822,Lingiari,"", 
NT ,ACACIA HILLS,0822,Lingiari,"", 
NT ,ACACIA LARRAKIA,0822,Lingiari,"", 
NT ,ADBANAE,0822,Lingiari,"", 
NT ,ADJAMARRAGU,0822,Lingiari,"", 
NT ,AKWALIRRUMANJA,0822,Lingiari,"", 
NT ,ALAMIRRA,0822,Lingiari,"", 
NT ,ALYINGBERRMA,0822,Lingiari,"", 
NT ,AMATJATPALK,0822,Lingiari,"", 
NT ,ANGURUGU,0822,Lingiari,"", 
NT ,ANKABADBIRRI,0822,Lingiari,"", 
NT ,ANNABURROO,0822,Lingiari,"", 
NT ,ANNABURROO BILLABONG,0822,Lingiari,"", 
NT ,ANNABURROO STN,0822,Lingiari,"", 
NT ,ANNIE RIVER,0822,Lingiari,"", 
NT ,ARARLAGU,0822,Lingiari,"", 
NT ,ARARU POINT,0822,Lingiari,"", 
NT ,ARMORRAN,0822,Lingiari,"", 
NT ,ARRGAMURRMUR,0822,Lingiari,"", 
NT ,ARSY,0822,Lingiari,"",WURRUMIYANGA
NT ,BAMAMARRAKKAKANORA,0822,Lingiari,"", 
NT ,BAN BAN SPRINGS,0822,Lingiari,"", 
NT ,BANTHULA,0822,Lingiari,"", 
NT ,BARDALUMBA,0822,Lingiari,"", 
NT ,BARK HUT INN,0822,Lingiari,"", 
NT ,BARKIRAT,0822,Lingiari,"",GALIWINKU
NT ,BARRIHDJOWKENG,0822,Lingiari,"", 
NT ,BARTALUMBA BAY,0822,Lingiari,"",BARDALUMBA
NT ,BATHURST ISLAND,0822,Lingiari,"",WURRUMIYANGA
NT ,BAYAGIDA,0822,Lingiari,"", 
NT ,BEES CREEK,0822,Lingiari,"", 
NT ,BELYUEN,0822,Lingiari,"", 
NT ,BERRAJA,0822,Lingiari,"", 
NT ,BLACKBULL STN,0822,Lingiari,"", 
NT ,BLACKMORE,0822,Lingiari,"", 
NT ,BODIA,0822,Lingiari,"", 
NT ,BOLKDJAM,0822,Lingiari,"", 
NT ,BONALBO STN,0822,Lingiari,"", 
NT ,BREMER ISLAND NORTH,0822,Lingiari,"",GUTJANGAN
NT ,BULARRING,0822,Lingiari,"", 
NT ,BULGUL,0822,Lingiari,"", 
NT ,BULLO RIVER STN,0822,Lingiari,"", 
NT ,BULUHKADURU,0822,Lingiari,"", 
NT ,BUNDATHARRI,0822,Lingiari,"", 
NT ,BUNI-INWUNBULUK,0822,Lingiari,"", 
NT ,BUNJI BUNJI STN,0822,Lingiari,"", 
NT ,BYNOE,0822,Lingiari,"", 
NT ,BYNOE HARBOUR,0822,Lingiari,"", 
NT ,CAMP CREEK,0822,Lingiari,"", 
NT ,CANNON HILL,0822,Lingiari,"", 
NT ,CAPE DON,0822,Lingiari,"",MINJILANG
NT ,CAPE SCOTT,0822,Lingiari,"", 
NT ,CARMOR PLAINS STN,0822,Lingiari,"", 
NT ,CATTLE CREEK STN,0822,Lingiari,"", 
NT ,CERES DOWNS STN,0822,Lingiari,"", 
NT ,CHANNEL POINT,0822,Lingiari,"", 
NT ,CHARLOTTE,0822,Lingiari,"", 
NT ,COBOURG PENINSULA,0822,Lingiari,"", 
NT ,COLLETT CREEK,0822,Lingiari,"", 
NT ,CONDER POINT,0822,Lingiari,"", 
NT ,COOMALIE CREEK,0822,Lingiari,"", 
NT ,COX PENINSULA,0822,Lingiari,"", 
NT ,CROKER ISLAND,0822,Lingiari,"",MINJILANG
NT ,DALY RIVER,0822,Lingiari,"", 
NT ,DALY RIVER COMMUNITY,0822,Lingiari,"",NAUIYU
NT ,DAMDAM,0822,Lingiari,"", 
NT ,DELEYE,0822,Lingiari,"", 
NT ,DELISSAVILLE,0822,Lingiari,"",BELYUEN
NT ,DHAMBALA,0822,Lingiari,"", 
NT ,DHAMBALIYA,0822,Lingiari,"", 
NT ,DHAMIYAKA,0822,Lingiari,"", 
NT ,DHARAWA,0822,Lingiari,"", 
NT ,DHARWAR,0822,Lingiari,"", 
NT ,DHAYIRRI,0822,Lingiari,"", 
NT ,DHIPIRRINJURA,0822,Lingiari,"", 
NT ,DHOLTJI,0822,Lingiari,"", 
NT ,DHUDUPU,0822,Lingiari,"", 
NT ,DITCHI,0822,Lingiari,"", 
NT ,DJINKARR,0822,Lingiari,"", 
NT ,DJIRRBIYAK,0822,Lingiari,"", 
NT ,DJIRRKARRI,0822,Lingiari,"", 
NT ,DJUDIAN,0822,Lingiari,"",KUWUMA
NT ,DJURRANALPI,0822,Lingiari,"", 
NT ,DOUGLAS DALY,0822,Lingiari,"", 
NT ,DOUGLAS RIVER,0822,Lingiari,"", 
NT ,DOUGLAS STN,0822,Lingiari,"", 
NT ,DUM-IN-MIRRIE ISLAND,0822,Lingiari,"", 
NT ,DURDUGU,0822,Lingiari,"",TREE POINT
NT ,EAST ARM,0822,Solomon,"", 
NT ,ELCHO ISLAND,0822,Lingiari,"",GALIWINKU
NT ,ELIZABETH BAY,0822,Lingiari,"", 
NT ,ELIZABETH DOWNS,0822,Lingiari,"", 
NT ,EMERALD RIVER,0822,Lingiari,"",YEDIKBAH
NT ,EMIRREBA,0822,Lingiari,"", 
NT ,EMU POINT,0822,Lingiari,"", 
NT ,FINNISS RIVER STN,0822,Lingiari,"", 
NT ,FINNISS VALLEY,0822,Lingiari,"", 
NT ,FLAGON CREEK CAMP,0822,Lingiari,"", 
NT ,FLY CREEK,0822,Lingiari,"", 
NT ,FOSSIL HEAD,0822,Lingiari,"", 
NT ,FREDS PASS,0822,Lingiari,"", 
NT ,GALAWARRA,0822,Lingiari,"", 
NT ,GALAWDJAPIN,0822,Lingiari,"", 
NT ,GALIWINKU,0822,Lingiari,"", 
NT ,GAMARDI,0822,Lingiari,"", 
NT ,GAMARGAWAN,0822,Lingiari,"", 
NT ,GAMARRAGURRA,0822,Lingiari,"",GUMURUGURU
NT ,GAN GAN,0822,Lingiari,"", 
NT ,GANPURA,0822,Lingiari,"", 
NT ,GARABALDI STN,0822,Lingiari,"", 
NT ,GARANYDJIRR,0822,Lingiari,"", 
NT ,GARDEN POINT,0822,Lingiari,"",PIRLANGIMPI
NT ,GARMALATJIRRINA,0822,Lingiari,"",GUMURUGURU
NT ,GARRARRAM,0822,Lingiari,"", 
NT ,GARRIYAK,0822,Lingiari,"", 
NT ,GATJI,0822,Lingiari,"", 
NT ,GAWA,0822,Lingiari,"", 
NT ,GIKAL,0822,Lingiari,"", 
NT ,GILIRRI,0822,Lingiari,"", 
NT ,GIMBAT,0822,Lingiari,"", 
NT ,GITAN,0822,Lingiari,"", 
NT ,GOAT ISLAND,0822,Lingiari,"", 
NT ,GOCHAN JINY-JIRRA,0822,Lingiari,"", 
NT ,GONGURUWUY,0822,Lingiari,"", 
NT ,GOODWILL MINE,0822,Lingiari,"", 
NT ,GORRONG GORRONG,0822,Lingiari,"", 
NT ,GOULBURN ISLAND,0822,Lingiari,"",WARRUWI
NT ,GREEN ANT CREEK,0822,Lingiari,"", 
NT ,GUDJEKBIN,0822,Lingiari,"", 
NT ,GUGODBABULDI,0822,Lingiari,"", 
NT ,GUL GUL,0822,Lingiari,"", 
NT ,GULUMARRI,0822,Lingiari,"", 
NT ,GUMARRINBANG,0822,Lingiari,"", 
NT ,GUMERAGI,0822,Lingiari,"", 
NT ,GUMOKARRI,0822,Lingiari,"", 
NT ,GUMUGUMUK,0822,Lingiari,"",GUMURUGURU
NT ,GUMURUGURU,0822,Lingiari,"", 
NT ,GUNBALANYA,0822,Lingiari,"", 
NT ,GUNN POINT,0822,Lingiari,"", 
NT ,GUPANGA,0822,Lingiari,"", 
NT ,GURRGURR,0822,Lingiari,"", 
NT ,GURUNDA,0822,Lingiari,"", 
NT ,GUTJANGAN,0822,Lingiari,"", 
NT ,HAYES CREEK,0822,Lingiari,"", 
NT ,HAZARD STN,0822,Lingiari,"", 
NT ,HUGHES,0822,Lingiari,"", 
NT ,HUMPTY DOO STN,0822,Lingiari,"", 
NT ,HUNTERS CAMP,0822,Lingiari,"", 
NT ,INJILATPARRI,0822,Lingiari,"", 
NT ,IRGUL POINT,0822,Lingiari,"", 
NT ,IRON STONE,0822,Lingiari,"", 
NT ,JA JA JABILUKA,0822,Lingiari,"", 
NT ,JARRAMAGORNDARRA,0822,Lingiari,"", 
NT ,JI-BALBAL,0822,Lingiari,"", 
NT ,JI-BENA,0822,Lingiari,"", 
NT ,JI-MALAWA,0822,Lingiari,"", 
NT ,JI-MARDA,0822,Lingiari,"", 
NT ,KABULWARNAMYO,0822,Lingiari,"", 
NT ,KAKADU NATIONAL PARK,0822,Lingiari,"", 
NT ,KAKODBABULDI,0822,Lingiari,"", 
NT ,KAMARRKAWON,0822,Lingiari,"", 
NT ,KAPALGA,0822,Lingiari,"", 
NT ,KELERRK,0822,Lingiari,"", 
NT ,KERLIN STN,0822,Lingiari,"", 
NT ,KHAMSIN HILL STN,0822,Lingiari,"", 
NT ,KILFOYLE PLAINS,0822,Lingiari,"",WOOLIANA
NT ,KOLORBIDAHDAH,0822,Lingiari,"", 
NT ,KOOLPINYAH STN,0822,Lingiari,"", 
NT ,KORLOBIRRAHDA,0822,Lingiari,"",KOLORBIDAHDAH
NT ,KUBUMI,0822,Lingiari,"",YIKARRAKKAL
NT ,KUBUYIRR,0822,Lingiari,"", 
NT ,KUDANTIGA,0822,Lingiari,"", 
NT ,KULTCHILL,0822,Lingiari,"", 
NT ,KUMURRULU,0822,Lingiari,"", 
NT ,KUNGARREWARL,0822,Lingiari,"", 
NT ,KURRURLDUL,0822,Lingiari,"", 
NT ,KUWUMA,0822,Lingiari,"", 
NT ,KUY,0822,Lingiari,"", 
NT ,KWOMBOM,0822,Lingiari,"", 
NT ,LA BELLE DOWNS STN,0822,Lingiari,"", 
NT ,LAKE BENNETT,0822,Lingiari,"", 
NT ,LAKE EVELLA,0822,Lingiari,"",GAPUWIYAK
NT ,LAMBELLS LAGOON,0822,Lingiari,"", 
NT ,LANGARRA,0822,Lingiari,"", 
NT ,LARABALARA STN,0822,Lingiari,"", 
NT ,LEICHARDT,0822,Lingiari,"", 
NT ,LITCHFIELD NATIONAL PARK,0822,Lingiari,"", 
NT ,LITCHFIELD STN,0822,Lingiari,"", 
NT ,LIVINGSTONE,0822,Lingiari,"", 
NT ,LLOYD CREEK,0822,Lingiari,"", 
NT ,MALGAWA,0822,Lingiari,"", 
NT ,MALKALA,0822,Lingiari,"", 
NT ,MALLARRAMI,0822,Lingiari,"", 
NT ,MALNJANGARNAK,0822,Lingiari,"", 
NT ,MAMADAWERRE,0822,Lingiari,"", 
NT ,MAMUKALA,0822,Lingiari,"",MUMUKALA
NT ,MANDILBARRENG,0822,Lingiari,"", 
NT ,MANDORAH,0822,Lingiari,"", 
NT ,MANGARDUBU,0822,Lingiari,"", 
NT ,MANGBIRRI,0822,Lingiari,"", 
NT ,MANINGRIDA,0822,Lingiari,"", 
NT ,MANKORLOD,0822,Lingiari,"", 
NT ,MANMOYI,0822,Lingiari,"", 
NT ,MANTON DAM,0822,Lingiari,"", 
NT ,MANTON RIVER STN,0822,Lingiari,"", 
NT ,MAPURU,0822,Lingiari,"", 
NT ,MARANUNGA,0822,Lingiari,"", 
NT ,MARDINGA,0822,Lingiari,"",UN-MARR
NT ,MARIAH,0822,Lingiari,"", 
NT ,MARINGAR,0822,Lingiari,"",UN-MARR
NT ,MARION HILL,0822,Lingiari,"",WOOLIANA
NT ,MARLWON,0822,Lingiari,"", 
NT ,MARRAKAI,0822,Lingiari,"", 
NT ,MARRAKAI SPRINGS,0822,Lingiari,"", 
NT ,MARRAKAI STN,0822,Lingiari,"", 
NT ,MARRAMARRANI,0822,Lingiari,"", 
NT ,MARRKALAWA,0822,Lingiari,"", 
NT ,MARRKOLIDJBAN,0822,Lingiari,"", 
NT ,MARTJANBA,0822,Lingiari,"", 
NT ,MARY RIVER PARK,0822,Lingiari,"", 
NT ,MARY RIVER WILDERNESS RET,0822,Lingiari,"", 
NT ,MARYGAR,0822,Lingiari,"",UN-MARR
NT ,MATA MATA,0822,Lingiari,"", 
NT ,MATAPAN,0822,Lingiari,"",MERREPEN
NT ,MAWULYUMANJA,0822,Lingiari,"", 
NT ,MCCALLUM CREEK,0822,Lingiari,"", 
NT ,MCKINLAY RIVER STN,0822,Lingiari,"", 
NT ,MCMINNS LAGOON,0822,Lingiari,"", 
NT ,MELALEUCA STN,0822,Lingiari,"", 
NT ,MELVILLE ISLAND,0822,Lingiari,"",MILIKAPITI
NT ,MERREPEN,0822,Lingiari,"", 
NT ,MEWIRNBI,0822,Lingiari,"", 
NT ,MIDDLE POINT,0822,Lingiari,"", 
NT ,MIDWAY STN,0822,Lingiari,"", 
NT ,MIKGINJ VALLEY,0822,Lingiari,"", 
NT ,MILIKAPITI,0822,Lingiari,"", 
NT ,MILINGIMBI,0822,Lingiari,"", 
NT ,MILMILNGKAN,0822,Lingiari,"", 
NT ,MILYAKBURRA,0822,Lingiari,"", 
NT ,MINJILANG,0822,Lingiari,"", 
NT ,MIRRNATJA,0822,Lingiari,"", 
NT ,MOORONGA,0822,Lingiari,"", 
NT ,MT BONNIE,0822,Lingiari,"", 
NT ,MT BORRADAILE,0822,Lingiari,"",WAIDABOONAR
NT ,MT BUNDEY,0822,Lingiari,"", 
NT ,MT BUNDEY STN,0822,Lingiari,"", 
NT ,MT KEPLER STN,0822,Lingiari,"", 
NT ,MT RINGWOOD STN,0822,Lingiari,"", 
NT ,MT WELLS,0822,Lingiari,"", 
NT ,MUDGINBERRI,0822,Lingiari,"", 
NT ,MUDHAMUL,0822,Lingiari,"", 
NT ,MU-GURTA,0822,Lingiari,"", 
NT ,MULGURRAM,0822,Lingiari,"", 
NT ,MULINGI,0822,Lingiari,"", 
NT ,MUMEKA,0822,Lingiari,"", 
NT ,MUMUKALA,0822,Lingiari,"", 
NT ,MURGENELLA PLAINS,0822,Lingiari,"", 
NT ,MURWANGI STN,0822,Lingiari,"", 
NT ,NABARLEK,0822,Lingiari,"", 
NT ,NABBARLA KUNINDABBA,0822,Lingiari,"", 
NT ,NADIRRI,0822,Lingiari,"", 
NT ,NAKALANANDJARRA,0822,Lingiari,"", 
NT ,NALIYINDI,0822,Lingiari,"", 
NT ,NAMA,0822,Lingiari,"", 
NT ,NAMURGARDABU,0822,Lingiari,"", 
NT ,NANGAK,0822,Lingiari,"", 
NT ,NANINGBURA POINT,0822,Lingiari,"",NANYINGBURRA
NT ,NANYINGBURRA,0822,Lingiari,"", 
NT ,NAUIYU,0822,Lingiari,"", 
NT ,NEMARLUK,0822,Lingiari,"", 
NT ,NGADAYUN,0822,Lingiari,"", 
NT ,NGANGALALA,0822,Lingiari,"", 
NT ,NGANKORLORD,0822,Lingiari,"",MANKORLOD
NT ,NGANMARRIYANGA,0822,Lingiari,"", 
NT ,NGARINTHI,0822,Lingiari,"", 
NT ,NGAYAWILLI,0822,Lingiari,"", 
NT ,NGIPIN,0822,Lingiari,"", 
NT ,NGUIU,0822,Lingiari,"",WURRUMIYANGA
NT ,NIKAWU,0822,Lingiari,"", 
NT ,NONI,0822,Lingiari,"", 
NT ,NOURLANGIE,0822,Lingiari,"", 
NT ,NUMBULWAR,0822,Lingiari,"", 
NT ,NYEKALA,0822,Lingiari,"", 
NT ,OENPELLI,0822,Lingiari,"",GUNBALANYA
NT ,OLD MOUNT BUNDEY,0822,Lingiari,"", 
NT ,OPIUM CREEK STN,0822,Lingiari,"", 
NT ,PALUMPA,0822,Lingiari,"",NGANMARRIYANGA
NT ,PANDAYAL,0822,Lingiari,"", 
NT ,PARADALE,0822,Lingiari,"",PERREDERR
NT ,PARADISE FARM,0822,Lingiari,"", 
NT ,PARU VILLAGE,0822,Lingiari,"", 
NT ,PEPPIMENARTI,0822,Lingiari,"", 
NT ,PERREDERR,0822,Lingiari,"", 
NT ,PICKERTARAMOOR,0822,Lingiari,"", 
NT ,PIRLANGIMPI,0822,Lingiari,"", 
NT ,POINT FAWCETT,0822,Lingiari,"", 
NT ,POINT STUART,0822,Lingiari,"", 
NT ,PORT BREMER,0822,Lingiari,"", 
NT ,PORT HURD,0822,Lingiari,"", 
NT ,PORT KEATS,0822,Lingiari,"",WADEYE
NT ,PULARUMPI,0822,Lingiari,"",PIRLANGIMPI
NT ,PUTJAMIRRA,0822,Lingiari,"", 
NT ,RAK MARRARA,0822,Lingiari,"", 
NT ,RAKULA,0822,Lingiari,"", 
NT ,RAMINGINING,0822,Lingiari,"", 
NT ,RED LILLY,0822,Lingiari,"", 
NT ,ROBIN FALLS,0822,Lingiari,"", 
NT ,ROCKY POINT,0822,Lingiari,"",NABBARLA KUNINDABBA
NT ,RORRUWUY,0822,Lingiari,"", 
NT ,RUBY DOWNS STN,0822,Lingiari,"", 
NT ,SABINA,0822,Lingiari,"", 
NT ,SANDFLY BEACH,0822,Lingiari,"", 
NT ,SHILO HOMESTEAD,0822,Lingiari,"", 
NT ,SHOAL BAY,0822,Lingiari,"", 
NT ,SMITH POINT,0822,Lingiari,"", 
NT ,SNAKE BAY,0822,Lingiari,"",MILIKAPITI
NT ,SOUTHPORT,0822,Lingiari,"", 
NT ,SPRING PEAK,0822,Lingiari,"", 
NT ,STAPLETON,0822,Lingiari,"", 
NT ,STRAY CREEK CATTLE STN,0822,Lingiari,"", 
NT ,SWIM CREEK PLAINS STN,0822,Lingiari,"", 
NT ,TAKAPIMILIYI,0822,Lingiari,"", 
NT ,TARACUMBIE,0822,Lingiari,"", 
NT ,THE BANYANS,0822,Lingiari,"", 
NT ,THOMPSONS BAY,0822,Lingiari,"",MAWULYUMANJA
NT ,TIGERS CAMP,0822,Lingiari,"", 
NT ,TIMOR SPRINGS,0822,Lingiari,"", 
NT ,TIPPERARY STN,0822,Lingiari,"", 
NT ,TIVENDALE,0822,Solomon,"", 
NT ,TIWI COLLEGE,0822,Lingiari,"",PICKERTARAMOOR
NT ,TORTILLA FLATS,0822,Lingiari,"", 
NT ,TREE POINT,0822,Lingiari,"", 
NT ,TUMBLING WATERS,0822,Lingiari,"", 
NT ,TWIN HILL,0822,Lingiari,"",PANDAYAL
NT ,UMBAKUMBA,0822,Lingiari,"", 
NT ,UN-MARR,0822,Lingiari,"", 
NT ,WADEYE,0822,Lingiari,"", 
NT ,WADJIGAN,0822,Lingiari,"",BULGUL
NT ,WAGAIT BEACH,0822,Lingiari,"", 
NT ,WAGAIT RESERVE,0822,Lingiari,"", 
NT ,WAIDABOONAR,0822,Lingiari,"", 
NT ,WALANGURRMINY,0822,Lingiari,"", 
NT ,WALKA,0822,Lingiari,"", 
NT ,WALWAL,0822,Lingiari,"", 
NT ,WAMINARI,0822,Lingiari,"", 
NT ,WANAKUTJA,0822,Lingiari,"", 
NT ,WARRUWI,0822,Lingiari,"", 
NT ,WATDAGAWUY,0822,Lingiari,"", 
NT ,WAUK,0822,Lingiari,"", 
NT ,WEDDELL,0822,Lingiari,"", 
NT ,WICKHAM,0822,Lingiari,"", 
NT ,WIGRAM ISLAND,0822,Lingiari,"", 
NT ,WIGU,0822,Lingiari,"", 
NT ,WILDMAN RIVER,0822,Lingiari,"", 
NT ,WILDMAN RIVER PLANTATION,0822,Lingiari,"", 
NT ,WILIGI,0822,Lingiari,"", 
NT ,WILTJU,0822,Lingiari,"",WILIGI
NT ,WOODYCUPALDIYA,0822,Lingiari,"", 
NT ,WOOLANING,0822,Lingiari,"", 
NT ,WOOLIANA,0822,Lingiari,"", 
NT ,WOOLNER STN,0822,Lingiari,"", 
NT ,WUDADUK,0822,Lingiari,"", 
NT ,WUDAPULI,0822,Lingiari,"", 
NT ,WUDIKAPILDIYEER,0822,Lingiari,"",WOODYCUPALDIYA
NT ,WULKABIMIRRI,0822,Lingiari,"", 
NT ,WUNBURRI,0822,Lingiari,"", 
NT ,WUNINUDJI,0822,Lingiari,"", 
NT ,WURANKUWU,0822,Lingiari,"", 
NT ,WURDEJA,0822,Lingiari,"", 
NT ,WURRUMIYANGA,0822,Lingiari,"", 
NT ,YAMINYI,0822,Lingiari,"", 
NT ,YANBAKWA,0822,Lingiari,"", 
NT ,YATHALAMARRA,0822,Lingiari,"", 
NT ,YAYMINYI,0822,Lingiari,"", 
NT ,YEDERR,0822,Lingiari,"", 
NT ,YEDIKBAH,0822,Lingiari,"", 
NT ,YIKARRAKKAL,0822,Lingiari,"", 
NT ,YILAN,0822,Lingiari,"", 
NT ,YILILA,0822,Lingiari,"", 
NT ,YIMIDARRA,0822,Lingiari,"", 
NT ,YINYIKAY,0822,Lingiari,"", 
NT ,YIRRINGA,0822,Lingiari,"", 
NT ,YULBARA,0822,Lingiari,"", 
NT ,11 MILE,0828,Lingiari,"",KNUCKEY LAGOON INDIG VLGE
NT ,BERRIMAH,0828,Solomon,"", 
NT ,KNUCKEY LAGOON,0828,Lingiari,"", 
NT ,KNUCKEY LAGOON INDIG VLGE,0828,Lingiari,"", 
NT ,WISHART,0828,Solomon,"", 
NT ,HOLTZE,0829,Lingiari,"", 
NT ,PINELANDS,0829,Solomon,"", 
NT ,15 MILE,0830,Lingiari,"",PALMERSTON INDIGENOUS VLG
NT ,ARCHER,0830,Solomon,"", 
NT ,DRIVER,0830,Solomon,"", 
NT ,DUNBAR HEIGHTS,0830,Solomon,"",GRAY
NT ,DURACK,0830,Solomon,"", 
NT ,FAIRWAY RIDGE,0830,Solomon,"",DRIVER
NT ,FAIRWAY WATERS,0830,Solomon,"",DURACK
NT ,FARRAR,0830,Lingiari,"", 
NT ,GRAY,0830,Solomon,"", 
NT ,MARLOW LAGOON,0830,Solomon,"", 
NT ,MOULDEN,0830,Solomon,"", 
NT ,PALMERSTON CITY,0830,Solomon,"", 
NT ,PALMERSTON INDIGENOUS VLG,0830,Lingiari,"", 
NT ,PALMERSTON TOWN CAMP,0830,Lingiari,"",PALMERSTON INDIGENOUS VLG
NT ,ROBERTSON BARRACKS,0830,Lingiari,"", 
NT ,THE MEWS,0830,Solomon,"",DURACK
NT ,WOODROFFE,0830,Solomon,"", 
NT ,YARRAWONGA,0830,Lingiari,"", 
NT ,BAKEWELL,0832,Solomon,"", 
NT ,BELLAMACK,0832,Solomon,"", 
NT ,GUNN,0832,Solomon,"", 
NT ,JOHNSTON,0832,Lingiari,"", 
NT ,ROSEBERY,0832,Solomon,"", 
NT ,THE CHASE,0832,Solomon,"",GUNN
NT ,ZUCCOLI,0832,Lingiari,"", 
NT ,VIRGINIA,0834,Lingiari,"", 
NT ,HOWARD SPRINGS,0835,Lingiari,"", 
NT ,GIRRAWEEN,0836,Lingiari,"", 
NT ,HERBERT,0836,Lingiari,"", 
NT ,HUMPTY DOO,0836,Lingiari,"", 
NT ,DONALDS LAGOON STN,0837,Lingiari,"", 
NT ,MANTON,0837,Lingiari,"", 
NT ,NOONAMAH,0837,Lingiari,"", 
NT ,BERRY SPRINGS,0838,Lingiari,"", 
NT ,DARRANDARRA,0838,Lingiari,"", 
NT ,COOLALINGA,0839,Lingiari,"", 
NT ,DUNDEE BEACH,0840,Lingiari,"", 
NT ,DUNDEE DOWNS,0840,Lingiari,"", 
NT ,DUNDEE FOREST,0840,Lingiari,"", 
NT ,DARWIN RIVER,0841,Lingiari,"", 
NT ,ALBANY PARK,0845,Lingiari,"", 
NT ,BATCHELOR,0845,Lingiari,"", 
NT ,CAMP CREEK STN,0845,Lingiari,"", 
NT ,COOMALIE CREEK STN,0845,Lingiari,"", 
NT ,EVA VALLEY,0845,Lingiari,"", 
NT ,MENELING STN,0845,Lingiari,"", 
NT ,MT BURTON,0845,Lingiari,"", 
NT ,RUM JUNGLE,0845,Lingiari,"", 
NT ,WELLTREE STN,0845,Lingiari,"", 
NT ,YARRAMAN,0845,Lingiari,"", 
NT ,ADELAIDE RIVER,0846,Lingiari,"", 
NT ,AMANGAL,0846,Lingiari,"", 
NT ,BRIDGE CREEK STN,0846,Lingiari,"", 
NT ,FOUNTAIN HEAD,0846,Lingiari,"", 
NT ,GROVE HILL,0846,Lingiari,"", 
NT ,MANEROO STN,0846,Lingiari,"", 
NT ,MILTON SPRINGS STN,0846,Lingiari,"", 
NT ,OOLLOO STN,0846,Lingiari,"", 
NT ,THEYONA STN,0846,Lingiari,"", 
NT ,WAIRIA,0846,Lingiari,"",AMANGAL
NT ,BONROOK STN,0847,Lingiari,"", 
NT ,BURRUNDIE,0847,Lingiari,"", 
NT ,COPPERFIELD CREEK,0847,Lingiari,"", 
NT ,EMERALD SPRINGS,0847,Lingiari,"", 
NT ,ESMERALDA FARM,0847,Lingiari,"", 
NT ,FRANCES CREEK,0847,Lingiari,"", 
NT ,GREEN VALLEY,0847,Lingiari,"", 
NT ,JINDARE STN,0847,Lingiari,"", 
NT ,KYBROOK FARM,0847,Lingiari,"", 
NT ,MARY RIVER STN,0847,Lingiari,"",MARY RIVER WILDERNESS RET
NT ,MOLINE DAM,0847,Lingiari,"", 
NT ,OLD MISSION,0847,Lingiari,"", 
NT ,PINE CREEK,0847,Lingiari,"", 
NT ,PINE CREEK COMPOUND,0847,Lingiari,"", 
NT ,PINE CREEK TOWN CAMP,0847,Lingiari,"",PINE CREEK COMPOUND
NT ,RED GUM CAMP,0847,Lingiari,"",PINE CREEK COMPOUND
NT ,BURTA WURTA,0850,Lingiari,"", 
NT ,COSSACK,0850,Lingiari,"", 
NT ,EMUNGALAN,0850,Lingiari,"", 
NT ,FORSBROOK STN,0850,Lingiari,"", 
NT ,GORGE CAMP,0850,Lingiari,"",JODETLUK
NT ,GRAVE YARD CAMP,0850,Lingiari,"", 
NT ,IRONWOOD STN,0850,Lingiari,"", 
NT ,JODETLUK,0850,Lingiari,"", 
NT ,KALANO,0850,Lingiari,"",MIALI BRUMBY
NT ,KATHERINE,0850,Lingiari,"", 
NT ,KATHERINE EAST,0850,Lingiari,"", 
NT ,KATHERINE SOUTH,0850,Lingiari,"", 
NT ,KATHERINE TRANSIT CAMP,0850,Lingiari,"",WALPIRI
NT ,LANSDOWNE,0850,Lingiari,"", 
NT ,MAUD CREEK,0850,Lingiari,"",JODETLUK
NT ,MIALI BRUMBY,0850,Lingiari,"", 
NT ,MIALLI,0850,Lingiari,"",MIALI BRUMBY
NT ,NUMUL NUMUL STN,0850,Lingiari,"", 
NT ,OLD MAUD CREEK STN,0850,Lingiari,"", 
NT ,PANDANUS STN,0850,Lingiari,"", 
NT ,STURT DOWNS STN,0850,Lingiari,"", 
NT ,TAMARIND STN,0850,Lingiari,"", 
NT ,WALDNARR,0850,Lingiari,"", 
NT ,WALPIRI,0850,Lingiari,"", 
NT ,WARLPIRI CAMP,0850,Lingiari,"",WALPIRI
NT ,ALHARRGAN,0852,Lingiari,"", 
NT ,AMALILPIL,0852,Lingiari,"", 
NT ,AMANBIDJI,0852,Lingiari,"", 
NT ,AMUNGEE MUNGEE STN,0852,Lingiari,"", 
NT ,ANDANANGKI,0852,Lingiari,"", 
NT ,AROONA STN,0852,Lingiari,"", 
NT ,AUVERGNE STN,0852,Lingiari,"", 
NT ,AVAGO STN,0852,Lingiari,"", 
NT ,AWUMBUNYJI,0852,Lingiari,"", 
NT ,BADAWARRKA,0852,Lingiari,"", 
NT ,BAGHETTI,0852,Lingiari,"", 
NT ,BAINES,0852,Lingiari,"", 
NT ,BALBIRINI STN,0852,Lingiari,"", 
NT ,BALLONGILLY STN,0852,Lingiari,"", 
NT ,BAMBOO SPRINGS,0852,Lingiari,"", 
NT ,BAMYILI,0852,Lingiari,"",BARUNGA
NT ,BANATJARL,0852,Lingiari,"", 
NT ,BANJO STN,0852,Lingiari,"", 
NT ,BARNJARN,0852,Lingiari,"",WERENBUN
NT ,BARRAK BARRAK,0852,Lingiari,"", 
NT ,BARRAPUNTA,0852,Lingiari,"", 
NT ,BARUNGA,0852,Lingiari,"", 
NT ,BESWICK,0852,Lingiari,"", 
NT ,BIDIDA,0852,Lingiari,"",YANGULINYINA
NT ,BIG RIVER STN,0852,Lingiari,"", 
NT ,BINJARI,0852,Lingiari,"", 
NT ,BIRDUM CREEK STN,0852,Lingiari,"", 
NT ,BIRRIMBA STN,0852,Lingiari,"", 
NT ,BIRRINDUDU STN,0852,Lingiari,"", 
NT ,BISHOPS BORE,0852,Lingiari,"", 
NT ,BLOODWOOD DOWNS STN,0852,Lingiari,"", 
NT ,BOB'S YARD,0852,Lingiari,"", 
NT ,BOOMERANG LAGOON,0852,Lingiari,"", 
NT ,BRADSHAW STN,0852,Lingiari,"", 
NT ,BRINGUNG,0852,Lingiari,"", 
NT ,BROADMERE STN,0852,Lingiari,"", 
NT ,BRUMBY PLAINS,0852,Lingiari,"", 
NT ,BUBBLE BUBBLE,0852,Lingiari,"", 
NT ,BUCHANAN DOWNS STN,0852,Lingiari,"", 
NT ,BUCKET SPRINGS,0852,Lingiari,"", 
NT ,BUDJANGA,0852,Lingiari,"", 
NT ,BULLA,0852,Lingiari,"", 
NT ,BULMAN,0852,Lingiari,"", 
NT ,BUNDA STN,0852,Lingiari,"", 
NT ,CAMFIELD STN,0852,Lingiari,"", 
NT ,CAPE CRAWFORD,0852,Lingiari,"", 
NT ,CAVE CREEK STN,0852,Lingiari,"", 
NT ,CLARAVALE STN,0852,Lingiari,"", 
NT ,CLARENCE STN,0852,Lingiari,"", 
NT ,COODARDIE STN,0852,Lingiari,"", 
NT ,COOLIBAH STN,0852,Lingiari,"", 
NT ,COSTELLO,0852,Lingiari,"", 
NT ,COW CREEK STN,0852,Lingiari,"", 
NT ,DAGURAGU,0852,Lingiari,"", 
NT ,DALANGARR,0852,Lingiari,"",GORPULYUL
NT ,DALY WATERS,0852,Lingiari,"", 
NT ,DELAMERE STN,0852,Lingiari,"", 
NT ,DHARRI,0852,Lingiari,"", 
NT ,DILLINYA,0852,Lingiari,"", 
NT ,DIXIE STN,0852,Lingiari,"", 
NT ,DJARRUNG,0852,Lingiari,"", 
NT ,DJAWA,0852,Lingiari,"",JOWAR
NT ,DJEMBERE,0852,Lingiari,"",JILKMINGGAN
NT ,DOOJUM,0852,Lingiari,"", 
NT ,DORISVALE STN,0852,Lingiari,"", 
NT ,DRY RIVER STN,0852,Lingiari,"", 
NT ,DUCK CREEK,0852,Lingiari,"",JILKMINGGAN
NT ,DUCK PONDS,0852,Lingiari,"", 
NT ,DUNGOWAN STN,0852,Lingiari,"", 
NT ,DUNMARRA WAYSIDE INN,0852,Lingiari,"", 
NT ,EDITH,0852,Lingiari,"", 
NT ,EDITH RIVER,0852,Lingiari,"", 
NT ,EDITH SPRINGS STN,0852,Lingiari,"", 
NT ,EL RANCHO,0852,Lingiari,"", 
NT ,ELSEY,0852,Lingiari,"", 
NT ,ELSEY STN,0852,Lingiari,"", 
NT ,EMU SPRINGS,0852,Lingiari,"",BARRAPUNTA
NT ,EVA VALLEY STN,0852,Lingiari,"",MANYALLALUK
NT ,FITZROY STN,0852,Lingiari,"", 
NT ,FLICKS HOLE,0852,Lingiari,"", 
NT ,FLORINA,0852,Lingiari,"", 
NT ,FLORINA STN,0852,Lingiari,"", 
NT ,FLYING FOX STN,0852,Lingiari,"", 
NT ,FORREST HILL STN,0852,Lingiari,"", 
NT ,GILNOCKIE STN,0852,Lingiari,"", 
NT ,GILWI,0852,Lingiari,"", 
NT ,GOONDBUROON,0852,Lingiari,"",MOLE HILL
NT ,GOONDOOLOO STN,0852,Lingiari,"", 
NT ,GORPULYUL,0852,Lingiari,"", 
NT ,GORRIE STN,0852,Lingiari,"", 
NT ,GRANITE CREEK STN,0852,Lingiari,"", 
NT ,GREGORY NATIONAL PARK,0852,Lingiari,"", 
NT ,GULARDI,0852,Lingiari,"", 
NT ,GULIN GULIN,0852,Lingiari,"",BULMAN
NT ,HAYFIELD SHENANDOAH STN,0852,Lingiari,"", 
NT ,HAYFIELD STN,0852,Lingiari,"",HAYFIELD SHENANDOAH STN
NT ,HELEN SPRINGS STN,0852,Lingiari,"", 
NT ,HIDDEN VALLEY STN,0852,Lingiari,"", 
NT ,HODGSON DOWNS STN,0852,Lingiari,"",MINYERRI
NT ,HODGSON RIVER STN,0852,Lingiari,"", 
NT ,HOOKER CREEK,0852,Lingiari,"",LAJAMANU
NT ,HUMBERT RIVER STN,0852,Lingiari,"", 
NT ,INNESVALE STN,0852,Lingiari,"",MENNGEN
NT ,INVERWAY STN,0852,Lingiari,"", 
NT ,JILKMINGGAN,0852,Lingiari,"", 
NT ,JIRRNGOW,0852,Lingiari,"",BAMBOO SPRINGS
NT ,JIWARANPA,0852,Lingiari,"", 
NT ,JOMET,0852,Lingiari,"", 
NT ,JOWAR,0852,Lingiari,"", 
NT ,KALALA STN,0852,Lingiari,"", 
NT ,KALKARINDJI,0852,Lingiari,"", 
NT ,KALUMBULANI,0852,Lingiari,"", 
NT ,KATHERINE GORGE,0852,Lingiari,"",NITMILUK
NT ,KEEP RIVER,0852,Lingiari,"", 
NT ,KEWULYI,0852,Lingiari,"",ROPER VALLEY STN
NT ,KIDMAN SPRINGS,0852,Lingiari,"", 
NT ,KILDURK STN,0852,Lingiari,"",AMANBIDJI
NT ,KILLARNEY STN,0852,Lingiari,"", 
NT ,KING RIVER STN,0852,Lingiari,"", 
NT ,KING VALLEY STN,0852,Lingiari,"", 
NT ,KIRKIMBIE STN,0852,Lingiari,"", 
NT ,KNEEBONE,0852,Lingiari,"",MURRNBURRNUM
NT ,KUMBIDGEE STN,0852,Lingiari,"", 
NT ,LAJAMANU,0852,Lingiari,"", 
NT ,LAKE KATHERINE,0852,Lingiari,"", 
NT ,LAKEFIELD STN,0852,Lingiari,"", 
NT ,LARRIMAH,0852,Lingiari,"", 
NT ,LARRIZONA STN,0852,Lingiari,"", 
NT ,LARRPAYANJI,0852,Lingiari,"", 
NT ,LEGUNE STN,0852,Lingiari,"", 
NT ,LEILA CREEK STN,0852,Lingiari,"", 
NT ,LIKU,0852,Lingiari,"", 
NT ,LIMBUNYA STN,0852,Lingiari,"", 
NT ,LINE CREEK,0852,Lingiari,"", 
NT ,LINGARA,0852,Lingiari,"", 
NT ,LONESOME DOVE STN,0852,Lingiari,"", 
NT ,LUL-TJU,0852,Lingiari,"", 
NT ,MAINORU STN,0852,Lingiari,"", 
NT ,MAMADI,0852,Lingiari,"",INVERWAY STN
NT ,MANBULLOO,0852,Lingiari,"", 
NT ,MANBULLOO STN,0852,Lingiari,"", 
NT ,MANYALLALUK,0852,Lingiari,"", 
NT ,MARANBOY,0852,Lingiari,"", 
NT ,MARGARET DOWNS STN,0852,Lingiari,"", 
NT ,MARINIRI,0852,Lingiari,"", 
NT ,MARRALUM,0852,Lingiari,"", 
NT ,MARRAYA,0852,Lingiari,"", 
NT ,MARYFIELD STN,0852,Lingiari,"", 
NT ,MATARANKA,0852,Lingiari,"", 
NT ,MATARANKA LONG GRASS CAMP,0852,Lingiari,"",MATARANKA TOWN CAMP
NT ,MATARANKA STN,0852,Lingiari,"", 
NT ,MATARANKA TOWN CAMP,0852,Lingiari,"", 
NT ,MATARANKA TRANSIENT CAMP,0852,Lingiari,"",MATARANKA TOWN CAMP
NT ,MATHISON STN,0852,Lingiari,"", 
NT ,MCARTHUR RIVER STN,0852,Lingiari,"", 
NT ,MCDONALDS YARD,0852,Lingiari,"", 
NT ,MENNGEN,0852,Lingiari,"", 
NT ,MIDDLE CREEK STN,0852,Lingiari,"", 
NT ,MINIYERI,0852,Lingiari,"",MINYERRI
NT ,MINYERRI,0852,Lingiari,"", 
NT ,MIRRIDI,0852,Lingiari,"", 
NT ,MIRRIRINYUNGU,0852,Lingiari,"",DUCK PONDS
NT ,MISTAKE CREEK STN,0852,Lingiari,"", 
NT ,MIWUL,0852,Lingiari,"", 
NT ,MOBARN,0852,Lingiari,"", 
NT ,MOLE HILL,0852,Lingiari,"", 
NT ,MOMOB,0852,Lingiari,"", 
NT ,MONTEJINNI STN,0852,Lingiari,"", 
NT ,MOROAK STN,0852,Lingiari,"", 
NT ,MOUNTAIN VALLEY STN,0852,Lingiari,"", 
NT ,MT CATT,0852,Lingiari,"", 
NT ,MT JEAN,0852,Lingiari,"", 
NT ,MT MAIYO,0852,Lingiari,"", 
NT ,MT MCMINN STN,0852,Lingiari,"", 
NT ,MT SANFORD,0852,Lingiari,"", 
NT ,MULGGAN,0852,Lingiari,"", 
NT ,MUMPUMAMPU,0852,Lingiari,"", 
NT ,MUNGURRUPA,0852,Lingiari,"", 
NT ,MURRNBURRNUM,0852,Lingiari,"", 
NT ,MURRUNING,0852,Lingiari,"",MURUNING
NT ,MURUNING,0852,Lingiari,"", 
NT ,MYATT,0852,Lingiari,"", 
NT ,NAMALIWIRRI,0852,Lingiari,"",NUMMERLOORI
NT ,NAMALURI,0852,Lingiari,"",NUMMERLOORI
NT ,NAMUL-NAMUL STN,0852,Lingiari,"", 
NT ,NATHAN RIVER STN,0852,Lingiari,"", 
NT ,NENEN STN,0852,Lingiari,"", 
NT ,NEWRY STN,0852,Lingiari,"", 
NT ,NGARNKA,0852,Lingiari,"", 
NT ,NGILIPITJI,0852,Lingiari,"", 
NT ,NGUKURR,0852,Lingiari,"", 
NT ,NGUNTHAK,0852,Lingiari,"", 
NT ,NITMILUK,0852,Lingiari,"", 
NT ,NULAWAN,0852,Lingiari,"", 
NT ,NUMMERLOORI,0852,Lingiari,"", 
NT ,NUTWOOD DOWNS STN,0852,Lingiari,"", 
NT ,OLD TOP SPRINGS,0852,Lingiari,"",YINGUWUNARRI
NT ,PARNTA,0852,Lingiari,"", 
NT ,PARRULYU,0852,Lingiari,"", 
NT ,PHOSPHATE HILL,0852,Lingiari,"", 
NT ,PICININNY BORE,0852,Lingiari,"", 
NT ,PIGEON HOLE,0852,Lingiari,"", 
NT ,PIGEON HOLE STN,0852,Lingiari,"", 
NT ,PINJA,0852,Lingiari,"", 
NT ,POLICE LAGOON,0852,Lingiari,"",WANDANGULA
NT ,POLICEMANS HOLE,0852,Lingiari,"", 
NT ,PROVIDENCE STN,0852,Lingiari,"", 
NT ,RITTARANGU,0852,Lingiari,"", 
NT ,RIVEREN STN,0852,Lingiari,"", 
NT ,ROCKHOLE,0852,Lingiari,"", 
NT ,ROPER BAR,0852,Lingiari,"", 
NT ,ROPER RIVER,0852,Lingiari,"",NGUKURR
NT ,ROPER VALLEY STN,0852,Lingiari,"", 
NT ,ROSEWOOD STN,0852,Lingiari,"", 
NT ,RUBY SPRINGS,0852,Lingiari,"",MURRNBURRNUM
NT ,SCOTT CREEK STN,0852,Lingiari,"", 
NT ,SNAKE LAGOON,0852,Lingiari,"", 
NT ,SPIRIT HILL STN,0852,Lingiari,"", 
NT ,STAPLETON STN,0852,Lingiari,"", 
NT ,STRANGWAYS STN,0852,Lingiari,"", 
NT ,STYLO STN,0852,Lingiari,"", 
NT ,SUNDAY CREEK STN,0852,Lingiari,"", 
NT ,TAARLYWARRI,0852,Lingiari,"", 
NT ,TANUMBIRINI STN,0852,Lingiari,"", 
NT ,TARLEE STN,0852,Lingiari,"", 
NT ,TIMBER CREEK,0852,Lingiari,"", 
NT ,TOP SPRINGS,0852,Lingiari,"", 
NT ,TURKEY LAGOON,0852,Lingiari,"", 
NT ,TWO RIVERS STN,0852,Lingiari,"", 
NT ,URALLA,0852,Lingiari,"", 
NT ,URAPUNGA,0852,Lingiari,"",RITTARANGU
NT ,VENN,0852,Lingiari,"", 
NT ,VERMELHA STN,0852,Lingiari,"", 
NT ,VICTORIA RIVER DOWNS STN,0852,Lingiari,"", 
NT ,VICTORIA RIVER ROADHOUSE,0852,Lingiari,"", 
NT ,WALDARR,0852,Lingiari,"", 
NT ,WALKER RIVER,0852,Lingiari,"", 
NT ,WALLAMUNGA STN,0852,Lingiari,"", 
NT ,WANMARRI,0852,Lingiari,"", 
NT ,WATERLOO STN,0852,Lingiari,"", 
NT ,WATTIE CREEK,0852,Lingiari,"",DAGURAGU
NT ,WAVE HILL,0852,Lingiari,"", 
NT ,WAVE HILL STN,0852,Lingiari,"", 
NT ,WEEMOL,0852,Lingiari,"", 
NT ,WERENBUN,0852,Lingiari,"", 
NT ,WESTERN CREEK STN,0852,Lingiari,"", 
NT ,WILLEROO STN,0852,Lingiari,"", 
NT ,WOMBUNGI STN,0852,Lingiari,"", 
NT ,WONGALARA STN,0852,Lingiari,"", 
NT ,WUGULARR,0852,Lingiari,"",BESWICK
NT ,WULABURRI,0852,Lingiari,"", 
NT ,WUMAJBARR,0852,Lingiari,"", 
NT ,WUMARRDJBARR,0852,Lingiari,"", 
NT ,WUMIRDIN,0852,Lingiari,"", 
NT ,WUNDU,0852,Lingiari,"", 
NT ,WUYAGIBA,0852,Lingiari,"", 
NT ,WYWORRIE STN,0852,Lingiari,"", 
NT ,YARRALIN,0852,Lingiari,"", 
NT ,YINGUWUNARRI,0852,Lingiari,"", 
NT ,TINDAL,0853,Lingiari,"", 
NT ,BABUNGI,0854,Lingiari,"", 
NT ,BAUHINIA DOWNS,0854,Lingiari,"", 
NT ,BILLENGARRAH STN,0854,Lingiari,"", 
NT ,BING BONG STN,0854,Lingiari,"", 
NT ,BONE LAGOON,0854,Lingiari,"",WADA WARRA
NT ,BORROLOOLA,0854,Lingiari,"", 
NT ,BOWEN LAGOON,0854,Lingiari,"",WADA WARRA
NT ,BUJAN,0854,Lingiari,"", 
NT ,CAMPBELL SPRING,0854,Lingiari,"",MUNYALINI
NT ,COW LAGOON,0854,Lingiari,"", 
NT ,DEVIL SPRING,0854,Lingiari,"",GOOLMINYINI
NT ,DOOLGARINA,0854,Lingiari,"",WEARYAN RIVER
NT ,GARAWA 1,0854,Lingiari,"", 
NT ,GARAWA 2,0854,Lingiari,"", 
NT ,GARAWA 3,0854,Lingiari,"", 
NT ,GARRINJINNY,0854,Lingiari,"", 
NT ,GOOLMINYINI,0854,Lingiari,"", 
NT ,GREENBANK STN,0854,Lingiari,"", 
NT ,IJARRA,0854,Lingiari,"", 
NT ,JIMILAYA,0854,Lingiari,"", 
NT ,KANGAROO ISLAND,0854,Lingiari,"", 
NT ,KING ASH BAY,0854,Lingiari,"", 
NT ,LIMMEN BIGHT,0854,Lingiari,"", 
NT ,LORELLA SPRING STN,0854,Lingiari,"", 
NT ,MANANGOORA,0854,Lingiari,"", 
NT ,MARA,0854,Lingiari,"", 
NT ,MARIA LAGOON,0854,Lingiari,"", 
NT ,MCARTHUR RIVER MINE,0854,Lingiari,"", 
NT ,MILIBUTHURRA,0854,Lingiari,"", 
NT ,MIMINA,0854,Lingiari,"", 
NT ,MOOLOOWA,0854,Lingiari,"", 
NT ,MUNYALINI,0854,Lingiari,"", 
NT ,NORTH ISLAND,0854,Lingiari,"", 
NT ,NUMULTJA OUTSTATION,0854,Lingiari,"",MARIA LAGOON
NT ,RELIEF CREEK YARD,0854,Lingiari,"", 
NT ,ROBINSON RIVER,0854,Lingiari,"", 
NT ,RYANS BEND,0854,Lingiari,"",TJOUNGOURI
NT ,SANDRIDGE,0854,Lingiari,"", 
NT ,SEVEN EMU,0854,Lingiari,"", 
NT ,SOUTH WEST ISLAND,0854,Lingiari,"", 
NT ,SPRING CREEK STN,0854,Lingiari,"", 
NT ,TARRINJINYI,0854,Lingiari,"",GARRINJINNY
NT ,TJOUNGOURI,0854,Lingiari,"", 
NT ,TWO DOLLAR CREEK,0854,Lingiari,"", 
NT ,UGUIE,0854,Lingiari,"", 
NT ,VANDERLIN ISLAND,0854,Lingiari,"", 
NT ,WADA WADALLA,0854,Lingiari,"", 
NT ,WADA WARRA,0854,Lingiari,"", 
NT ,WALLACES OUTSTATION,0854,Lingiari,"",MANANGOORA
NT ,WANDANGULA,0854,Lingiari,"", 
NT ,WEARYAN RIVER,0854,Lingiari,"", 
NT ,WOLLOGORANG,0854,Lingiari,"", 
NT ,WONMURRI,0854,Lingiari,"",MANANGOORA
NT ,WUNDIGALLA,0854,Lingiari,"", 
NT ,WURLBU,0854,Lingiari,"", 
NT ,YAMEERI,0854,Lingiari,"",KANGAROO ISLAND
NT ,YANGULINYINA,0854,Lingiari,"", 
NT ,YANYULA,0854,Lingiari,"", 
NT ,BLUEBERRY HILL,0860,Lingiari,"",MUNJI-MARLA
NT ,BURUDU,0860,Lingiari,"", 
NT ,CORELLA CREEK,0860,Lingiari,"", 
NT ,DUMP CAMP,0860,Lingiari,"",MARLA MARLA
NT ,EAST SIDE CAMP,0860,Lingiari,"",KARGARU
NT ,GOOSE RIVER,0860,Lingiari,"",KURRAYA
NT ,GULUNGURU,0860,Lingiari,"", 
NT ,ILUWURRU,0860,Lingiari,"", 
NT ,IMPERRENTH,0860,Lingiari,"", 
NT ,KAITEJ,0860,Lingiari,"",MARLA MARLA
NT ,KARGARU,0860,Lingiari,"", 
NT ,KARLIWAMPA,0860,Lingiari,"",MARLA MARLA
NT ,KURRAYA,0860,Lingiari,"", 
NT ,LUMIN CHRISTIE,0860,Lingiari,"",MARLA MARLA
NT ,MARLA MARLA,0860,Lingiari,"", 
NT ,MULGA CAMP,0860,Lingiari,"",NGALPA NGALPA
NT ,MUNJI-MARLA,0860,Lingiari,"", 
NT ,NAPAGUNPA,0860,Lingiari,"", 
NT ,NGALPA NGALPA,0860,Lingiari,"", 
NT ,NGAPPAMILARNU,0860,Lingiari,"", 
NT ,NGURRARA,0860,Lingiari,"", 
NT ,NICHOLSON RIVER,0860,Lingiari,"",WANGALINJI
NT ,NURADIDGEE,0860,Lingiari,"", 
NT ,NYINKKANYUNU,0860,Lingiari,"",VILLAGE CAMP
NT ,SORRY CAMP,0860,Lingiari,"",VILLAGE CAMP
NT ,TENNANT CREEK,0860,Lingiari,"", 
NT ,TENNANT CREEK TOWN CAMP,0860,Lingiari,"",KARGARU
NT ,TINGKARLI,0860,Lingiari,"",TINKARLI
NT ,TINKARLI,0860,Lingiari,"", 
NT ,VILLAGE CAMP,0860,Lingiari,"", 
NT ,WARTILPUNGARA,0860,Lingiari,"",KARGARU
NT ,WIITIN,0860,Lingiari,"", 
NT ,WUPPA,0860,Lingiari,"", 
NT ,ADDER STN,0862,Lingiari,"", 
NT ,ALEXANDRIA STN,0862,Lingiari,"", 
NT ,ALINJIRRI WARNKKAR,0862,Lingiari,"",LIKKAPARTA
NT ,ALROY DOWNS STN,0862,Lingiari,"", 
NT ,ANILTJIY,0862,Lingiari,"",ATNELTYEY
NT ,ANTHONY LAGOON STN,0862,Lingiari,"", 
NT ,ARRAWAJIN,0862,Lingiari,"", 
NT ,ARRUWURRU STN,0862,Lingiari,"", 
NT ,ATNELTYEY,0862,Lingiari,"", 
NT ,AUSTRAL DOWNS STN,0862,Lingiari,"", 
NT ,AVON DOWNS STN,0862,Lingiari,"", 
NT ,BAJAMINYI,0862,Lingiari,"", 
NT ,BANKA BANKA STN,0862,Lingiari,"", 
NT ,BARAMINGI,0862,Lingiari,"",BAJAMINYI
NT ,BARKLY HOMESTEAD,0862,Lingiari,"", 
NT ,BEETALOO STN,0862,Lingiari,"", 
NT ,BENMARRA STN,0862,Lingiari,"", 
NT ,BLUE BUSH,0862,Lingiari,"", 
NT ,BOOTU CREEK MINE,0862,Lingiari,"", 
NT ,BOUNDARY BORE,0862,Lingiari,"",ATNELTYEY
NT ,BRUNCHILLY STN,0862,Lingiari,"", 
NT ,BRUNETTE DOWNS STN,0862,Lingiari,"", 
NT ,BURRUMBURRU,0862,Lingiari,"", 
NT ,CALVERT HILLS STN,0862,Lingiari,"", 
NT ,CONNELLS LAGOON,0862,Lingiari,"", 
NT ,CRESSWELL DOWNS STN,0862,Lingiari,"", 
NT ,CROW DOWNS,0862,Lingiari,"",HINGSTONS PLACE
NT ,DALMORE DOWNS STN,0862,Lingiari,"", 
NT ,DRY CREEK,0862,Lingiari,"",BURRUMBURRU
NT ,EAST RANKEN STN,0862,Lingiari,"", 
NT ,ELLIOTT,0862,Lingiari,"", 
NT ,ELLIOTT NORTH CAMP,0862,Lingiari,"", 
NT ,ELLIOTT SOUTH CAMP,0862,Lingiari,"", 
NT ,EPENARRA,0862,Lingiari,"",WUTUNUGURRA
NT ,EPENARRA STN,0862,Lingiari,"", 
NT ,EVA DOWNS STN,0862,Lingiari,"", 
NT ,FISH RIVER,0862,Lingiari,"",BAJAMINYI
NT ,GALLIPOLI STN,0862,Lingiari,"", 
NT ,GECKO MINE,0862,Lingiari,"", 
NT ,GEORGINA DOWNS STN,0862,Lingiari,"", 
NT ,GUMULUJI,0862,Lingiari,"", 
NT ,GURUNGU,0862,Lingiari,"",ELLIOTT NORTH CAMP
NT ,HATCHES CREEK,0862,Lingiari,"", 
NT ,HINGSTONS PLACE,0862,Lingiari,"", 
NT ,JANGIRULU,0862,Lingiari,"", 
NT ,JILUNDARINA,0862,Lingiari,"", 
NT ,JINGALOO,0862,Lingiari,"", 
NT ,JUNGALINA,0862,Lingiari,"",WOLLOGORANG
NT ,KALINJARRI,0862,Lingiari,"", 
NT ,KALPITAPTA,0862,Lingiari,"", 
NT ,KALUMPURLPA,0862,Lingiari,"", 
NT ,KARLINJARINGI,0862,Lingiari,"",KALINJARRI
NT ,KIANA,0862,Lingiari,"", 
NT ,KUMUNU,0862,Lingiari,"", 
NT ,KURINELLI,0862,Lingiari,"", 
NT ,KURNTAPURRA,0862,Lingiari,"", 
NT ,KURRAJONG BORE,0862,Lingiari,"",INKWELAYE
NT ,KURUNDI STN,0862,Lingiari,"", 
NT ,LIJA MUKUMPARLA,0862,Lingiari,"", 
NT ,LIKKAPARTA,0862,Lingiari,"", 
NT ,MALLAPUNYAH SPRINGS STN,0862,Lingiari,"", 
NT ,MARLINJA,0862,Lingiari,"", 
NT ,MITTIEBAH STN,0862,Lingiari,"", 
NT ,MT DRUMMOND STN,0862,Lingiari,"", 
NT ,MUCKATY,0862,Lingiari,"", 
NT ,MUNGABROOM STN,0862,Lingiari,"", 
NT ,MUNGALAWURRU,0862,Lingiari,"", 
NT ,MURPHYS PLACE,0862,Lingiari,"",NGUYARRAMINI
NT ,MURRANJI STN,0862,Lingiari,"", 
NT ,MURTULKI,0862,Lingiari,"", 
NT ,MURUNMURULA,0862,Lingiari,"", 
NT ,NAMERINNI,0862,Lingiari,"", 
NT ,NEWCASTLE WATERS,0862,Lingiari,"", 
NT ,NEWCASTLE WATERS STN,0862,Lingiari,"", 
NT ,NGURAMINYI,0862,Lingiari,"",NGUYARRAMINI
NT ,NGURRAYAMINI,0862,Lingiari,"",NGUYARRAMINI
NT ,NGUYARRAMINI,0862,Lingiari,"", 
NT ,NOBLES NOB MINE,0862,Lingiari,"", 
NT ,NUDGUBURRA,0862,Lingiari,"", 
NT ,O T DOWNS STN,0862,Lingiari,"", 
NT ,PAKULKI,0862,Lingiari,"", 
NT ,PANJIRRIJI,0862,Lingiari,"", 
NT ,PAWARINJI,0862,Lingiari,"", 
NT ,PEKO MINE,0862,Lingiari,"", 
NT ,PHILLIP CREEK STN,0862,Lingiari,"", 
NT ,PINGALA,0862,Lingiari,"", 
NT ,PINGALA STN,0862,Lingiari,"",PINGALA
NT ,POWELL CREEK STN,0862,Lingiari,"", 
NT ,PUAWUA,0862,Lingiari,"", 
NT ,PUNGALINA WILDLIFE SANT,0862,Lingiari,"", 
NT ,PUNJARRIJI,0862,Lingiari,"", 
NT ,PURRUKUWURRU,0862,Lingiari,"", 
NT ,RED BANK COPPER MINE,0862,Lingiari,"", 
NT ,RENNER SPRINGS,0862,Lingiari,"", 
NT ,ROCKHAMPTON DOWNS STN,0862,Lingiari,"", 
NT ,SEIGAL CREEK,0862,Lingiari,"",JILUNDARINA
NT ,SOUDAN STN,0862,Lingiari,"", 
NT ,SPEAR CREEK,0862,Lingiari,"", 
NT ,TANDYIDGEE STN,0862,Lingiari,"", 
NT ,TENNANT CREEK STN,0862,Lingiari,"", 
NT ,THREEWAYS,0862,Lingiari,"", 
NT ,UCHARONIDGE STN,0862,Lingiari,"", 
NT ,WALHALLOW STN,0862,Lingiari,"", 
NT ,WALLIS CREEK,0862,Lingiari,"",GUMULUJI
NT ,WANGALINJI,0862,Lingiari,"", 
NT ,WARREGO,0862,Lingiari,"", 
NT ,WAUCHOPE,0862,Lingiari,"", 
NT ,WEST RANKEN STN,0862,Lingiari,"", 
NT ,WILYUKU,0862,Lingiari,"",ELLIOTT SOUTH CAMP
NT ,WOGYALA,0862,Lingiari,"", 
NT ,WOLLOGORANG STN,0862,Lingiari,"", 
NT ,WUNARA,0862,Lingiari,"", 
NT ,WYCLIFFE WELL,0862,Lingiari,"", 
NT ,ABBOTS CAMP,0870,Lingiari,"",MPWETYERRE
NT ,AKNGWERTNARRE,0870,Lingiari,"", 
NT ,ALICE SPRINGS,0870,Lingiari,"", 
NT ,ANTHEPE,0870,Lingiari,"", 
NT ,APER-ALWERRKNGE,0870,Lingiari,"", 
NT ,ARALUEN,0870,Lingiari,"", 
NT ,ARMITJIRA CAMP,0870,Lingiari,"",HOPPYS CAMP
NT ,BASSO'S FARM,0870,Lingiari,"",ITWIYETHWENGE
NT ,BRAITLING,0870,Lingiari,"", 
NT ,CICCONE,0870,Lingiari,"", 
NT ,CONNELLAN,0870,Lingiari,"", 
NT ,DESERT SPRINGS,0870,Lingiari,"", 
NT ,DONS BORE,0870,Lingiari,"", 
NT ,EAST SIDE,0870,Lingiari,"", 
NT ,EWYENPER ATWATYE,0870,Lingiari,"", 
NT ,FLYNN,0870,Lingiari,"", 
NT ,GILLEN,0870,Lingiari,"", 
NT ,GOLDERS CAMP,0870,Lingiari,"",ILPEYE-ILPEYE
NT ,HIDDEN VALLEY,0870,Lingiari,"",EWYENPER ATWATYE
NT ,HOPPYS CAMP,0870,Lingiari,"", 
NT ,ILEPARRATYE,0870,Lingiari,"", 
NT ,ILPARPA,0870,Lingiari,"", 
NT ,ILPEA ILPEA,0870,Lingiari,"",EWYENPER ATWATYE
NT ,ILPERLE-TYATHE,0870,Lingiari,"", 
NT ,ILPEYE-ILPEYE,0870,Lingiari,"", 
NT ,ILYIPERENYE,0870,Lingiari,"", 
NT ,INARLENGE,0870,Lingiari,"", 
NT ,INBINA ATWATYE,0870,Lingiari,"", 
NT ,IRKLANCHA ATWACHA,0870,Lingiari,"", 
NT ,ITWIYETHWENGE,0870,Lingiari,"", 
NT ,KARNTE,0870,Lingiari,"", 
NT ,LARAPINTA VALLEY,0870,Lingiari,"", 
NT ,LHENPA-ARTNE,0870,Lingiari,"",HOPPYS CAMP
NT ,LITTLE SISTERS,0870,Lingiari,"",INARLENGE
NT ,LLBILITJATJA,0870,Lingiari,"",ILPERLE-TYATHE
NT ,MORRIS SOAK,0870,Lingiari,"",AKNGWERTNARRE
NT ,MOTOR REGISTRY,0870,Lingiari,"",ILPERLE-TYATHE
NT ,MPWETYERRE,0870,Lingiari,"", 
NT ,MT JOHNS,0870,Lingiari,"", 
NT ,MT NANCY,0870,Lingiari,"", 
NT ,MT TWELLAR,0870,Lingiari,"", 
NT ,NEW ILPARPA,0870,Lingiari,"", 
NT ,NTALKA ULPAYA,0870,Lingiari,"",HOPPYS CAMP
NT ,NYEWENTE,0870,Lingiari,"", 
NT ,OLD TIMERS CAMP,0870,Lingiari,"",ILYIPERENYE
NT ,OOTHNARANGATCHA,0870,Lingiari,"",NYEWENTE
NT ,PALMERS CAMP,0870,Lingiari,"",APER-ALWERRKNGE
NT ,PAYEPERRENTYE B,0870,Lingiari,"", 
NT ,PWERTENTYE,0870,Lingiari,"", 
NT ,ROCKET BORE,0870,Lingiari,"",WANARKULA
NT ,SADADEEN,0870,Lingiari,"", 
NT ,STUART,0870,Lingiari,"", 
NT ,THE GAP,0870,Lingiari,"", 
NT ,ULUPERTE,0870,Lingiari,"", 
NT ,UMINYULUK,0870,Lingiari,"", 
NT ,UNDOOLYA STN,0870,Lingiari,"", 
NT ,WALPIRI,0870,Lingiari,"",ILPERLE-TYATHE
NT ,WANARKULA,0870,Lingiari,"", 
NT ,WHITE GUMS,0870,Lingiari,"", 
NT ,YARINTJA ASSOC,0870,Lingiari,"",LARAPINTA VALLEY
NT ,YARRENTY ALTERE,0870,Lingiari,"",LARAPINTA VALLEY
NT ,10 MILE,0872,Lingiari,"", 
NT ,10 MILE OUTSTATION,0872,Lingiari,"", 
NT ,5 MILE BORE,0872,Lingiari,"", 
NT ,ADELAIDE BORE,0872,Lingiari,"", 
NT ,AILERON,0872,Lingiari,"", 
NT ,AILERON STN,0872,Lingiari,"", 
NT ,AKANTA,0872,Lingiari,"", 
NT ,AKARNENEHE WELL,0872,Lingiari,"", 
NT ,ALATYEYE,0872,Lingiari,"", 
NT ,ALCOOTA STN,0872,Lingiari,"", 
NT ,ALEKERUNGE,0872,Lingiari,"",ALI CURUNG
NT ,ALI CURUNG,0872,Lingiari,"", 
NT ,ALICE WELL,0872,Lingiari,"", 
NT ,ALKIPI,0872,Lingiari,"", 
NT ,ALKNGARRIINTJA,0872,Lingiari,"", 
NT ,ALKUPTIJA,0872,Lingiari,"", 
NT ,ALKURALKWA,0872,Lingiari,"",LITTLE WELL
NT ,ALLAMBI STN,0872,Lingiari,"", 
NT ,ALPARA,0872,Lingiari,"", 
NT ,ALPURRURULAM,0872,Lingiari,"", 
NT ,ALUM,0872,Lingiari,"",ALYUEN
NT ,ALURALKA,0872,Lingiari,"", 
NT ,ALYUEN,0872,Lingiari,"", 
SA ,AMATA,0872,Grey,"", 
NT ,AMBALINDUM STN,0872,Lingiari,"", 
NT ,AMBURLA STN,0872,Lingiari,"", 
NT ,AMENGERNTERNEAH,0872,Lingiari,"", 
NT ,AMMAROO STN,0872,Lingiari,"", 
NT ,AMOONGUNA,0872,Lingiari,"", 
NT ,AMPILATWATJA,0872,Lingiari,"", 
NT ,AMPUTJUTA,0872,Lingiari,"", 
NT ,AMUNDURNGUA,0872,Lingiari,"", 
NT ,AMUNDURRNGU SPRING,0872,Lingiari,"", 
SA ,ANAPALA,0872,Grey,"",ERNABELLA
NT ,ANDADO STN,0872,Lingiari,"", 
NT ,ANGAS DOWNS,0872,Lingiari,"", 
NT ,ANGATYEPE,0872,Lingiari,"", 
NT ,ANGAWANGERE,0872,Lingiari,"",INKAWENYERRE
NT ,ANGKARRIPA,0872,Lingiari,"",ANKERRAPW
NT ,ANGKERLE ARRENGE A,0872,Lingiari,"", 
NT ,ANGKERLE ARRENGE B,0872,Lingiari,"", 
NT ,ANGULA,0872,Lingiari,"", 
NT ,ANKERRAPW,0872,Lingiari,"", 
NT ,ANKWELEYELENGKWE,0872,Lingiari,"", 
NT ,ANMATJERE,0872,Lingiari,"", 
NT ,ANNERRE,0872,Lingiari,"", 
NT ,ANNINGIE,0872,Lingiari,"", 
NT ,ANNITOWA STN,0872,Lingiari,"", 
NT ,ANTARRINGINYA,0872,Lingiari,"",INDARINGINYA
NT ,ANTERE,0872,Lingiari,"", 
NT ,ANTHELK-EWLPAYE,0872,Lingiari,"", 
NT ,ANYUMGYUMBA,0872,Lingiari,"", 
NT ,APATULA,0872,Lingiari,"",FINKE
NT ,ARAPUNYA STN,0872,Lingiari,"", 
NT ,ARAWERR,0872,Lingiari,"", 
NT ,AREYONGA,0872,Lingiari,"", 
NT ,ARGADARGADA STN,0872,Lingiari,"", 
NT ,ARID GOLD FARM,0872,Lingiari,"", 
NT ,ARKARNANA,0872,Lingiari,"",ORRTIPA-THURRA
NT ,ARLPARRA,0872,Lingiari,"", 
NT ,ARLTUNGA,0872,Lingiari,"", 
NT ,ARMSTRONGS,0872,Lingiari,"", 
NT ,ARNERRE,0872,Lingiari,"", 
NT ,ARRAWARRA,0872,Lingiari,"",ARAWERR
NT ,ARRILLHJERE,0872,Lingiari,"", 
NT ,ARRKAPA,0872,Lingiari,"", 
NT ,ARRUNGE,0872,Lingiari,"", 
NT ,ARTEKERR,0872,Lingiari,"", 
NT ,ARTEKERRE,0872,Lingiari,"", 
NT ,ATARTINGA STN,0872,Lingiari,"",WOODGREEN STN
NT ,ATHELEY,0872,Lingiari,"", 
NT ,ATHENGE LHERE,0872,Lingiari,"", 
NT ,ATITJERE,0872,Lingiari,"", 
NT ,ATJI CREEK,0872,Lingiari,"", 
NT ,ATNARARA,0872,Lingiari,"", 
NT ,ATNWENGERRPE,0872,Lingiari,"", 
NT ,ATULA STN,0872,Lingiari,"", 
NT ,AYERS ROCK,0872,Lingiari,"",YULARA
NT ,BARROW CREEK,0872,Lingiari,"", 
NT ,BEER ST BORE,0872,Lingiari,"", 
NT ,BLACKTANK BORE,0872,Lingiari,"", 
NT ,BLACKWATER,0872,Lingiari,"", 
NT ,BLOODWOOD BORE,0872,Lingiari,"", 
NT ,BOND SPRINGS STN,0872,Lingiari,"", 
NT ,BONYA BAIKAL,0872,Lingiari,"",ORRTIPA-THURRA
NT ,BOOMERANG BORE,0872,Lingiari,"",HENBURY STN
NT ,BP CAMP,0872,Lingiari,"",MPWETYERRE
NT ,BROWNS BORE,0872,Lingiari,"",KUNGKAYUNTI
NT ,BURRAMURRA STN,0872,Lingiari,"", 
NT ,BURT CREEK,0872,Lingiari,"", 
NT ,BURT PLAIN,0872,Lingiari,"", 
NT ,BUSHY PARK STN,0872,Lingiari,"", 
NT ,CAMEL CAMP,0872,Lingiari,"", 
NT ,CAMEL'S HUMP,0872,Lingiari,"", 
NT ,CANTEEN CREEK,0872,Lingiari,"", 
NT ,CENTRAL MT WEDGE STN,0872,Lingiari,"", 
NT ,CHARLES CREEK,0872,Lingiari,"",ANTHELK-EWLPAYE
NT ,CHARLOTTE WATERS,0872,Lingiari,"", 
NT ,CHILLA WELL,0872,Lingiari,"", 
NT ,CONISTON STN,0872,Lingiari,"", 
NT ,CORKWOOD BORE,0872,Lingiari,"", 
NT ,CURTIN SPRINGS STN,0872,Lingiari,"", 
NT ,DEEP WELL STN,0872,Lingiari,"", 
NT ,DELMORE DOWNS STN,0872,Lingiari,"", 
NT ,DELNY STN,0872,Lingiari,"", 
NT ,DERRY DOWNS STN,0872,Lingiari,"", 
NT ,DERWENT STN,0872,Lingiari,"", 
NT ,DESERT BORE,0872,Lingiari,"",PULARDI
NT ,DNEIPER STN,0872,Lingiari,"", 
NT ,DOCKER RIVER,0872,Lingiari,"",KALTUKATJARA
SA ,EAGLE BORE,0872,Grey,"", 
NT ,EAGLE VALLEY,0872,Lingiari,"", 
NT ,EIGHT MILE,0872,Lingiari,"", 
NT ,ELITJIA,0872,Lingiari,"", 
NT ,ELKEDRA STN,0872,Lingiari,"", 
NT ,ENGAWALA,0872,Lingiari,"", 
NT ,ERLDUNDA,0872,Lingiari,"", 
NT ,ERLDUNDA STN,0872,Lingiari,"", 
SA ,ERNABELLA,0872,Grey,"", 
SA ,EVERARD PARK HOMESTEAD,0872,Grey,"",MIMILI
NT ,FERDIES BORE,0872,Lingiari,"",ARRUNGE
NT ,FINKE,0872,Lingiari,"", 
NT ,FINKE GORGE NATIONAL PARK,0872,Lingiari,"", 
NT ,FIVE MILE,0872,Lingiari,"", 
NT ,FOXALLS WELL,0872,Lingiari,"", 
SA ,FREGON,0872,Grey,"", 
NT ,GARDEN BORE,0872,Lingiari,"",ARRUNGE
NT ,GEM TREE,0872,Lingiari,"", 
WA ,GIBSON DESERT NORTH,0872,Durack,"", 
WA ,GIBSON DESERT SOUTH,0872,O'Connor,"", 
NT ,GILBERT SPRINGS,0872,Lingiari,"", 
NT ,GILLAN BORE,0872,Lingiari,"",ALKUPTIJA
NT ,GLEN HELEN STN,0872,Lingiari,"", 
NT ,GREENWOOD,0872,Lingiari,"",JUNKAJI
NT ,HAASTS BLUFF,0872,Lingiari,"", 
NT ,HALE,0872,Lingiari,"", 
NT ,HALE RIVER HOMESTEAD,0872,Lingiari,"", 
NT ,HALFWAY CAMP,0872,Lingiari,"", 
NT ,HAMILTON DOWNS STN,0872,Lingiari,"", 
NT ,HARRY CREEK,0872,Lingiari,"",ARTEKERRE
NT ,HARTS RANGE,0872,Lingiari,"", 
NT ,HENBURY STN,0872,Lingiari,"", 
NT ,HERMANNSBURG,0872,Lingiari,"", 
NT ,HORSESHOE BEND STN,0872,Lingiari,"", 
NT ,HUCKITTA STN,0872,Lingiari,"", 
NT ,HUGH,0872,Lingiari,"", 
NT ,IDRACOWRA STN,0872,Lingiari,"", 
NT ,IKUNTJI,0872,Lingiari,"",HAASTS BLUFF
NT ,ILILLY,0872,Lingiari,"", 
NT ,ILKARRALALAMA,0872,Lingiari,"", 
NT ,ILLAMURTA,0872,Lingiari,"", 
NT ,ILLAPAREYE,0872,Lingiari,"", 
NT ,ILLEUWURRU,0872,Lingiari,"", 
NT ,ILPERLE,0872,Lingiari,"", 
NT ,ILPILI,0872,Lingiari,"", 
NT ,ILPURLA,0872,Lingiari,"", 
NT ,IMANGARA,0872,Lingiari,"", 
NT ,IMANPA,0872,Lingiari,"", 
NT ,IMPORTNA,0872,Lingiari,"", 
NT ,INDARINGINYA,0872,Lingiari,"", 
NT ,INDIANA STN,0872,Lingiari,"", 
SA ,INDULKANA,0872,Grey,"", 
NT ,ININTI,0872,Lingiari,"", 
NT ,INJIRRAMURRI,0872,Lingiari,"", 
NT ,INJULKAMA,0872,Lingiari,"", 
NT ,INKAWENYERRE,0872,Lingiari,"", 
NT ,INKWELAYE,0872,Lingiari,"", 
NT ,INTJARTNAMA,0872,Lingiari,"", 
SA ,INYARINYA,0872,Grey,"",YUNYARINYI
NT ,INYILINGI,0872,Lingiari,"", 
NT ,IPALALA,0872,Lingiari,"", 
NT ,IPOLERA,0872,Lingiari,"", 
NT ,IRRERLIRRE,0872,Lingiari,"", 
NT ,IRRILTYERE A,0872,Lingiari,"", 
NT ,IRRILTYERE B,0872,Lingiari,"", 
NT ,IRRMARNE,0872,Lingiari,"", 
NT ,IRRULTJA,0872,Lingiari,"", 
NT ,ITCHY KOO PARK,0872,Lingiari,"", 
NT ,ITEYEPINTYE,0872,Lingiari,"", 
NT ,ITPERLYENGE,0872,Lingiari,"", 
SA ,IWANTJA,0872,Grey,"",INDULKANA
NT ,IWUPATAKA,0872,Lingiari,"", 
NT ,IYLENTYE,0872,Lingiari,"", 
NT ,JARRA JARRA,0872,Lingiari,"", 
NT ,JAY CREEK,0872,Lingiari,"",IWUPATAKA
NT ,JDSRF PINE GAP,0872,Lingiari,"", 
NT ,JEMELKE,0872,Lingiari,"", 
NT ,JERVOIS STN,0872,Lingiari,"", 
NT ,JINDALEE FACILITY,0872,Lingiari,"", 
NT ,JINKA STN,0872,Lingiari,"", 
NT ,JOHN HOLLAND BORE,0872,Lingiari,"",PWERTE MARNTE MARNTE
NT ,JUNGARRAYI WARRNU,0872,Lingiari,"", 
NT ,JUNKAJI,0872,Lingiari,"", 
SA ,KALJTI,0872,Grey,"",FREGON
SA ,KALKA,0872,Grey,"", 
SA ,KALTJITI,0872,Grey,"",FREGON
NT ,KALTUKATJARA,0872,Lingiari,"", 
SA ,KANPI,0872,Grey,"", 
SA ,KANYPI HOMELAND,0872,Grey,"",KANPI
NT ,KAPORILYA,0872,Lingiari,"", 
NT ,KARRINYARRA,0872,Lingiari,"", 
NT ,KATJUTARI,0872,Lingiari,"", 
SA ,KENMORE PARK,0872,Grey,"",YUNYARINYI
NT ,KINGS CANYON NATIONAL PK,0872,Lingiari,"",WATARRKA NATIONAL PARK
NT ,KINGS CREEK STN,0872,Lingiari,"", 
NT ,KINTORE,0872,Lingiari,"", 
NT ,KULANG,0872,Lingiari,"", 
NT ,KULGERA,0872,Lingiari,"", 
NT ,KULPITHARRA,0872,Lingiari,"", 
NT ,KUNAPULA,0872,Lingiari,"", 
NT ,KUNAYUNGKU,0872,Lingiari,"", 
NT ,KUNGKAYUNTI,0872,Lingiari,"", 
NT ,KURIPPI,0872,Lingiari,"", 
NT ,KURKUTJARA,0872,Lingiari,"", 
NT ,KWALA,0872,Lingiari,"", 
NT ,KWALE KWALE,0872,Lingiari,"", 
NT ,LABRAPUNTJA,0872,Lingiari,"", 
NT ,LAKE NASH,0872,Lingiari,"",ALPURRURULAM
NT ,LAKE NASH STN,0872,Lingiari,"", 
NT ,LARAMBA,0872,Lingiari,"", 
NT ,LILLA,0872,Lingiari,"", 
NT ,LILLA CREEK STN,0872,Lingiari,"", 
NT ,LILTJERA,0872,Lingiari,"", 
NT ,LISSARD BORE,0872,Lingiari,"",LIZARD BORE
NT ,LITTLE WELL,0872,Lingiari,"", 
NT ,LIZARD BORE,0872,Lingiari,"", 
NT ,LOVES CREEK STN,0872,Lingiari,"", 
NT ,LT JINTA PORTA,0872,Lingiari,"",SANTA TERESA
NT ,LTIRA,0872,Lingiari,"", 
NT ,LUCY CREEK STN,0872,Lingiari,"", 
NT ,LUNTHARRA,0872,Lingiari,"", 
NT ,LYILYALANAMA,0872,Lingiari,"", 
NT ,LYNDAVALE STN,0872,Lingiari,"", 
NT ,MACDONALD DOWNS STN,0872,Lingiari,"", 
NT ,MALA,0872,Lingiari,"", 
NT ,MANNERS CREEK STN,0872,Lingiari,"", 
NT ,MANTAPAYIKA,0872,Lingiari,"", 
NT ,MAPERTE,0872,Lingiari,"", 
NT ,MARQUA STN,0872,Lingiari,"", 
NT ,MARYVALE STN,0872,Lingiari,"", 
NT ,MBALKANAKA,0872,Lingiari,"", 
NT ,MBUNGHARA,0872,Lingiari,"", 
NT ,MCCORMACKS CAMP,0872,Lingiari,"",WERRE-THERRE
NT ,MCGRATH CREEK,0872,Lingiari,"", 
NT ,MCGRATH FLAT,0872,Lingiari,"", 
NT ,MCLAREN CREEK STN,0872,Lingiari,"",MUNGKARTA
NT ,MERRAL NTARRAKALA,0872,Lingiari,"", 
SA ,MIMILI,0872,Grey,"", 
NT ,MOSQUITO BORE,0872,Lingiari,"",IYLENTYE
NT ,MOTNAS,0872,Lingiari,"", 
SA ,MOUNT DAVIES CAMP,0872,Grey,"",PIPALYATJARA
NT ,MOUNT LIEBIG,0872,Lingiari,"",MT LIEBIG
NT ,MPWELARRE,0872,Lingiari,"",WALKABOUT BORE
NT ,MT ALLAN STN,0872,Lingiari,"",YUELAMU
NT ,MT BARKLY STN,0872,Lingiari,"", 
NT ,MT CAVENAGH STN,0872,Lingiari,"", 
NT ,MT DENISON STN,0872,Lingiari,"", 
NT ,MT DOREEN STN,0872,Lingiari,"", 
NT ,MT EAGLEBEAK,0872,Lingiari,"", 
NT ,MT EBENEZER STN,0872,Lingiari,"", 
NT ,MT LIEBIG,0872,Lingiari,"", 
NT ,MT PEACHY,0872,Lingiari,"", 
NT ,MT RIDDOCK STN,0872,Lingiari,"", 
NT ,MT SKINNER STN,0872,Lingiari,"", 
NT ,MT SWAN,0872,Lingiari,"",IRRERLIRRE
NT ,MT SWAN STN,0872,Lingiari,"", 
NT ,MT UNDOOLYA,0872,Lingiari,"",UNDOOLYA BORE
NT ,MT ZEIL,0872,Lingiari,"", 
NT ,MUD TANK MINE,0872,Lingiari,"", 
NT ,MULGA BORE,0872,Lingiari,"", 
NT ,MULGA PARK STN,0872,Lingiari,"", 
NT ,MUNGKARTA,0872,Lingiari,"", 
SA ,MURPUTJA,0872,Grey,"", 
NT ,MURRAY DOWNS STN,0872,Lingiari,"", 
SA ,MUSGRAVE PK NATIVE SET,0872,Grey,"",AMATA
NT ,MUTITJULU,0872,Lingiari,"", 
NT ,MUYIN,0872,Lingiari,"", 
NT ,NAMATJIRA'S CAMP,0872,Lingiari,"",IMPORTNA
NT ,NAPPERBY STN,0872,Lingiari,"", 
NT ,NARWIETOOMA STN,0872,Lingiari,"", 
NT ,NATJITNAMA,0872,Lingiari,"", 
NT ,NEUTRAL JUNCTION STN,0872,Lingiari,"", 
NT ,NEW BORE,0872,Lingiari,"", 
NT ,NEW CROWN STN,0872,Lingiari,"", 
NT ,NEWHAVEN RESERVE,0872,Lingiari,"", 
WA ,NGAANYATJARRA-GILES,0872,O'Connor,"", 
NT ,NGANKIRITJA,0872,Lingiari,"", 
SA ,NGARUTJARA,0872,Grey,"", 
NT ,NGKULAYA,0872,Lingiari,"",INKWELAYE
NT ,NGKWARLALANIMA,0872,Lingiari,"", 
NT ,NGUMAN,0872,Lingiari,"", 
NT ,NGUTJUL,0872,Lingiari,"", 
NT ,NTAKARRA,0872,Lingiari,"", 
NT ,NTARIA,0872,Lingiari,"",HERMANNSBURG
NT ,NTURIYA,0872,Lingiari,"", 
NT ,NUMERY STN,0872,Lingiari,"", 
SA ,NYAPARI,0872,Grey,"", 
NT ,NYIRRIPI,0872,Lingiari,"", 
NT ,OAK VALLEY,0872,Lingiari,"", 
NT ,OLD ANDADO STN,0872,Lingiari,"", 
NT ,OLD MCDONALD DOWNS STN,0872,Lingiari,"", 
NT ,OLD STATION,0872,Lingiari,"", 
NT ,OONDALOO,0872,Lingiari,"", 
NT ,OORAMINNA STN HMSTD,0872,Lingiari,"", 
NT ,OORATIPPRA STN,0872,Lingiari,"", 
NT ,ORANGE CREEK STN,0872,Lingiari,"", 
NT ,ORMISTON GORGE,0872,Lingiari,"",WEST MACDONNELL NAT PK
NT ,ORRTIPA-THURRA,0872,Lingiari,"", 
NT ,OWEN SPRINGS STN,0872,Lingiari,"", 
NT ,PALM PADDOCK,0872,Lingiari,"", 
NT ,PALMER VALLEY STN,0872,Lingiari,"", 
NT ,PALPANG,0872,Lingiari,"",10 MILE
NT ,PANEL WELL,0872,Lingiari,"",PANTHARRPILENHE
NT ,PANTHARRPILENHE,0872,Lingiari,"", 
NT ,PANTYINTEME,0872,Lingiari,"", 
NT ,PAPUNYA,0872,Lingiari,"", 
NT ,PATSYS CAMP,0872,Lingiari,"", 
NT ,PENYEME,0872,Lingiari,"", 
NT ,PERETY,0872,Lingiari,"",WELERE
NT ,PERTARRATENGE,0872,Lingiari,"", 
NT ,PERTE THERRE,0872,Lingiari,"", 
NT ,PHILLIPSON BORE,0872,Lingiari,"", 
NT ,PINE GAP,0872,Lingiari,"",JDSRF PINE GAP
NT ,PINE HILL,0872,Lingiari,"", 
NT ,PINPIRNGA,0872,Lingiari,"", 
SA ,PIPALYATJARA,0872,Grey,"", 
NT ,PMARA JUTUNTA,0872,Lingiari,"", 
SA ,PUKATJA,0872,Grey,"",ERNABELLA
NT ,PULARDI,0872,Lingiari,"", 
NT ,PUNGALINDUM,0872,Lingiari,"", 
NT ,PUNRITJANTA,0872,Lingiari,"", 
NT ,PUTA PUTA,0872,Lingiari,"", 
NT ,PUTULU,0872,Lingiari,"", 
NT ,PUYURRU,0872,Lingiari,"", 
NT ,PWERTE MARNTE MARNTE,0872,Lingiari,"", 
NT ,RABBIT FLAT,0872,Lingiari,"", 
NT ,RARANGANTJUTA,0872,Lingiari,"", 
NT ,RED SANDHILL,0872,Lingiari,"", 
NT ,RINGWOOD STN,0872,Lingiari,"", 
NT ,ROCKET RANGE,0872,Lingiari,"", 
NT ,RODNA,0872,Lingiari,"", 
NT ,ROSS RIVER HOMESTEAD,0872,Lingiari,"", 
NT ,ROSS RIVER RESORT,0872,Lingiari,"", 
NT ,RUTJINKA,0872,Lingiari,"", 
NT ,SANDOVER FARM,0872,Lingiari,"", 
NT ,SANDY BORE,0872,Lingiari,"",TURNERS CAMP
NT ,SANTA TERESA,0872,Lingiari,"", 
NT ,SIMPSONS GAP NATIONAL PK,0872,Lingiari,"",WEST MACDONNELL NAT PK
NT ,SINGLETON STN,0872,Lingiari,"", 
NT ,SIX MILE,0872,Lingiari,"",PMARA JUTUNTA
NT ,SIXTEEN MILE BORE,0872,Lingiari,"",SIXTEEN MILE CREEK
NT ,SIXTEEN MILE CAMP,0872,Lingiari,"", 
NT ,SIXTEEN MILE CREEK,0872,Lingiari,"", 
NT ,SNAKE WELL,0872,Lingiari,"", 
NT ,SOAKAGE BORE,0872,Lingiari,"",ATNARARA
NT ,SOAPY BORE,0872,Lingiari,"",ARAWERR
NT ,SPOTTED TIGER,0872,Lingiari,"",UNPAYEKENHE
NT ,STIRLING STN,0872,Lingiari,"", 
NT ,SUGAR CREEK,0872,Lingiari,"", 
NT ,SUPPLEJACK DOWNS STN,0872,Lingiari,"", 
NT ,TANAMI,0872,Lingiari,"", 
NT ,TANAMI DOWNS STN,0872,Lingiari,"", 
NT ,TARA,0872,Lingiari,"", 
NT ,TARAWARA,0872,Lingiari,"", 
NT ,TARLTON DOWNS STN,0872,Lingiari,"", 
NT ,TEMPE DOWNS STN,0872,Lingiari,"", 
NT ,TEMPLE BAR STN,0872,Lingiari,"", 
NT ,TEN MILE OUTSTATION,0872,Lingiari,"",10 MILE OUTSTATION
NT ,THE GARDEN STN,0872,Lingiari,"", 
NT ,THE GRANITES,0872,Lingiari,"", 
NT ,THREE BORES,0872,Lingiari,"",ARTEKERR
NT ,TI TREE,0872,Lingiari,"", 
NT ,TI TREE STN,0872,Lingiari,"", 
SA ,TIEYON,0872,Grey,"", 
NT ,TINKI,0872,Lingiari,"", 
NT ,TITJIKALA,0872,Lingiari,"", 
NT ,TJAMANGKURRA,0872,Lingiari,"", 
NT ,TJAUWATA,0872,Lingiari,"", 
NT ,TJINTIRTJINTIRPA,0872,Lingiari,"", 
NT ,TJULPUNGU,0872,Lingiari,"", 
NT ,TJUNTI,0872,Lingiari,"", 
NT ,TJUNTINANTA,0872,Lingiari,"", 
SA ,TJUTJUNPIRI,0872,Grey,"", 
NT ,TJUWANPA,0872,Lingiari,"", 
NT ,TNAWURTA,0872,Lingiari,"", 
NT ,TNERTE,0872,Lingiari,"", 
NT ,TNYIMIPURTA,0872,Lingiari,"", 
NT ,TOBERMOREY STN,0872,Lingiari,"", 
NT ,TODD RIVER DOWNS,0872,Lingiari,"", 
NT ,TODD RIVER STN,0872,Lingiari,"", 
NT ,TOMMYHAWKE SWAMP,0872,Lingiari,"", 
NT ,TOWN BORE,0872,Lingiari,"", 
NT ,TREPHINA GORGE NATURE PK,0872,Lingiari,"", 
NT ,TRUCKING YARDS,0872,Lingiari,"",NYEWENTE
SA ,TURKEY BORE,0872,Grey,"", 
NT ,TURNERS CAMP,0872,Lingiari,"", 
NT ,TWETYE A,0872,Lingiari,"", 
NT ,TWETYE B,0872,Lingiari,"", 
NT ,TWIN HILLS,0872,Lingiari,"",THE GRANITES
NT ,TWIN HILLS CAMP,0872,Lingiari,"",YUENDUMU
NT ,TYWENPE A,0872,Lingiari,"", 
NT ,TYWENPE C,0872,Lingiari,"", 
NT ,TYWENPE D,0872,Lingiari,"", 
NT ,UKAKA,0872,Lingiari,"", 
NT ,UKATJUPU,0872,Lingiari,"", 
NT ,ULAMBARA,0872,Lingiari,"", 
NT ,ULBULLA,0872,Lingiari,"", 
NT ,ULPANYALI,0872,Lingiari,"", 
NT ,ULPUNDA,0872,Lingiari,"", 
NT ,ULUMBARRA,0872,Lingiari,"",ULAMBARA
NT ,ULURU NATIONAL PARK,0872,Lingiari,"",ULURU-KATA TJUTA
NT ,ULURU-KATA TJUTA,0872,Lingiari,"", 
NT ,UMBEARA STN,0872,Lingiari,"", 
NT ,UMPANGARA,0872,Lingiari,"",MBUNGHARA
SA ,UMUWA,0872,Grey,"", 
NT ,UNDOOLYA BORE,0872,Lingiari,"", 
NT ,UNDURANA,0872,Lingiari,"", 
NT ,UNDURANA 1C,0872,Lingiari,"",UNDURANA
NT ,UNDURANA 2A,0872,Lingiari,"",UNDURANA
NT ,UNPAYEKENHE,0872,Lingiari,"", 
NT ,URAPUNTJA STORE,0872,Lingiari,"",ARLPARRA
NT ,URLAMPE,0872,Lingiari,"", 
NT ,URREMERNE,0872,Lingiari,"",URREMNE
NT ,URREMNE,0872,Lingiari,"", 
NT ,UTILY,0872,Lingiari,"", 
NT ,UTOPIA,0872,Lingiari,"", 
NT ,VICTORY DOWNS STN,0872,Lingiari,"", 
NT ,WAITE RIVER STN,0872,Lingiari,"", 
NT ,WAJU,0872,Lingiari,"", 
NT ,WAKURLPU,0872,Lingiari,"", 
NT ,WALANGKURA,0872,Lingiari,"",KINTORE
NT ,WALKABOUT BORE,0872,Lingiari,"", 
NT ,WALKALBA,0872,Lingiari,"", 
NT ,WALLACE ROCKHOLE,0872,Lingiari,"", 
NT ,WALU,0872,Lingiari,"", 
NT ,WALYTJATJATA,0872,Lingiari,"", 
NT ,WAMBODEN STN,0872,Lingiari,"", 
NT ,WANGKARI,0872,Lingiari,"", 
NT ,WANMARRA,0872,Lingiari,"", 
NT ,WARLPEYANGKRERE,0872,Lingiari,"", 
NT ,WARRABRI,0872,Lingiari,"",ALI CURUNG
NT ,WARREN CREEK,0872,Lingiari,"", 
NT ,WARUMPI,0872,Lingiari,"", 
NT ,WATARRKA NATIONAL PARK,0872,Lingiari,"", 
SA ,WATARRU,0872,Grey,"", 
NT ,WATARU,0872,Lingiari,"", 
SA ,WATINUMA,0872,Grey,"", 
NT ,WATIYAWANUKUULA,0872,Lingiari,"",WILLOWRA
NT ,WAYILILINYPA,0872,Lingiari,"", 
NT ,WELERE,0872,Lingiari,"", 
NT ,WELMALA,0872,Lingiari,"", 
NT ,WERRE-THERRE,0872,Lingiari,"", 
NT ,WEST MACDONNELL NAT PK,0872,Lingiari,"", 
NT ,WEST WATERHOUSE,0872,Lingiari,"", 
NT ,WHITE RANGE GOLD MINE,0872,Lingiari,"", 
NT ,WILLIAMS WELL,0872,Lingiari,"", 
NT ,WILLOWRA,0872,Lingiari,"", 
NT ,WILORA,0872,Lingiari,"", 
NT ,WINPARKU,0872,Lingiari,"", 
NT ,WOODGREEN STN,0872,Lingiari,"", 
NT ,WOODS CAMP,0872,Lingiari,"",ILLAPAREYE
NT ,WUTUNUGURRA,0872,Lingiari,"", 
NT ,YAKALA,0872,Lingiari,"", 
NT ,YAMBAH STN,0872,Lingiari,"", 
NT ,YATEMAN'S BORE,0872,Lingiari,"", 
NT ,YATJALU,0872,Lingiari,"", 
NT ,YINYIRIPALANGU,0872,Lingiari,"", 
SA ,YOUNGS WELL,0872,Grey,"", 
NT ,YUELAMU,0872,Lingiari,"", 
NT ,YUENDUMU,0872,Lingiari,"", 
NT ,YULARA,0872,Lingiari,"", 
NT ,YULARA PULKA,0872,Lingiari,"", 
NT ,YUMURRPA,0872,Lingiari,"", 
SA ,YUNYARINYI,0872,Grey,"", 
NT ,YUWALKI,0872,Lingiari,"", 
NT ,YUWERLI,0872,Lingiari,"", 
NT ,ARUMBERA,0873,Lingiari,"", 
NT ,KILGARIFF,0873,Lingiari,"", 
NT ,ROSS,0873,Lingiari,"", 
NT ,LARAPINTA,0875,Lingiari,"", 
NT ,AMANBURNUNGA,0880,Lingiari,"", 
NT ,AMIRRABA,0880,Lingiari,"", 
NT ,ANGWURA,0880,Lingiari,"", 
NT ,BALMA,0880,Lingiari,"", 
NT ,BANIYALA,0880,Lingiari,"", 
NT ,BARRARATJPI,0880,Lingiari,"", 
NT ,BARRKIRA,0880,Lingiari,"", 
NT ,BAWAKA,0880,Lingiari,"", 
NT ,BAYGURRTJI,0880,Lingiari,"", 
NT ,BIRANY BIRANY,0880,Lingiari,"", 
NT ,BIRRITJIMI,0880,Lingiari,"",WALLABY BEACH
NT ,BORUWUY,0880,Lingiari,"",WANDAWUY
NT ,BUKUDAL,0880,Lingiari,"", 
NT ,BUNHANURA,0880,Lingiari,"", 
NT ,BURRUM,0880,Lingiari,"", 
NT ,BUYMARR,0880,Lingiari,"", 
NT ,DHALINYBUY,0880,Lingiari,"", 
NT ,DHANIYA,0880,Lingiari,"", 
NT ,DHARRNI,0880,Lingiari,"", 
NT ,DHULMULMIYA,0880,Lingiari,"", 
NT ,DHUPUWAMIRRI,0880,Lingiari,"", 
NT ,DHURUPUTJPI,0880,Lingiari,"", 
NT ,DJARRAKPI,0880,Lingiari,"", 
NT ,DONYDJI,0880,Lingiari,"", 
NT ,DRIMMIE HEAD,0880,Lingiari,"", 
NT ,EAST WOODY,0880,Lingiari,"",GALARU
NT ,GALARU,0880,Lingiari,"", 
NT ,GALUPA,0880,Lingiari,"", 
NT ,GAPUWIYAK,0880,Lingiari,"", 
NT ,GARRTHALALA,0880,Lingiari,"", 
NT ,GOVE,0880,Lingiari,"",NHULUNBUY
NT ,GULKULA,0880,Lingiari,"", 
NT ,GUNYANGARA,0880,Lingiari,"", 
NT ,GURKAWUY,0880,Lingiari,"", 
NT ,GURRUMURU,0880,Lingiari,"", 
NT ,LESKE POOLS,0880,Lingiari,"",WURRUMENBUMANJA
NT ,MAYWUNDJI,0880,Lingiari,"",RURRANGALA
NT ,NHULUNBUY,0880,Lingiari,"", 
NT ,RAYMANGIRR,0880,Lingiari,"", 
NT ,RURRANGALA,0880,Lingiari,"", 
NT ,RURRANLI,0880,Lingiari,"",RURRANGALA
NT ,SCOTT POINT,0880,Lingiari,"", 
NT ,SKI BEACH,0880,Lingiari,"",GUNYANGARA
NT ,WALLABY BEACH,0880,Lingiari,"", 
NT ,WANDAWUY,0880,Lingiari,"", 
NT ,WARRANYIN,0880,Lingiari,"", 
NT ,WULWULWUY,0880,Lingiari,"",WANDAWUY
NT ,WURRUMENBUMANJA,0880,Lingiari,"", 
NT ,YALLIQUIN,0880,Lingiari,"",YALUKUN
NT ,YALUKUN,0880,Lingiari,"", 
NT ,YANGUMBI,0880,Lingiari,"",YANUNGBI
NT ,YANUNGBI,0880,Lingiari,"", 
NT ,YILPARA,0880,Lingiari,"",BANIYALA
NT ,YINIMALA,0880,Lingiari,"", 
NT ,YIRRKALA,0880,Lingiari,"", 
NT ,YUDU YUDU,0880,Lingiari,"", 
NT ,ALYANGULA,0885,Lingiari,"", 
NT ,GROOTE EYLANDT,0885,Lingiari,"",ALYANGULA
NT ,LITTLE PARADISE,0885,Lingiari,"",NGADUMIYERRKA
NT ,NGADUMIYERRKA,0885,Lingiari,"", 
NT ,BUFFALO FARM,0886,Lingiari,"", 
NT ,HAWK DREAMING,0886,Lingiari,"", 
NT ,JABIRU,0886,Lingiari,"", 
NT ,JABIRU TOWN CAMP,0886,Lingiari,"",MANABURDURMA
NT ,KUNKARRA,0886,Lingiari,"", 
NT ,MANABURDURMA,0886,Lingiari,"", 
NT ,NADILMUK,0886,Lingiari,"", 
NT ,PATONGA,0886,Lingiari,"",PATONGA AIRSTRIP
NT ,PATONGA AIRSTRIP,0886,Lingiari,"", 
NT ,PATONGA HOMESTEAD,0886,Lingiari,"", 
NSW,BARANGAROO,2000,Sydney,"", 
NSW,COCKATOO ISLAND,2000,Grayndler,"",SYDNEY
NSW,COCKATOO ISLAND,2000,Sydney,"",SYDNEY
NSW,DAWES POINT,2000,Sydney,"", 
NSW,HAYMARKET,2000,Sydney,"", 
NSW,MILLERS POINT,2000,Sydney,"", 
NSW,SYDNEY,2000,Grayndler,"", 
NSW,SYDNEY,2000,Sydney,"", 
NSW,THE ROCKS,2000,Sydney,"", 
NSW,BROADWAY,2007,Sydney,"",ULTIMO
NSW,ULTIMO,2007,Sydney,"", 
NSW,CHIPPENDALE,2008,Sydney,"", 
NSW,DARLINGTON,2008,Sydney,"", 
NSW,PYRMONT,2009,Sydney,"", 
NSW,DARLINGHURST,2010,Sydney,"", 
NSW,DARLINGHURST,2010,Wentworth,"", 
NSW,EAST SYDNEY,2010,Sydney,"",DARLINGHURST
NSW,EAST SYDNEY,2010,Wentworth,"",DARLINGHURST
NSW,SURRY HILLS,2010,Sydney,"", 
NSW,TAYLOR SQUARE,2010,Sydney,"",DARLINGHURST
NSW,TAYLOR SQUARE,2010,Wentworth,"",DARLINGHURST
NSW,ELIZABETH BAY,2011,Sydney,"", 
NSW,ELIZABETH BAY,2011,Wentworth,"", 
NSW,KINGS CROSS,2011,Wentworth,"",POTTS POINT
NSW,KINGS CROSS,2011,Sydney,"",WOOLLOOMOOLOO
NSW,POTTS POINT,2011,Sydney,"", 
NSW,POTTS POINT,2011,Wentworth,"", 
NSW,RUSHCUTTERS BAY,2011,Wentworth,"", 
NSW,WOOLLOOMOOLOO,2011,Sydney,"", 
NSW,ALEXANDRIA,2015,Sydney,"", 
NSW,BEACONSFIELD,2015,Sydney,"", 
NSW,EVELEIGH,2015,Sydney,"", 
NSW,REDFERN,2016,Sydney,"", 
NSW,WATERLOO,2017,Sydney,"", 
NSW,ZETLAND,2017,Sydney,"", 
NSW,EASTLAKES,2018,Kingsford Smith,"", 
NSW,ROSEBERY,2018,Kingsford Smith,"", 
NSW,ROSEBERY,2018,Sydney,"", 
NSW,BANKSMEADOW,2019,Kingsford Smith,"", 
NSW,BOTANY,2019,Kingsford Smith,"", 
NSW,MASCOT,2020,Kingsford Smith,"", 
NSW,CENTENNIAL PARK,2021,Wentworth,"", 
NSW,MOORE PARK,2021,Wentworth,"", 
NSW,PADDINGTON,2021,Wentworth,"", 
NSW,BONDI JUNCTION,2022,Wentworth,"", 
NSW,QUEENS PARK,2022,Wentworth,"", 
NSW,BELLEVUE HILL,2023,Wentworth,"", 
NSW,BRONTE,2024,Wentworth,"", 
NSW,WAVERLEY,2024,Wentworth,"", 
NSW,WOOLLAHRA,2025,Wentworth,"", 
NSW,BEN BUCKLER,2026,Wentworth,"",NORTH BONDI
NSW,BONDI,2026,Wentworth,"", 
NSW,BONDI BEACH,2026,Wentworth,"", 
NSW,NORTH BONDI,2026,Wentworth,"", 
NSW,TAMARAMA,2026,Wentworth,"", 
NSW,DARLING POINT,2027,Wentworth,"", 
NSW,EDGECLIFF,2027,Wentworth,"", 
NSW,POINT PIPER,2027,Wentworth,"", 
NSW,DOUBLE BAY,2028,Wentworth,"", 
NSW,ROSE BAY,2029,Wentworth,"", 
NSW,DIAMOND BAY,2030,Wentworth,"",VAUCLUSE
NSW,DOVER HEIGHTS,2030,Wentworth,"", 
NSW,VAUCLUSE,2030,Wentworth,"", 
NSW,WATSONS BAY,2030,Wentworth,"", 
NSW,CLOVELLY,2031,Kingsford Smith,"", 
NSW,CLOVELLY,2031,Wentworth,"", 
NSW,RANDWICK,2031,Kingsford Smith,"", 
NSW,RANDWICK,2031,Wentworth,"", 
NSW,DACEYVILLE,2032,Kingsford Smith,"", 
NSW,KINGSFORD,2032,Kingsford Smith,"", 
NSW,KENSINGTON,2033,Kingsford Smith,"", 
NSW,COOGEE,2034,Kingsford Smith,"", 
NSW,SOUTH COOGEE,2034,Kingsford Smith,"", 
NSW,EAST BOTANY,2035,Kingsford Smith,"",PAGEWOOD
NSW,LURLINE BAY,2035,Kingsford Smith,"",SOUTH COOGEE
NSW,MAROUBRA,2035,Kingsford Smith,"", 
NSW,MAROUBRA BAY,2035,Kingsford Smith,"",MAROUBRA
NSW,MAROUBRA BEACH,2035,Kingsford Smith,"",MAROUBRA
NSW,MAROUBRA JUNCTION,2035,Kingsford Smith,"",MAROUBRA
NSW,PAGEWOOD,2035,Kingsford Smith,"", 
NSW,BARE ISLAND,2036,Kingsford Smith,"",LA PEROUSE
NSW,CAPE BANKS,2036,Kingsford Smith,"",LA PEROUSE
NSW,CHIFLEY,2036,Kingsford Smith,"", 
NSW,EASTGARDENS,2036,Kingsford Smith,"", 
NSW,FRENCHMANS BAY,2036,Kingsford Smith,"",LA PEROUSE
NSW,HILLSDALE,2036,Kingsford Smith,"", 
NSW,LA PEROUSE,2036,Kingsford Smith,"", 
NSW,LITTLE BAY,2036,Kingsford Smith,"", 
NSW,LONG BAY,2036,Kingsford Smith,"",MALABAR
NSW,MALABAR,2036,Kingsford Smith,"", 
NSW,MATRAVILLE,2036,Kingsford Smith,"", 
NSW,PHILLIP BAY,2036,Kingsford Smith,"", 
NSW,PORT BOTANY,2036,Kingsford Smith,"", 
NSW,PRINCE HENRY HOSPITAL,2036,Kingsford Smith,"",LITTLE BAY
NSW,YARRA BAY,2036,Kingsford Smith,"",PHILLIP BAY
NSW,FOREST LODGE,2037,Sydney,"", 
NSW,GLEBE,2037,Sydney,"", 
NSW,ANNANDALE,2038,Grayndler,"", 
NSW,ANNANDALE,2038,Sydney,"", 
NSW,ROZELLE,2039,Grayndler,"", 
NSW,LEICHHARDT,2040,Grayndler,"", 
NSW,LILYFIELD,2040,Grayndler,"", 
NSW,BALMAIN,2041,Grayndler,"", 
NSW,BALMAIN EAST,2041,Grayndler,"", 
NSW,BIRCHGROVE,2041,Grayndler,"", 
NSW,ENMORE,2042,Grayndler,"", 
NSW,MACDONALDTOWN,2042,Grayndler,"",NEWTOWN
NSW,MACDONALDTOWN,2042,Sydney,"",NEWTOWN
NSW,NEWTOWN,2042,Grayndler,"", 
NSW,NEWTOWN,2042,Sydney,"", 
NSW,ERSKINEVILLE,2043,Sydney,"", 
NSW,ST PETERS,2044,Grayndler,"", 
NSW,ST PETERS,2044,Sydney,"", 
NSW,SYDENHAM,2044,Grayndler,"", 
NSW,TEMPE,2044,Barton,"", 
NSW,DOBROYD POINT,2045,Grayndler,"",HABERFIELD
NSW,HABERFIELD,2045,Grayndler,"", 
NSW,ABBOTSFORD,2046,Reid,"", 
NSW,CANADA BAY,2046,Reid,"", 
NSW,CHISWICK,2046,Reid,"", 
NSW,FIVE DOCK,2046,Reid,"", 
NSW,RODD POINT,2046,Reid,"", 
NSW,RUSSELL LEA,2046,Reid,"", 
NSW,WAREEMBA,2046,Reid,"", 
NSW,DRUMMOYNE,2047,Grayndler,"", 
NSW,DRUMMOYNE,2047,Reid,"", 
NSW,RODD ISLAND,2047,Grayndler,"", 
NSW,SPECTACLE ISLAND,2047,Grayndler,"",DRUMMOYNE
NSW,SPECTACLE ISLAND,2047,Reid,"",DRUMMOYNE
NSW,STANMORE,2048,Grayndler,"", 
NSW,STANMORE,2048,Sydney,"", 
NSW,LEWISHAM,2049,Grayndler,"", 
NSW,PETERSHAM,2049,Grayndler,"", 
NSW,CAMPERDOWN,2050,Grayndler,"", 
NSW,CAMPERDOWN,2050,Sydney,"", 
NSW,LAVENDER BAY,2060,North Sydney,"", 
NSW,MCMAHONS POINT,2060,North Sydney,"", 
NSW,NORTH SYDNEY,2060,North Sydney,"", 
NSW,WAVERTON,2060,North Sydney,"", 
NSW,KIRRIBILLI,2061,North Sydney,"", 
NSW,MILSONS POINT,2061,North Sydney,"", 
NSW,CAMMERAY,2062,North Sydney,"", 
NSW,NORTHBRIDGE,2063,North Sydney,"", 
NSW,ARTARMON,2064,North Sydney,"", 
NSW,CROWS NEST,2065,North Sydney,"", 
NSW,GORE HILL,2065,North Sydney,"",ST LEONARDS
NSW,GREENWICH,2065,North Sydney,"", 
NSW,NAREMBURN,2065,North Sydney,"", 
NSW,ST LEONARDS,2065,North Sydney,"", 
NSW,WOLLSTONECRAFT,2065,North Sydney,"", 
NSW,LANE COVE,2066,North Sydney,"", 
NSW,LANE COVE NORTH,2066,North Sydney,"", 
NSW,LANE COVE WEST,2066,North Sydney,"", 
NSW,LINLEY POINT,2066,North Sydney,"", 
NSW,LONGUEVILLE,2066,North Sydney,"", 
NSW,NORTHWOOD,2066,North Sydney,"", 
NSW,RIVERVIEW,2066,North Sydney,"", 
NSW,TAMBOURINE BAY,2066,North Sydney,"",RIVERVIEW
NSW,CHATSWOOD,2067,Bradfield,"", 
NSW,CHATSWOOD,2067,North Sydney,"", 
NSW,CHATSWOOD WEST,2067,Bennelong,"", 
NSW,CHATSWOOD WEST,2067,Bradfield,"", 
NSW,CHATSWOOD WEST,2067,North Sydney,"", 
NSW,CASTLECRAG,2068,North Sydney,"", 
NSW,MIDDLE COVE,2068,North Sydney,"", 
NSW,NORTH WILLOUGHBY,2068,North Sydney,"", 
NSW,WILLOUGHBY,2068,North Sydney,"", 
NSW,WILLOUGHBY EAST,2068,North Sydney,"", 
NSW,CASTLE COVE,2069,Bradfield,"", 
NSW,ROSEVILLE,2069,Bradfield,"", 
NSW,ROSEVILLE CHASE,2069,Bradfield,"", 
NSW,EAST LINDFIELD,2070,Bradfield,"", 
NSW,LINDFIELD,2070,Bradfield,"", 
NSW,EAST KILLARA,2071,Bradfield,"", 
NSW,KILLARA,2071,Bradfield,"", 
NSW,GORDON,2072,Bradfield,"", 
NSW,PYMBLE,2073,Bradfield,"", 
NSW,WEST PYMBLE,2073,Bradfield,"", 
NSW,NORTH TURRAMURRA,2074,Bradfield,"", 
NSW,SOUTH TURRAMURRA,2074,Bradfield,"", 
NSW,TURRAMURRA,2074,Bradfield,"", 
NSW,WARRAWEE,2074,Bradfield,"", 
NSW,ST IVES,2075,Bradfield,"", 
NSW,ST IVES CHASE,2075,Bradfield,"", 
NSW,NORMANHURST,2076,Berowra,"", 
NSW,NORMANHURST,2076,Bradfield,"", 
NSW,NORTH WAHROONGA,2076,Bradfield,"", 
NSW,WAHROONGA,2076,Bradfield,"", 
NSW,ASQUITH,2077,Berowra,"", 
NSW,ASQUITH,2077,Bradfield,"", 
NSW,HORNSBY,2077,Berowra,"", 
NSW,HORNSBY,2077,Bradfield,"", 
NSW,HORNSBY HEIGHTS,2077,Berowra,"", 
NSW,WAITARA,2077,Bradfield,"", 
NSW,MOUNT COLAH,2079,Berowra,"", 
NSW,MOUNT COLAH,2079,Bradfield,"", 
NSW,MOUNT KURING-GAI,2080,Berowra,"", 
NSW,BEROWRA,2081,Berowra,"", 
NSW,COWAN,2081,Berowra,"", 
NSW,BEROWRA HEIGHTS,2082,Berowra,"", 
NSW,BEROWRA WATERS,2082,Berowra,"", 
NSW,BAR POINT,2083,Robertson,"", 
NSW,BROKEN BAY CAMP,2083,Robertson,"",PATONGA
NSW,BROOKLYN,2083,Berowra,"", 
NSW,CHEERO POINT,2083,Robertson,"", 
NSW,COGRA BAY,2083,Robertson,"", 
NSW,DANGAR ISLAND,2083,Berowra,"", 
NSW,FISHERMANS POINT,2083,Berowra,"",BROOKLYN
NSW,HAWKESBURY RIVER,2083,Berowra,"",BROOKLYN
NSW,MILSONS PASSAGE,2083,Berowra,"", 
NSW,MOONEY MOONEY,2083,Robertson,"", 
NSW,PEAT ISLAND,2083,Robertson,"",MOONEY MOONEY
NSW,WOBBY BEACH,2083,Robertson,"",LITTLE WOBBY
NSW,AKUNA BAY,2084,Mackellar,"",TERREY HILLS
NSW,COTTAGE POINT,2084,Mackellar,"", 
NSW,DUFFYS FOREST,2084,Mackellar,"", 
NSW,KU-RING-GAI CHASE,2084,Mackellar,"", 
NSW,TERREY HILLS,2084,Mackellar,"", 
NSW,BELROSE,2085,Mackellar,"", 
NSW,DAVIDSON,2085,Mackellar,"", 
NSW,FRENCHS FOREST,2086,Mackellar,"", 
NSW,FRENCHS FOREST,2086,Warringah,"", 
NSW,FORESTVILLE,2087,Mackellar,"", 
NSW,FORESTVILLE,2087,Warringah,"", 
NSW,KILLARNEY HEIGHTS,2087,Warringah,"", 
NSW,BALMORAL,2088,Warringah,"",MOSMAN
NSW,BEAUTY POINT,2088,Warringah,"",MOSMAN
NSW,CLIFTON GARDENS,2088,Warringah,"",MOSMAN
NSW,MOSMAN,2088,Warringah,"", 
NSW,KURRABA POINT,2089,Warringah,"", 
NSW,NEUTRAL BAY,2089,North Sydney,"", 
NSW,NEUTRAL BAY,2089,Warringah,"", 
NSW,CREMORNE,2090,North Sydney,"", 
NSW,CREMORNE,2090,Warringah,"", 
NSW,CREMORNE POINT,2090,Warringah,"", 
NSW,SEAFORTH,2092,Warringah,"", 
NSW,BALGOWLAH,2093,Warringah,"", 
NSW,BALGOWLAH HEIGHTS,2093,Warringah,"", 
NSW,CLONTARF,2093,Warringah,"", 
NSW,MANLY VALE,2093,Warringah,"", 
NSW,NORTH BALGOWLAH,2093,Warringah,"", 
NSW,FAIRLIGHT,2094,Warringah,"", 
NSW,MANLY,2095,Warringah,"", 
NSW,NORTH HEAD,2095,Warringah,"",MANLY
NSW,CURL CURL,2096,Warringah,"", 
NSW,FRESHWATER,2096,Warringah,"", 
NSW,HARBORD,2096,Warringah,"",FRESHWATER
NSW,QUEENSCLIFF,2096,Warringah,"", 
NSW,COLLAROY,2097,Mackellar,"", 
NSW,COLLAROY PLATEAU,2097,Mackellar,"", 
NSW,WHEELER HEIGHTS,2097,Mackellar,"", 
NSW,CROMER,2099,Mackellar,"", 
NSW,DEE WHY,2099,Mackellar,"", 
NSW,DEE WHY,2099,Warringah,"", 
NSW,NARRAWEENA,2099,Mackellar,"", 
NSW,NARRAWEENA,2099,Warringah,"", 
NSW,NORTH CURL CURL,2099,Warringah,"", 
NSW,WINGALA,2099,Warringah,"",NORTH CURL CURL
NSW,ALLAMBIE,2100,Warringah,"",ALLAMBIE HEIGHTS
NSW,ALLAMBIE HEIGHTS,2100,Warringah,"", 
NSW,BEACON HILL,2100,Mackellar,"", 
NSW,BEACON HILL,2100,Warringah,"", 
NSW,BROOKVALE,2100,Warringah,"", 
NSW,NORTH MANLY,2100,Warringah,"", 
NSW,OXFORD FALLS,2100,Mackellar,"", 
NSW,ELANORA HEIGHTS,2101,Mackellar,"", 
NSW,INGLESIDE,2101,Mackellar,"", 
NSW,NARRABEEN,2101,Mackellar,"", 
NSW,NORTH NARRABEEN,2101,Mackellar,"", 
NSW,WARRIEWOOD,2102,Mackellar,"", 
NSW,MONA VALE,2103,Mackellar,"", 
NSW,BAYVIEW,2104,Mackellar,"", 
NSW,CHURCH POINT,2105,Mackellar,"", 
NSW,ELVINA BAY,2105,Mackellar,"", 
NSW,LOVETT BAY,2105,Mackellar,"", 
NSW,MCCARRS CREEK,2105,Mackellar,"", 
NSW,MORNING BAY,2105,Mackellar,"", 
NSW,SCOTLAND ISLAND,2105,Mackellar,"", 
NSW,TOWLERS BAY,2105,Mackellar,"",MORNING BAY
NSW,BUNGAN BEACH,2106,Mackellar,"",NEWPORT
NSW,NEWPORT,2106,Mackellar,"", 
NSW,AVALON BEACH,2107,Mackellar,"", 
NSW,BILGOLA,2107,Mackellar,"",BILGOLA PLATEAU
NSW,BILGOLA BEACH,2107,Mackellar,"", 
NSW,BILGOLA PLATEAU,2107,Mackellar,"", 
NSW,CAREEL BAY,2107,Mackellar,"", 
NSW,CLAREVILLE,2107,Mackellar,"", 
NSW,WHALE BEACH,2107,Mackellar,"", 
NSW,COASTERS RETREAT,2108,Mackellar,"", 
NSW,GREAT MACKEREL BEACH,2108,Mackellar,"", 
NSW,PALM BEACH,2108,Mackellar,"", 
NSW,HUNTERS HILL,2110,North Sydney,"", 
NSW,WOOLWICH,2110,North Sydney,"", 
NSW,BORONIA PARK,2111,Bennelong,"",GLADESVILLE
NSW,BORONIA PARK,2111,North Sydney,"",GLADESVILLE
NSW,GLADESVILLE,2111,Bennelong,"", 
NSW,GLADESVILLE,2111,North Sydney,"", 
NSW,HENLEY,2111,North Sydney,"", 
NSW,HUNTLEYS COVE,2111,North Sydney,"", 
NSW,HUNTLEYS POINT,2111,North Sydney,"", 
NSW,MONASH PARK,2111,Bennelong,"",GLADESVILLE
NSW,MONASH PARK,2111,North Sydney,"",GLADESVILLE
NSW,TARBAN,2111,North Sydney,"",HUNTLEYS COVE
NSW,TENNYSON POINT,2111,Bennelong,"", 
NSW,DENISTONE EAST,2112,Bennelong,"", 
NSW,PUTNEY,2112,Bennelong,"", 
NSW,RYDE,2112,Bennelong,"", 
NSW,EAST RYDE,2113,Bennelong,"", 
NSW,MACQUARIE PARK,2113,Bennelong,"", 
NSW,NORTH RYDE,2113,Bennelong,"", 
NSW,DENISTONE,2114,Bennelong,"", 
NSW,DENISTONE WEST,2114,Bennelong,"", 
NSW,MEADOWBANK,2114,Bennelong,"", 
NSW,MELROSE PARK,2114,Bennelong,"", 
NSW,WEST RYDE,2114,Bennelong,"", 
NSW,ERMINGTON,2115,Bennelong,"", 
NSW,ERMINGTON,2115,Parramatta,"", 
NSW,RYDALMERE,2116,Parramatta,"", 
NSW,DUNDAS,2117,Bennelong,"", 
NSW,DUNDAS,2117,Parramatta,"", 
NSW,DUNDAS VALLEY,2117,Parramatta,"", 
NSW,OATLANDS,2117,Parramatta,"", 
NSW,TELOPEA,2117,Parramatta,"", 
NSW,CARLINGFORD,2118,Bennelong,"", 
NSW,CARLINGFORD,2118,Berowra,"", 
NSW,CARLINGFORD,2118,Parramatta,"", 
NSW,BEECROFT,2119,Bennelong,"", 
NSW,BEECROFT,2119,Berowra,"", 
NSW,CHELTENHAM,2119,Berowra,"", 
NSW,PENNANT HILLS,2120,Berowra,"", 
NSW,THORNLEIGH,2120,Berowra,"", 
NSW,WESTLEIGH,2120,Berowra,"", 
NSW,EPPING,2121,Bennelong,"", 
NSW,NORTH EPPING,2121,Bennelong,"", 
NSW,EASTWOOD,2122,Bennelong,"", 
NSW,MARSFIELD,2122,Bennelong,"", 
NSW,WEST PENNANT HILLS,2125,Berowra,"", 
NSW,WEST PENNANT HILLS,2125,Mitchell,"", 
NSW,CHERRYBROOK,2126,Berowra,"", 
NSW,HOMEBUSH BAY,2127,Reid,"",WENTWORTH POINT
NSW,NEWINGTON,2127,Reid,"", 
NSW,SYDNEY OLYMPIC PARK,2127,Reid,"", 
NSW,WENTWORTH POINT,2127,Reid,"", 
NSW,SILVERWATER,2128,Reid,"", 
NSW,SUMMER HILL,2130,Grayndler,"", 
NSW,SUMMER HILL,2130,Watson,"", 
NSW,ASHFIELD,2131,Grayndler,"", 
NSW,ASHFIELD,2131,Reid,"", 
NSW,ASHFIELD,2131,Watson,"", 
NSW,CROYDON,2132,Reid,"", 
NSW,CROYDON,2132,Watson,"", 
NSW,CROYDON PARK,2133,Watson,"", 
NSW,BURWOOD,2134,Reid,"", 
NSW,STRATHFIELD,2135,Reid,"", 
NSW,BURWOOD HEIGHTS,2136,Watson,"", 
NSW,ENFIELD,2136,Watson,"", 
NSW,STRATHFIELD SOUTH,2136,Watson,"", 
NSW,BREAKFAST POINT,2137,Reid,"", 
NSW,CABARITA,2137,Reid,"", 
NSW,CONCORD,2137,Reid,"", 
NSW,MORTLAKE,2137,Reid,"", 
NSW,NORTH STRATHFIELD,2137,Reid,"", 
NSW,CONCORD WEST,2138,Reid,"", 
NSW,LIBERTY GROVE,2138,Reid,"", 
NSW,RHODES,2138,Reid,"", 
NSW,FLEMINGTON,2140,Reid,"",HOMEBUSH WEST
NSW,HOMEBUSH,2140,Reid,"", 
NSW,HOMEBUSH WEST,2140,Reid,"", 
NSW,BERALA,2141,Blaxland,"", 
NSW,LIDCOMBE,2141,Blaxland,"", 
NSW,LIDCOMBE,2141,Reid,"", 
NSW,LIDCOMBE,2141,Watson,"", 
NSW,ROOKWOOD,2141,Watson,"", 
NSW,CAMELLIA,2142,Parramatta,"", 
NSW,CLYDE,2142,Parramatta,"", 
NSW,GRANVILLE,2142,Parramatta,"", 
NSW,HOLROYD,2142,Parramatta,"", 
NSW,ROSEHILL,2142,Parramatta,"", 
NSW,SOUTH GRANVILLE,2142,Blaxland,"", 
NSW,SOUTH GRANVILLE,2142,Parramatta,"", 
NSW,BIRRONG,2143,Blaxland,"", 
NSW,POTTS HILL,2143,Blaxland,"", 
NSW,REGENTS PARK,2143,Blaxland,"", 
NSW,AUBURN,2144,Blaxland,"", 
NSW,AUBURN,2144,Reid,"", 
NSW,CONSTITUTION HILL,2145,Parramatta,"", 
NSW,GIRRAWEEN,2145,Greenway,"", 
NSW,GREYSTANES,2145,McMahon,"", 
NSW,MAYS HILL,2145,Parramatta,"", 
NSW,PEMULWUY,2145,McMahon,"", 
NSW,PENDLE HILL,2145,Greenway,"", 
NSW,PENDLE HILL,2145,Parramatta,"", 
NSW,SOUTH WENTWORTHVILLE,2145,McMahon,"", 
NSW,SOUTH WENTWORTHVILLE,2145,Parramatta,"", 
NSW,WENTWORTHVILLE,2145,Parramatta,"", 
NSW,WESTMEAD,2145,Parramatta,"", 
NSW,OLD TOONGABBIE,2146,Mitchell,"", 
NSW,OLD TOONGABBIE,2146,Parramatta,"", 
NSW,TOONGABBIE,2146,Greenway,"", 
NSW,TOONGABBIE,2146,Parramatta,"", 
NSW,KINGS LANGLEY,2147,Greenway,"", 
NSW,LALOR PARK,2147,Greenway,"", 
NSW,SEVEN HILLS,2147,Greenway,"", 
NSW,ARNDELL PARK,2148,Chifley,"", 
NSW,BLACKTOWN,2148,Chifley,"", 
NSW,BLACKTOWN,2148,Greenway,"", 
NSW,BLACKTOWN,2148,McMahon,"", 
NSW,HUNTINGWOOD,2148,McMahon,"", 
NSW,KINGS PARK,2148,Greenway,"", 
NSW,MARAYONG,2148,Chifley,"", 
NSW,PROSPECT,2148,Greenway,"", 
NSW,PROSPECT,2148,McMahon,"", 
NSW,HARRIS PARK,2150,Parramatta,"", 
NSW,PARRAMATTA,2150,Parramatta,"", 
NSW,NORTH PARRAMATTA,2151,Parramatta,"", 
NSW,NORTH ROCKS,2151,Mitchell,"", 
NSW,NORTH ROCKS,2151,Parramatta,"", 
NSW,NORTHMEAD,2152,Mitchell,"", 
NSW,NORTHMEAD,2152,Parramatta,"", 
NSW,BAULKHAM HILLS,2153,Mitchell,"", 
NSW,BELLA VISTA,2153,Mitchell,"", 
NSW,NORWEST,2153,Mitchell,"", 
NSW,WINSTON HILLS,2153,Mitchell,"", 
NSW,CASTLE HILL,2154,Berowra,"", 
NSW,CASTLE HILL,2154,Mitchell,"", 
NSW,BEAUMONT HILLS,2155,Mitchell,"", 
NSW,KELLYVILLE,2155,Mitchell,"", 
NSW,KELLYVILLE RIDGE,2155,Greenway,"", 
NSW,NORTH KELLYVILLE,2155,Mitchell,"", 
NSW,ROUSE HILL,2155,Greenway,"", 
NSW,ROUSE HILL,2155,Mitchell,"", 
NSW,ANNANGROVE,2156,Berowra,"", 
NSW,GLENHAVEN,2156,Berowra,"", 
NSW,GLENHAVEN,2156,Mitchell,"", 
NSW,KENTHURST,2156,Berowra,"", 
NSW,CANOELANDS,2157,Berowra,"", 
NSW,FOREST GLEN,2157,Berowra,"", 
NSW,GLENORIE,2157,Berowra,"", 
NSW,DURAL,2158,Berowra,"", 
NSW,MIDDLE DURAL,2158,Berowra,"", 
NSW,ROUND CORNER,2158,Berowra,"",DURAL
NSW,ARCADIA,2159,Berowra,"", 
NSW,BERRILEE,2159,Berowra,"", 
NSW,FIDDLETOWN,2159,Berowra,"", 
NSW,GALSTON,2159,Berowra,"", 
NSW,MERRYLANDS,2160,McMahon,"", 
NSW,MERRYLANDS,2160,Parramatta,"", 
NSW,MERRYLANDS WEST,2160,McMahon,"", 
NSW,GUILDFORD,2161,Blaxland,"", 
NSW,GUILDFORD,2161,McMahon,"", 
NSW,GUILDFORD,2161,Parramatta,"", 
NSW,GUILDFORD WEST,2161,McMahon,"", 
NSW,OLD GUILDFORD,2161,McMahon,"", 
NSW,YENNORA,2161,McMahon,"", 
NSW,CHESTER HILL,2162,Blaxland,"", 
NSW,SEFTON,2162,Blaxland,"", 
NSW,CARRAMAR,2163,Fowler,"", 
NSW,LANSDOWNE,2163,Blaxland,"", 
NSW,VILLAWOOD,2163,Blaxland,"", 
NSW,VILLAWOOD,2163,Fowler,"", 
NSW,SMITHFIELD,2164,McMahon,"", 
NSW,WETHERILL PARK,2164,McMahon,"", 
NSW,WOODPARK,2164,McMahon,"", 
NSW,FAIRFIELD,2165,Fowler,"", 
NSW,FAIRFIELD,2165,McMahon,"", 
NSW,FAIRFIELD EAST,2165,Fowler,"", 
NSW,FAIRFIELD HEIGHTS,2165,McMahon,"", 
NSW,FAIRFIELD WEST,2165,Fowler,"", 
NSW,FAIRFIELD WEST,2165,McMahon,"", 
NSW,CABRAMATTA,2166,Fowler,"", 
NSW,CABRAMATTA WEST,2166,Fowler,"", 
NSW,CANLEY HEIGHTS,2166,Fowler,"", 
NSW,CANLEY VALE,2166,Fowler,"", 
NSW,CANLEY VALE,2166,McMahon,"", 
NSW,LANSVALE,2166,Fowler,"", 
NSW,GLENFIELD,2167,Werriwa,"", 
NSW,ASHCROFT,2168,Werriwa,"", 
NSW,BUSBY,2168,Werriwa,"", 
NSW,CARTWRIGHT,2168,Werriwa,"", 
NSW,GREEN VALLEY,2168,Werriwa,"", 
NSW,HECKENBERG,2168,Werriwa,"", 
NSW,HINCHINBROOK,2168,Werriwa,"", 
NSW,MILLER,2168,Werriwa,"", 
NSW,SADLEIR,2168,Werriwa,"", 
NSW,CASULA,2170,Werriwa,"", 
NSW,CHIPPING NORTON,2170,Fowler,"", 
NSW,CROSS ROADS,2170,Werriwa,"",CASULA
NSW,HAMMONDVILLE,2170,Hughes,"", 
NSW,LIVERPOOL,2170,Fowler,"", 
NSW,LURNEA,2170,Werriwa,"", 
NSW,MOOREBANK,2170,Fowler,"", 
NSW,MOOREBANK,2170,Hughes,"", 
NSW,MOUNT PRITCHARD,2170,Fowler,"", 
NSW,MOUNT PRITCHARD,2170,Werriwa,"", 
NSW,PRESTONS,2170,Werriwa,"", 
NSW,WARWICK FARM,2170,Fowler,"", 
NSW,CARNES HILL,2171,Werriwa,"", 
NSW,CECIL HILLS,2171,Werriwa,"", 
NSW,ELIZABETH HILLS,2171,Werriwa,"", 
NSW,HORNINGSEA PARK,2171,Werriwa,"", 
NSW,HOXTON PARK,2171,Werriwa,"", 
NSW,MIDDLETON GRANGE,2171,Werriwa,"", 
NSW,WEST HOXTON,2171,Werriwa,"", 
NSW,PLEASURE POINT,2172,Hughes,"", 
NSW,SANDY POINT,2172,Hughes,"", 
NSW,VOYAGER POINT,2172,Hughes,"", 
NSW,HOLSWORTHY,2173,Hughes,"", 
NSW,WATTLE GROVE,2173,Hughes,"", 
NSW,EDMONDSON PARK,2174,Werriwa,"", 
NSW,LIVERPOOL MILITARY AREA,2174,Hughes,"", 
NSW,HORSLEY PARK,2175,McMahon,"", 
NSW,ABBOTSBURY,2176,Fowler,"", 
NSW,ABBOTSBURY,2176,McMahon,"", 
NSW,BOSSLEY PARK,2176,Fowler,"", 
NSW,BOSSLEY PARK,2176,McMahon,"", 
NSW,EDENSOR PARK,2176,Fowler,"", 
NSW,GREENFIELD PARK,2176,Fowler,"", 
NSW,PRAIRIEWOOD,2176,Fowler,"", 
NSW,PRAIRIEWOOD,2176,McMahon,"", 
NSW,ST JOHNS PARK,2176,Fowler,"", 
NSW,WAKELEY,2176,Fowler,"", 
NSW,BONNYRIGG,2177,Fowler,"", 
NSW,BONNYRIGG,2177,Werriwa,"", 
NSW,BONNYRIGG HEIGHTS,2177,Werriwa,"", 
NSW,CECIL PARK,2178,McMahon,"", 
NSW,CECIL PARK,2178,Werriwa,"", 
NSW,KEMPS CREEK,2178,McMahon,"", 
NSW,KEMPS CREEK,2178,Werriwa,"", 
NSW,MOUNT VERNON,2178,McMahon,"", 
NSW,AUSTRAL,2179,Werriwa,"", 
NSW,LEPPINGTON,2179,Macarthur,"", 
NSW,LEPPINGTON,2179,Werriwa,"", 
NSW,CHULLORA,2190,Watson,"", 
NSW,GREENACRE,2190,Watson,"", 
NSW,MOUNT LEWIS,2190,Watson,"", 
NSW,BELFIELD,2191,Watson,"", 
NSW,BELMORE,2192,Barton,"", 
NSW,BELMORE,2192,Watson,"", 
NSW,ASHBURY,2193,Watson,"", 
NSW,CANTERBURY,2193,Barton,"", 
NSW,CANTERBURY,2193,Grayndler,"", 
NSW,CANTERBURY,2193,Watson,"", 
NSW,HURLSTONE PARK,2193,Barton,"", 
NSW,HURLSTONE PARK,2193,Grayndler,"", 
NSW,HURLSTONE PARK,2193,Watson,"", 
NSW,CAMPSIE,2194,Barton,"", 
NSW,CAMPSIE,2194,Watson,"", 
NSW,LAKEMBA,2195,Watson,"", 
NSW,WILEY PARK,2195,Watson,"", 
NSW,PUNCHBOWL,2196,Watson,"", 
NSW,ROSELANDS,2196,Watson,"", 
NSW,BASS HILL,2197,Blaxland,"", 
NSW,GEORGES HALL,2198,Blaxland,"", 
NSW,YAGOONA,2199,Blaxland,"", 
NSW,YAGOONA,2199,Watson,"", 
NSW,BANKSTOWN,2200,Blaxland,"", 
NSW,BANKSTOWN,2200,Watson,"", 
NSW,BANKSTOWN AERODROME,2200,Blaxland,"", 
NSW,CONDELL PARK,2200,Blaxland,"", 
NSW,DULWICH HILL,2203,Barton,"", 
NSW,DULWICH HILL,2203,Grayndler,"", 
NSW,MARRICKVILLE,2204,Barton,"", 
NSW,MARRICKVILLE,2204,Grayndler,"", 
NSW,ARNCLIFFE,2205,Barton,"", 
NSW,TURRELLA,2205,Barton,"", 
NSW,WOLLI CREEK,2205,Barton,"", 
NSW,CLEMTON PARK,2206,Barton,"", 
NSW,EARLWOOD,2206,Barton,"", 
NSW,UNDERCLIFFE,2206,Barton,"",EARLWOOD
NSW,BARDWELL PARK,2207,Barton,"", 
NSW,BARDWELL VALLEY,2207,Barton,"", 
NSW,BEXLEY,2207,Barton,"", 
NSW,BEXLEY NORTH,2207,Barton,"", 
NSW,KINGSGROVE,2208,Barton,"", 
NSW,KINGSGROVE,2208,Watson,"", 
NSW,BEVERLY HILLS,2209,Banks,"", 
NSW,BEVERLY HILLS,2209,Barton,"", 
NSW,BEVERLY HILLS,2209,Watson,"", 
NSW,NARWEE,2209,Banks,"", 
NSW,NARWEE,2209,Watson,"", 
NSW,LUGARNO,2210,Banks,"", 
NSW,PEAKHURST,2210,Banks,"", 
NSW,PEAKHURST HEIGHTS,2210,Banks,"", 
NSW,RIVERWOOD,2210,Banks,"", 
NSW,RIVERWOOD,2210,Watson,"", 
NSW,PADSTOW,2211,Banks,"", 
NSW,PADSTOW,2211,Blaxland,"", 
NSW,PADSTOW,2211,Watson,"", 
NSW,PADSTOW HEIGHTS,2211,Banks,"", 
NSW,REVESBY,2212,Banks,"", 
NSW,REVESBY,2212,Blaxland,"", 
NSW,REVESBY HEIGHTS,2212,Banks,"", 
NSW,EAST HILLS,2213,Banks,"", 
NSW,PANANIA,2213,Banks,"", 
NSW,PICNIC POINT,2213,Banks,"", 
NSW,MILPERRA,2214,Banks,"", 
NSW,MILPERRA,2214,Blaxland,"", 
NSW,BANKSIA,2216,Barton,"", 
NSW,BRIGHTON-LE-SANDS,2216,Barton,"", 
NSW,KYEEMAGH,2216,Barton,"", 
NSW,ROCKDALE,2216,Barton,"", 
NSW,BEVERLEY PARK,2217,Cook,"", 
NSW,KOGARAH,2217,Barton,"", 
NSW,KOGARAH,2217,Cook,"", 
NSW,KOGARAH BAY,2217,Cook,"", 
NSW,MONTEREY,2217,Cook,"", 
NSW,RAMSGATE,2217,Cook,"", 
NSW,RAMSGATE BEACH,2217,Cook,"", 
NSW,ALLAWAH,2218,Banks,"", 
NSW,CARLTON,2218,Banks,"", 
NSW,CARLTON,2218,Barton,"", 
NSW,DOLLS POINT,2219,Cook,"", 
NSW,SANDRINGHAM,2219,Cook,"", 
NSW,SANS SOUCI,2219,Cook,"", 
NSW,HURSTVILLE,2220,Banks,"", 
NSW,HURSTVILLE,2220,Barton,"", 
NSW,HURSTVILLE GROVE,2220,Banks,"", 
NSW,BLAKEHURST,2221,Banks,"", 
NSW,BLAKEHURST,2221,Cook,"", 
NSW,CARSS PARK,2221,Cook,"", 
NSW,CONNELLS POINT,2221,Banks,"", 
NSW,CONNELLS POINT,2221,Cook,"", 
NSW,KYLE BAY,2221,Cook,"", 
NSW,SOUTH HURSTVILLE,2221,Banks,"", 
NSW,PENSHURST,2222,Banks,"", 
NSW,PENSHURST,2222,Barton,"", 
NSW,MORTDALE,2223,Banks,"", 
NSW,OATLEY,2223,Banks,"", 
NSW,KANGAROO POINT,2224,Cook,"", 
NSW,SYLVANIA,2224,Cook,"", 
NSW,SYLVANIA WATERS,2224,Cook,"", 
NSW,OYSTER BAY,2225,Hughes,"", 
NSW,BONNET BAY,2226,Hughes,"", 
NSW,COMO,2226,Hughes,"", 
NSW,JANNALI,2226,Hughes,"", 
NSW,GYMEA,2227,Cook,"", 
NSW,GYMEA,2227,Hughes,"", 
NSW,GYMEA BAY,2227,Cook,"", 
NSW,MIRANDA,2228,Cook,"", 
NSW,YOWIE BAY,2228,Cook,"", 
NSW,CARINGBAH,2229,Cook,"", 
NSW,CARINGBAH SOUTH,2229,Cook,"", 
NSW,DOLANS BAY,2229,Cook,"", 
NSW,LILLI PILLI,2229,Cook,"", 
NSW,PORT HACKING,2229,Cook,"", 
NSW,TAREN POINT,2229,Cook,"", 
NSW,BONNIE VALE,2230,Hughes,"",BUNDEENA
NSW,BUNDEENA,2230,Hughes,"", 
NSW,BURRANEER,2230,Cook,"", 
NSW,CRONULLA,2230,Cook,"", 
NSW,GREENHILLS BEACH,2230,Cook,"", 
NSW,MAIANBAR,2230,Hughes,"", 
NSW,WOOLOOWARE,2230,Cook,"", 
NSW,KURNELL,2231,Cook,"", 
NSW,AUDLEY,2232,Cunningham,"",ROYAL NATIONAL PARK
NSW,AUDLEY,2232,Hughes,"",ROYAL NATIONAL PARK
NSW,DEER PARK,2232,Cunningham,"",ROYAL NATIONAL PARK
NSW,DEER PARK,2232,Hughes,"",ROYAL NATIONAL PARK
NSW,GARIE BEACH,2232,Hughes,"", 
NSW,GRAYS POINT,2232,Hughes,"", 
NSW,KAREELA,2232,Hughes,"", 
NSW,KIRRAWEE,2232,Hughes,"", 
NSW,LOFTUS,2232,Hughes,"", 
NSW,ROYAL NATIONAL PARK,2232,Cunningham,"", 
NSW,ROYAL NATIONAL PARK,2232,Hughes,"", 
NSW,SUTHERLAND,2232,Hughes,"", 
NSW,WORONORA,2232,Hughes,"", 
NSW,ENGADINE,2233,Hughes,"", 
NSW,HEATHCOTE,2233,Hughes,"", 
NSW,WATERFALL,2233,Hughes,"", 
NSW,WORONORA HEIGHTS,2233,Hughes,"", 
NSW,YARRAWARRAH,2233,Hughes,"", 
NSW,ALFORDS POINT,2234,Hughes,"", 
NSW,BANGOR,2234,Hughes,"", 
NSW,BARDEN RIDGE,2234,Hughes,"", 
NSW,ILLAWONG,2234,Hughes,"", 
NSW,LUCAS HEIGHTS,2234,Hughes,"", 
NSW,MENAI,2234,Hughes,"", 
NSW,BUCKETTY,2250,Hunter,"", 
NSW,CALGA,2250,Robertson,"", 
NSW,CENTRAL MANGROVE,2250,Robertson,"", 
NSW,EAST GOSFORD,2250,Robertson,"", 
NSW,ERINA,2250,Robertson,"", 
NSW,GLENWORTH VALLEY,2250,Robertson,"", 
NSW,GOSFORD,2250,Robertson,"", 
NSW,GREENGROVE,2250,Robertson,"", 
NSW,HOLGATE,2250,Dobell,"", 
NSW,HOLGATE,2250,Robertson,"", 
NSW,KARIONG,2250,Robertson,"", 
NSW,KULNURA,2250,Dobell,"", 
NSW,KULNURA,2250,Robertson,"", 
NSW,LISAROW,2250,Dobell,"", 
NSW,LISAROW,2250,Robertson,"", 
NSW,LOWER MANGROVE,2250,Robertson,"", 
NSW,MANGROVE CREEK,2250,Robertson,"", 
NSW,MANGROVE MOUNTAIN,2250,Robertson,"", 
NSW,MATCHAM,2250,Dobell,"", 
NSW,MOONEY MOONEY CREEK,2250,Robertson,"", 
NSW,MOUNT ELLIOT,2250,Dobell,"", 
NSW,MOUNT SIMPSON,2250,Hunter,"", 
NSW,MOUNT WHITE,2250,Robertson,"", 
NSW,NARARA,2250,Dobell,"", 
NSW,NARARA,2250,Robertson,"", 
NSW,NIAGARA PARK,2250,Dobell,"", 
NSW,NIAGARA PARK,2250,Robertson,"", 
NSW,NORTH GOSFORD,2250,Robertson,"", 
NSW,PEATS RIDGE,2250,Robertson,"", 
NSW,POINT CLARE,2250,Robertson,"", 
NSW,POINT FREDERICK,2250,Robertson,"", 
NSW,SOMERSBY,2250,Robertson,"", 
NSW,SPRINGFIELD,2250,Robertson,"", 
NSW,TASCOTT,2250,Robertson,"", 
NSW,TEN MILE HOLLOW,2250,Macquarie,"", 
NSW,TEN MILE HOLLOW,2250,Robertson,"", 
NSW,UPPER MANGROVE,2250,Robertson,"", 
NSW,WENDOREE PARK,2250,Robertson,"", 
NSW,WEST GOSFORD,2250,Robertson,"", 
NSW,WYOMING,2250,Dobell,"", 
NSW,AVOCA BEACH,2251,Robertson,"", 
NSW,BENSVILLE,2251,Robertson,"", 
NSW,BOUDDI,2251,Robertson,"", 
NSW,COPACABANA,2251,Robertson,"", 
NSW,DAVISTOWN,2251,Robertson,"", 
NSW,GREEN POINT,2251,Robertson,"", 
NSW,KINCUMBER,2251,Robertson,"", 
NSW,KINCUMBER SOUTH,2251,Robertson,"", 
NSW,MACMASTERS BEACH,2251,Robertson,"", 
NSW,PICKETTS VALLEY,2251,Robertson,"", 
NSW,SARATOGA,2251,Robertson,"", 
NSW,YATTALUNGA,2251,Robertson,"", 
NSW,BLACKWALL,2256,Robertson,"", 
NSW,HORSFIELD BAY,2256,Robertson,"", 
NSW,KOOLEWONG,2256,Robertson,"", 
NSW,LITTLE WOBBY,2256,Robertson,"", 
NSW,PATONGA,2256,Robertson,"", 
NSW,PEARL BEACH,2256,Robertson,"", 
NSW,PHEGANS BAY,2256,Robertson,"", 
NSW,WONDABYNE,2256,Robertson,"", 
NSW,WOY WOY,2256,Robertson,"", 
NSW,WOY WOY BAY,2256,Robertson,"", 
NSW,BOOKER BAY,2257,Robertson,"", 
NSW,DALEYS POINT,2257,Robertson,"", 
NSW,EMPIRE BAY,2257,Robertson,"", 
NSW,ETTALONG BEACH,2257,Robertson,"", 
NSW,HARDYS BAY,2257,Robertson,"", 
NSW,KILLCARE,2257,Robertson,"", 
NSW,KILLCARE HEIGHTS,2257,Robertson,"", 
NSW,PRETTY BEACH,2257,Robertson,"", 
NSW,ST HUBERTS ISLAND,2257,Robertson,"", 
NSW,UMINA BEACH,2257,Robertson,"", 
NSW,WAGSTAFFE,2257,Robertson,"", 
NSW,FOUNTAINDALE,2258,Dobell,"", 
NSW,KANGY ANGY,2258,Dobell,"", 
NSW,OURIMBAH,2258,Dobell,"", 
NSW,PALM GROVE,2258,Dobell,"", 
NSW,PALMDALE,2258,Dobell,"", 
NSW,ALISON,2259,Dobell,"", 
NSW,BUSHELLS RIDGE,2259,Dobell,"", 
NSW,CEDAR BRUSH CREEK,2259,Dobell,"", 
NSW,CHAIN VALLEY BAY,2259,Shortland,"", 
NSW,CRANGAN BAY,2259,Shortland,"", 
NSW,DOORALONG,2259,Dobell,"", 
NSW,DURREN DURREN,2259,Dobell,"", 
NSW,FRAZER PARK,2259,Shortland,"", 
NSW,FREEMANS,2259,Shortland,"", 
NSW,GWANDALAN,2259,Shortland,"", 
NSW,HALLORAN,2259,Dobell,"", 
NSW,HAMLYN TERRACE,2259,Cowper,"", 
NSW,HAMLYN TERRACE,2259,Dobell,"", 
NSW,JILLIBY,2259,Dobell,"", 
NSW,KANWAL,2259,Dobell,"", 
NSW,KIAR,2259,Dobell,"", 
NSW,KINGFISHER SHORES,2259,Shortland,"", 
NSW,LAKE MUNMORAH,2259,Shortland,"", 
NSW,LEMON TREE,2259,Dobell,"", 
NSW,LITTLE JILLIBY,2259,Dobell,"", 
NSW,MANNERING PARK,2259,Shortland,"", 
NSW,MARDI,2259,Dobell,"", 
NSW,MOONEE,2259,Shortland,"", 
NSW,POINT WOLSTONCROFT,2259,Shortland,"", 
NSW,RAVENSDALE,2259,Dobell,"", 
NSW,ROCKY POINT,2259,Dobell,"", 
NSW,SUMMERLAND POINT,2259,Shortland,"", 
NSW,TACOMA,2259,Dobell,"", 
NSW,TACOMA SOUTH,2259,Dobell,"", 
NSW,TUGGERAH,2259,Dobell,"", 
NSW,TUGGERAWONG,2259,Dobell,"", 
NSW,WADALBA,2259,Dobell,"", 
NSW,WALLARAH,2259,Dobell,"", 
NSW,WARNERVALE,2259,Dobell,"", 
NSW,WATANOBBI,2259,Dobell,"", 
NSW,WOONGARRAH,2259,Dobell,"", 
NSW,WYBUNG,2259,Shortland,"", 
NSW,WYEE,2259,Hunter,"", 
NSW,WYEE POINT,2259,Hunter,"", 
NSW,WYONG,2259,Dobell,"", 
NSW,WYONG CREEK,2259,Dobell,"", 
NSW,WYONGAH,2259,Dobell,"", 
NSW,YARRAMALONG,2259,Dobell,"", 
NSW,ERINA HEIGHTS,2260,Dobell,"", 
NSW,ERINA HEIGHTS,2260,Robertson,"", 
NSW,FORRESTERS BEACH,2260,Dobell,"", 
NSW,NORTH AVOCA,2260,Robertson,"", 
NSW,TERRIGAL,2260,Robertson,"", 
NSW,WAMBERAL,2260,Dobell,"", 
NSW,WAMBERAL,2260,Robertson,"", 
NSW,BATEAU BAY,2261,Dobell,"", 
NSW,BERKELEY VALE,2261,Dobell,"", 
NSW,BLUE BAY,2261,Dobell,"", 
NSW,CHITTAWAY BAY,2261,Dobell,"", 
NSW,CHITTAWAY POINT,2261,Dobell,"", 
NSW,GLENNING VALLEY,2261,Dobell,"", 
NSW,KILLARNEY VALE,2261,Dobell,"", 
NSW,LONG JETTY,2261,Dobell,"", 
NSW,MAGENTA,2261,Dobell,"", 
NSW,SHELLY BEACH,2261,Dobell,"", 
NSW,THE ENTRANCE,2261,Dobell,"", 
NSW,THE ENTRANCE NORTH,2261,Dobell,"", 
NSW,TOOWOON BAY,2261,Dobell,"", 
NSW,TUMBI UMBI,2261,Dobell,"", 
NSW,BLUE HAVEN,2262,Dobell,"", 
NSW,BUDGEWOI,2262,Shortland,"", 
NSW,BUDGEWOI PENINSULA,2262,Shortland,"", 
NSW,BUFF POINT,2262,Shortland,"", 
NSW,COLONGRA,2262,Shortland,"", 
NSW,DOYALSON,2262,Dobell,"", 
NSW,DOYALSON,2262,Shortland,"", 
NSW,DOYALSON NORTH,2262,Shortland,"", 
NSW,HALEKULANI,2262,Shortland,"", 
NSW,SAN REMO,2262,Shortland,"", 
NSW,CANTON BEACH,2263,Dobell,"", 
NSW,CHARMHAVEN,2263,Dobell,"", 
NSW,GOROKAN,2263,Dobell,"", 
NSW,LAKE HAVEN,2263,Dobell,"", 
NSW,NORAH HEAD,2263,Dobell,"", 
NSW,NORAVILLE,2263,Dobell,"", 
NSW,TOUKLEY,2263,Dobell,"", 
NSW,BALCOLYN,2264,Hunter,"", 
NSW,BONNELLS BAY,2264,Hunter,"", 
NSW,BRIGHTWATERS,2264,Hunter,"", 
NSW,DORA CREEK,2264,Hunter,"", 
NSW,ERARING,2264,Hunter,"", 
NSW,MANDALONG,2264,Hunter,"", 
NSW,MIRRABOOKA,2264,Hunter,"", 
NSW,MORISSET,2264,Hunter,"", 
NSW,MORISSET PARK,2264,Hunter,"", 
NSW,MYUNA BAY,2264,Hunter,"", 
NSW,SILVERWATER,2264,Hunter,"", 
NSW,SUNSHINE,2264,Hunter,"", 
NSW,WINDERMERE PARK,2264,Hunter,"", 
NSW,YARRAWONGA PARK,2264,Hunter,"", 
NSW,COORANBONG,2265,Hunter,"", 
NSW,MARTINSVILLE,2265,Hunter,"", 
NSW,WANGI WANGI,2267,Hunter,"", 
NSW,BARNSLEY,2278,Hunter,"", 
NSW,KILLINGWORTH,2278,Hunter,"", 
NSW,WAKEFIELD,2278,Hunter,"", 
NSW,BELMONT,2280,Shortland,"", 
NSW,BELMONT NORTH,2280,Shortland,"", 
NSW,BELMONT SOUTH,2280,Shortland,"", 
NSW,CROUDACE BAY,2280,Shortland,"", 
NSW,FLORAVILLE,2280,Shortland,"", 
NSW,JEWELLS,2280,Shortland,"", 
NSW,MARKS POINT,2280,Shortland,"", 
NSW,VALENTINE,2280,Shortland,"", 
NSW,BLACKSMITHS,2281,Shortland,"", 
NSW,CAMS WHARF,2281,Shortland,"", 
NSW,CATHERINE HILL BAY,2281,Shortland,"", 
NSW,CAVES BEACH,2281,Shortland,"", 
NSW,LITTLE PELICAN,2281,Shortland,"", 
NSW,MURRAYS BEACH,2281,Shortland,"", 
NSW,NORDS WHARF,2281,Shortland,"", 
NSW,PELICAN,2281,Shortland,"", 
NSW,PINNY BEACH,2281,Shortland,"", 
NSW,SWANSEA,2281,Shortland,"", 
NSW,SWANSEA HEADS,2281,Shortland,"", 
NSW,ELEEBANA,2282,Shortland,"", 
NSW,LAKELANDS,2282,Shortland,"", 
NSW,WARNERS BAY,2282,Shortland,"", 
NSW,ARCADIA VALE,2283,Hunter,"", 
NSW,AWABA,2283,Hunter,"", 
NSW,BALMORAL,2283,Hunter,"", 
NSW,BLACKALLS PARK,2283,Hunter,"", 
NSW,BOLTON POINT,2283,Hunter,"", 
NSW,BUTTABA,2283,Hunter,"", 
NSW,CAREY BAY,2283,Hunter,"", 
NSW,COAL POINT,2283,Hunter,"", 
NSW,FASSIFERN,2283,Hunter,"", 
NSW,FENNELL BAY,2283,Hunter,"", 
NSW,FISHING POINT,2283,Hunter,"", 
NSW,KILABEN BAY,2283,Hunter,"", 
NSW,RATHMINES,2283,Hunter,"", 
NSW,RYHOPE,2283,Hunter,"", 
NSW,TORONTO,2283,Hunter,"", 
NSW,ARGENTON,2284,Hunter,"", 
NSW,BOOLAROO,2284,Shortland,"", 
NSW,BOORAGUL,2284,Hunter,"", 
NSW,COCKLE CREEK,2284,Hunter,"", 
NSW,MARMONG POINT,2284,Hunter,"", 
NSW,SPEERS POINT,2284,Shortland,"", 
NSW,TERALBA,2284,Hunter,"", 
NSW,WOODRISING,2284,Hunter,"", 
NSW,CAMERON PARK,2285,Hunter,"", 
NSW,CARDIFF,2285,Hunter,"", 
NSW,CARDIFF,2285,Shortland,"", 
NSW,CARDIFF HEIGHTS,2285,Newcastle,"", 
NSW,CARDIFF HEIGHTS,2285,Shortland,"", 
NSW,CARDIFF SOUTH,2285,Shortland,"", 
NSW,EDGEWORTH,2285,Hunter,"", 
NSW,GLENDALE,2285,Hunter,"", 
NSW,GLENDALE,2285,Newcastle,"", 
NSW,MACQUARIE HILLS,2285,Shortland,"", 
NSW,HOLMESVILLE,2286,Hunter,"", 
NSW,SEAHAMPTON,2286,Hunter,"", 
NSW,WEST WALLSEND,2286,Hunter,"", 
NSW,BIRMINGHAM GARDENS,2287,Newcastle,"", 
NSW,ELERMORE VALE,2287,Hunter,"", 
NSW,ELERMORE VALE,2287,Newcastle,"", 
NSW,FLETCHER,2287,Newcastle,"", 
NSW,MARYLAND,2287,Newcastle,"", 
NSW,MINMI,2287,Newcastle,"", 
NSW,RANKIN PARK,2287,Newcastle,"", 
NSW,WALLSEND,2287,Hunter,"", 
NSW,WALLSEND,2287,Newcastle,"", 
NSW,ADAMSTOWN,2289,Newcastle,"", 
NSW,ADAMSTOWN HEIGHTS,2289,Newcastle,"", 
NSW,ADAMSTOWN HEIGHTS,2289,Shortland,"", 
NSW,GARDEN SUBURB,2289,Shortland,"", 
NSW,HIGHFIELDS,2289,Shortland,"", 
NSW,KOTARA,2289,Newcastle,"", 
NSW,KOTARA,2289,Shortland,"", 
NSW,KOTARA SOUTH,2289,Shortland,"", 
NSW,BENNETTS GREEN,2290,Shortland,"", 
NSW,CHARLESTOWN,2290,Shortland,"", 
NSW,DUDLEY,2290,Shortland,"", 
NSW,GATESHEAD,2290,Shortland,"", 
NSW,HILLSBOROUGH,2290,Shortland,"", 
NSW,KAHIBAH,2290,Shortland,"", 
NSW,MOUNT HUTTON,2290,Shortland,"", 
NSW,REDHEAD,2290,Shortland,"", 
NSW,TINGIRA HEIGHTS,2290,Shortland,"", 
NSW,WHITEBRIDGE,2290,Shortland,"", 
NSW,MEREWETHER,2291,Newcastle,"", 
NSW,MEREWETHER HEIGHTS,2291,Newcastle,"", 
NSW,THE JUNCTION,2291,Newcastle,"", 
NSW,BROADMEADOW,2292,Newcastle,"", 
NSW,HAMILTON NORTH,2292,Newcastle,"", 
NSW,MARYVILLE,2293,Newcastle,"", 
NSW,WICKHAM,2293,Newcastle,"", 
NSW,CARRINGTON,2294,Newcastle,"", 
NSW,FERN BAY,2295,Paterson,"", 
NSW,STOCKTON,2295,Newcastle,"", 
NSW,ISLINGTON,2296,Newcastle,"", 
NSW,TIGHES HILL,2297,Newcastle,"", 
NSW,GEORGETOWN,2298,Newcastle,"", 
NSW,WARATAH,2298,Newcastle,"", 
NSW,WARATAH WEST,2298,Newcastle,"", 
NSW,JESMOND,2299,Newcastle,"", 
NSW,LAMBTON,2299,Newcastle,"", 
NSW,NORTH LAMBTON,2299,Newcastle,"", 
NSW,BAR BEACH,2300,Newcastle,"", 
NSW,COOKS HILL,2300,Newcastle,"", 
NSW,NEWCASTLE,2300,Newcastle,"", 
NSW,NEWCASTLE EAST,2300,Newcastle,"", 
NSW,THE HILL,2300,Newcastle,"", 
NSW,NEWCASTLE WEST,2302,Newcastle,"", 
NSW,HAMILTON,2303,Newcastle,"", 
NSW,HAMILTON EAST,2303,Newcastle,"", 
NSW,HAMILTON SOUTH,2303,Newcastle,"", 
NSW,KOORAGANG,2304,Newcastle,"", 
NSW,MAYFIELD,2304,Newcastle,"", 
NSW,MAYFIELD EAST,2304,Newcastle,"", 
NSW,MAYFIELD NORTH,2304,Newcastle,"", 
NSW,MAYFIELD WEST,2304,Newcastle,"", 
NSW,SANDGATE,2304,Newcastle,"", 
NSW,WARABROOK,2304,Newcastle,"", 
NSW,NEW LAMBTON,2305,Newcastle,"", 
NSW,NEW LAMBTON HEIGHTS,2305,Newcastle,"", 
NSW,NEW LAMBTON HEIGHTS,2305,Shortland,"", 
NSW,WINDALE,2306,Shortland,"", 
NSW,SHORTLAND,2307,Newcastle,"", 
NSW,CALLAGHAN,2308,Newcastle,"", 
NSW,NEWCASTLE UNIVERSITY,2308,Newcastle,"",CALLAGHAN
NSW,ALLYNBROOK,2311,Lyne,"", 
NSW,BINGLEBURRA,2311,Lyne,"", 
NSW,CARRABOLLA,2311,Lyne,"", 
NSW,EAST GRESFORD,2311,Lyne,"", 
NSW,ECCLESTON,2311,Lyne,"", 
NSW,GRESFORD,2311,Lyne,"", 
NSW,HALTON,2311,Lyne,"", 
NSW,LEWINSBROOK,2311,Lyne,"", 
NSW,LOSTOCK,2311,Lyne,"", 
NSW,MOUNT RIVERS,2311,Lyne,"", 
NSW,UPPER ALLYN,2311,Lyne,"", 
NSW,MINIMBAH,2312,Lyne,"", 
NSW,NABIAC,2312,Lyne,"", 
NSW,CORLETTE,2315,Paterson,"", 
NSW,FINGAL BAY,2315,Paterson,"", 
NSW,NELSON BAY,2315,Paterson,"", 
NSW,SHOAL BAY,2315,Paterson,"", 
NSW,ANNA BAY,2316,Paterson,"", 
NSW,BOAT HARBOUR,2316,Paterson,"", 
NSW,BOBS FARM,2316,Paterson,"", 
NSW,FISHERMANS BAY,2316,Paterson,"", 
NSW,ONE MILE,2316,Paterson,"", 
NSW,TAYLORS BEACH,2316,Paterson,"", 
NSW,SALAMANDER BAY,2317,Paterson,"", 
NSW,SOLDIERS POINT,2317,Paterson,"", 
NSW,CAMPVALE,2318,Paterson,"", 
NSW,FERODALE,2318,Lyne,"", 
NSW,FERODALE,2318,Paterson,"", 
NSW,FULLERTON COVE,2318,Paterson,"", 
NSW,MEDOWIE,2318,Paterson,"", 
NSW,OYSTER COVE,2318,Paterson,"", 
NSW,SALT ASH,2318,Paterson,"", 
NSW,WILLIAMTOWN,2318,Paterson,"", 
NSW,LEMON TREE PASSAGE,2319,Paterson,"", 
NSW,MALLABULA,2319,Paterson,"", 
NSW,TANILBA BAY,2319,Paterson,"", 
NSW,ABERGLASSLYN,2320,Paterson,"", 
NSW,ALLANDALE,2320,Hunter,"", 
NSW,ALLANDALE,2320,Paterson,"", 
NSW,ANAMBAH,2320,Paterson,"", 
NSW,BOLWARRA,2320,Lyne,"", 
NSW,BOLWARRA HEIGHTS,2320,Lyne,"", 
NSW,FARLEY,2320,Paterson,"", 
NSW,GLEN OAK,2320,Lyne,"", 
NSW,GOSFORTH,2320,Paterson,"", 
NSW,HILLSBOROUGH,2320,Lyne,"", 
NSW,HORSESHOE BEND,2320,Paterson,"", 
NSW,KEINBAH,2320,Hunter,"", 
NSW,LARGS,2320,Lyne,"", 
NSW,LORN,2320,Lyne,"", 
NSW,LOUTH PARK,2320,Paterson,"", 
NSW,MAITLAND,2320,Paterson,"", 
NSW,MAITLAND VALE,2320,Lyne,"", 
NSW,MELVILLE,2320,Lyne,"", 
NSW,MINDARIBBA,2320,Lyne,"", 
NSW,MOUNT DEE,2320,Paterson,"", 
NSW,OAKHAMPTON,2320,Paterson,"", 
NSW,OAKHAMPTON HEIGHTS,2320,Paterson,"", 
NSW,POKOLBIN,2320,Hunter,"", 
NSW,ROSEBROOK,2320,Lyne,"", 
NSW,ROTHBURY,2320,Hunter,"", 
NSW,RUTHERFORD,2320,Paterson,"", 
NSW,SOUTH MAITLAND,2320,Paterson,"", 
NSW,TELARAH,2320,Paterson,"", 
NSW,WALLALONG,2320,Lyne,"", 
NSW,WINDELLA,2320,Paterson,"", 
NSW,BERRY PARK,2321,Paterson,"", 
NSW,BUTTERWICK,2321,Lyne,"", 
NSW,CLARENCE TOWN,2321,Lyne,"", 
NSW,CLIFTLEIGH,2321,Paterson,"", 
NSW,DUCKENFIELD,2321,Paterson,"", 
NSW,DUNS CREEK,2321,Lyne,"", 
NSW,GILLIESTON HEIGHTS,2321,Paterson,"", 
NSW,GLEN MARTIN,2321,Lyne,"", 
NSW,GLEN WILLIAM,2321,Lyne,"", 
NSW,HARPERS HILL,2321,Paterson,"", 
NSW,HEDDON GRETA,2321,Paterson,"", 
NSW,HINTON,2321,Lyne,"", 
NSW,LOCHINVAR,2321,Paterson,"", 
NSW,LUSKINTYRE,2321,Lyne,"", 
NSW,MORPETH,2321,Paterson,"", 
NSW,OSWALD,2321,Paterson,"", 
NSW,PHOENIX PARK,2321,Lyne,"", 
NSW,RAWORTH,2321,Paterson,"", 
NSW,SWAN REACH,2321,Lyne,"",HINTON
NSW,WINDERMERE,2321,Paterson,"", 
NSW,WOODVILLE,2321,Lyne,"", 
NSW,ASH ISLAND,2322,Newcastle,"",KOORAGANG
NSW,BERESFIELD,2322,Paterson,"", 
NSW,BLACK HILL,2322,Paterson,"", 
NSW,CHISHOLM,2322,Paterson,"", 
NSW,HEXHAM,2322,Newcastle,"", 
NSW,HEXHAM,2322,Paterson,"", 
NSW,LENAGHAN,2322,Paterson,"", 
NSW,STOCKRINGTON,2322,Paterson,"", 
NSW,TARRO,2322,Paterson,"", 
NSW,THORNTON,2322,Paterson,"", 
NSW,TOMAGO,2322,Paterson,"", 
NSW,WOODBERRY,2322,Paterson,"", 
NSW,ASHTONFIELD,2323,Paterson,"", 
NSW,BRUNKERVILLE,2323,Hunter,"", 
NSW,BUCHANAN,2323,Paterson,"", 
NSW,BUTTAI,2323,Paterson,"", 
NSW,EAST MAITLAND,2323,Paterson,"", 
NSW,FOUR MILE CREEK,2323,Paterson,"",ASHTONFIELD
NSW,FREEMANS WATERHOLE,2323,Hunter,"", 
NSW,METFORD,2323,Paterson,"", 
NSW,MOUNT VINCENT,2323,Hunter,"", 
NSW,MULBRING,2323,Hunter,"", 
NSW,PITNACREE,2323,Paterson,"", 
NSW,RICHMOND VALE,2323,Hunter,"", 
NSW,RICHMOND VALE,2323,Paterson,"", 
NSW,TENAMBIT,2323,Paterson,"", 
NSW,BALICKERA,2324,Lyne,"", 
NSW,BRANDY HILL,2324,Lyne,"", 
NSW,BUNDABAH,2324,Lyne,"", 
NSW,CARRINGTON,2324,Lyne,"", 
NSW,EAGLETON,2324,Paterson,"", 
NSW,EAST SEAHAM,2324,Lyne,"", 
NSW,HAWKS NEST,2324,Lyne,"", 
NSW,HEATHERBRAE,2324,Paterson,"", 
NSW,KARUAH,2324,Lyne,"", 
NSW,LIMEBURNERS CREEK,2324,Lyne,"", 
NSW,MILLERS FOREST,2324,Paterson,"", 
NSW,MOTTO FARM,2324,Paterson,"",HEATHERBRAE
NSW,MOUNT KANWARY,2324,Lyne,"",HINTON
NSW,NELSONS PLAINS,2324,Lyne,"", 
NSW,NORTH ARM COVE,2324,Lyne,"", 
NSW,OSTERLEY,2324,Lyne,"", 
NSW,PINDIMAR,2324,Lyne,"", 
NSW,RAYMOND TERRACE,2324,Paterson,"", 
NSW,SEAHAM,2324,Lyne,"", 
NSW,SWAN BAY,2324,Lyne,"", 
NSW,SWAN BAY,2324,Paterson,"", 
NSW,TAHLEE,2324,Lyne,"", 
NSW,TEA GARDENS,2324,Lyne,"", 
NSW,TWELVE MILE CREEK,2324,Lyne,"", 
NSW,ABERDARE,2325,Hunter,"", 
NSW,ABERNETHY,2325,Hunter,"", 
NSW,BELLBIRD,2325,Hunter,"", 
NSW,BELLBIRD HEIGHTS,2325,Hunter,"", 
NSW,CEDAR CREEK,2325,Hunter,"", 
NSW,CESSNOCK,2325,Hunter,"", 
NSW,CONGEWAI,2325,Hunter,"", 
NSW,DAIRY ARM,2325,Hunter,"", 
NSW,ELLALONG,2325,Hunter,"", 
NSW,ELRINGTON,2325,Hunter,"", 
NSW,FERNANCES CROSSING,2325,Hunter,"", 
NSW,GRETA MAIN,2325,Hunter,"", 
NSW,KEARSLEY,2325,Hunter,"", 
NSW,KITCHENER,2325,Hunter,"", 
NSW,LAGUNA,2325,Hunter,"", 
NSW,LOVEDALE,2325,Hunter,"", 
NSW,MILLFIELD,2325,Hunter,"", 
NSW,MILSONS ARM,2325,Hunter,"", 
NSW,MOUNT VIEW,2325,Hunter,"", 
NSW,MURRAYS RUN,2325,Hunter,"", 
NSW,NULKABA,2325,Hunter,"", 
NSW,PAXTON,2325,Hunter,"", 
NSW,PAYNES CROSSING,2325,Hunter,"", 
NSW,PELTON,2325,Hunter,"", 
NSW,QUORROBOLONG,2325,Hunter,"", 
NSW,SWEETMANS CREEK,2325,Hunter,"", 
NSW,WATAGAN,2325,Hunter,"", 
NSW,WOLLOMBI,2325,Hunter,"", 
NSW,YALLAMBIE,2325,Hunter,"", 
NSW,YANGO CREEK,2325,Hunter,"",WOLLOMBI
NSW,ABERMAIN,2326,Paterson,"", 
NSW,BISHOPS BRIDGE,2326,Paterson,"", 
NSW,LOXFORD,2326,Paterson,"", 
NSW,NEATH,2326,Paterson,"", 
NSW,SAWYERS GULLY,2326,Paterson,"", 
NSW,TOMALPIN,2326,Hunter,"", 
NSW,WESTON,2326,Paterson,"", 
NSW,KURRI KURRI,2327,Paterson,"", 
NSW,PELAW MAIN,2327,Paterson,"", 
NSW,STANFORD MERTHYR,2327,Paterson,"", 
NSW,BUREEN,2328,Hunter,"", 
NSW,DALSWINTON,2328,Hunter,"", 
NSW,DENMAN,2328,Hunter,"", 
NSW,KERRABEE,2328,Hunter,"", 
NSW,MANGOOLA,2328,Hunter,"", 
NSW,MARTINDALE,2328,Hunter,"", 
NSW,MYAMBAT,2328,Hunter,"",DENMAN
NSW,WIDDEN,2328,Hunter,"", 
NSW,YARRAWA,2328,Hunter,"", 
NSW,CASSILIS,2329,New England,"", 
NSW,CASSILIS,2329,Parkes,"", 
NSW,MERRIWA,2329,New England,"", 
NSW,UARBRY,2329,Parkes,"", 
NSW,APPLETREE FLAT,2330,Hunter,"", 
NSW,BIG RIDGE,2330,Hunter,"", 
NSW,BOWMANS CREEK,2330,Hunter,"", 
NSW,BRIDGMAN,2330,Hunter,"", 
NSW,BROKE,2330,Hunter,"", 
NSW,BULGA,2330,Hunter,"", 
NSW,CAMBERWELL,2330,Hunter,"", 
NSW,CARROWBROOK,2330,Hunter,"", 
NSW,CLYDESDALE,2330,Hunter,"", 
NSW,COMBO,2330,Hunter,"", 
NSW,DARLINGTON,2330,Hunter,"", 
NSW,DAWSONS HILL,2330,Hunter,"",GOORANGOOLA
NSW,DOYLES CREEK,2330,Hunter,"", 
NSW,DUNOLLY,2330,Hunter,"", 
NSW,DURAL,2330,Hunter,"", 
NSW,DYRRING,2330,Hunter,"", 
NSW,FALBROOK,2330,Hunter,"", 
NSW,FERN GULLY,2330,Hunter,"", 
NSW,FORDWICH,2330,Hunter,"", 
NSW,GARLAND VALLEY,2330,Hunter,"", 
NSW,GLENDON,2330,Hunter,"", 
NSW,GLENDON BROOK,2330,Hunter,"", 
NSW,GLENNIES CREEK,2330,Hunter,"", 
NSW,GLENRIDDING,2330,Hunter,"", 
NSW,GOORANGOOLA,2330,Hunter,"", 
NSW,GOULDSVILLE,2330,Hunter,"", 
NSW,GOWRIE,2330,Hunter,"", 
NSW,GREENLANDS,2330,Hunter,"", 
NSW,HAMBLEDON HILL,2330,Hunter,"", 
NSW,HEBDEN,2330,Hunter,"", 
NSW,HOWES VALLEY,2330,Hunter,"", 
NSW,HUNTERVIEW,2330,Hunter,"", 
NSW,JERRYS PLAINS,2330,Hunter,"", 
NSW,LEMINGTON,2330,Hunter,"", 
NSW,LONG POINT,2330,Hunter,"", 
NSW,MAISON DIEU,2330,Hunter,"", 
NSW,MCDOUGALLS HILL,2330,Hunter,"", 
NSW,MIDDLE FALBROOK,2330,Hunter,"", 
NSW,MILBRODALE,2330,Hunter,"", 
NSW,MIRANNIE,2330,Hunter,"", 
NSW,MITCHELLS FLAT,2330,Hunter,"", 
NSW,MOUNT OLIVE,2330,Hunter,"", 
NSW,MOUNT ROYAL,2330,Hunter,"", 
NSW,MOUNT ROYAL,2330,New England,"", 
NSW,MOUNT THORLEY,2330,Hunter,"", 
NSW,OBANVALE,2330,Hunter,"", 
NSW,PUTTY,2330,Hunter,"", 
NSW,PUTTY,2330,Macquarie,"", 
NSW,RAVENSWORTH,2330,Hunter,"", 
NSW,REDBOURNBERRY,2330,Hunter,"", 
NSW,REEDY CREEK,2330,Hunter,"", 
NSW,RIXS CREEK,2330,Hunter,"", 
NSW,ROUGHIT,2330,Hunter,"", 
NSW,SCOTTS FLAT,2330,Hunter,"", 
NSW,SEDGEFIELD,2330,Hunter,"", 
NSW,SINGLETON,2330,Hunter,"", 
NSW,SINGLETON HEIGHTS,2330,Hunter,"", 
NSW,ST CLAIR,2330,Hunter,"", 
NSW,UPPER HEBDEN,2330,Hunter,"", 
NSW,WARKWORTH,2330,Hunter,"", 
NSW,WATTLE PONDS,2330,Hunter,"", 
NSW,WESTBROOK,2330,Hunter,"", 
NSW,WHITTINGHAM,2330,Hunter,"", 
NSW,WYLIES FLAT,2330,Hunter,"", 
NSW,SINGLETON MILITARY AREA,2331,Hunter,"", 
NSW,ANTIENE,2333,Hunter,"",MUSWELLBROOK
NSW,BAERAMI,2333,Hunter,"", 
NSW,BAERAMI CREEK,2333,Hunter,"", 
NSW,BENGALLA,2333,Hunter,"", 
NSW,CASTLE ROCK,2333,Hunter,"", 
NSW,DUNBARS CREEK,2333,Hunter,"",MCCULLYS GAP
NSW,EDDERTON,2333,Hunter,"", 
NSW,GIANTS CREEK,2333,Hunter,"", 
NSW,GUNGAL,2333,Hunter,"", 
NSW,GUNGAL,2333,New England,"", 
NSW,HOLLYDEEN,2333,Hunter,"", 
NSW,KAYUGA,2333,Hunter,"", 
NSW,LIDDELL,2333,Hunter,"", 
NSW,MANOBALAI,2333,Hunter,"", 
NSW,MANOBALAI,2333,New England,"", 
NSW,MCCULLYS GAP,2333,Hunter,"", 
NSW,MUSCLE CREEK,2333,Hunter,"", 
NSW,MUSWELLBROOK,2333,Hunter,"", 
NSW,SANDY HOLLOW,2333,Hunter,"", 
NSW,WYBONG,2333,Hunter,"", 
NSW,GRETA,2334,Hunter,"", 
NSW,GRETA,2334,Paterson,"", 
NSW,BELFORD,2335,Hunter,"", 
NSW,BRANXTON,2335,Hunter,"", 
NSW,DALWOOD,2335,Hunter,"", 
NSW,EAST BRANXTON,2335,Hunter,"", 
NSW,ELDERSLIE,2335,Hunter,"", 
NSW,LAMBS VALLEY,2335,Hunter,"", 
NSW,LAMBS VALLEY,2335,Lyne,"", 
NSW,LECONFIELD,2335,Hunter,"", 
NSW,LOWER BELFORD,2335,Hunter,"", 
NSW,NORTH ROTHBURY,2335,Hunter,"", 
NSW,STANHOPE,2335,Hunter,"", 
NSW,ABERDEEN,2336,Hunter,"", 
NSW,ABERDEEN,2336,New England,"", 
NSW,DARTBROOK,2336,New England,"", 
NSW,DAVIS CREEK,2336,New England,"", 
NSW,ROSSGOLE,2336,New England,"", 
NSW,ROUCHEL,2336,New England,"", 
NSW,ROUCHEL BROOK,2336,Hunter,"", 
NSW,ROUCHEL BROOK,2336,New England,"", 
NSW,UPPER DARTBROOK,2336,New England,"", 
NSW,UPPER ROUCHEL,2336,New England,"", 
NSW,BELLTREES,2337,New England,"", 
NSW,BRAWBOY,2337,New England,"", 
NSW,BUNNAN,2337,New England,"", 
NSW,DRY CREEK,2337,New England,"", 
NSW,ELLERSTON,2337,New England,"", 
NSW,GLENBAWN,2337,New England,"", 
NSW,GLENROCK,2337,New England,"", 
NSW,GUNDY,2337,New England,"", 
NSW,KARS SPRINGS,2337,New England,"", 
NSW,MIDDLE BROOK,2337,New England,"", 
NSW,MOOBI,2337,New England,"", 
NSW,MOONAN BROOK,2337,New England,"", 
NSW,MOONAN FLAT,2337,New England,"", 
NSW,MURULLA,2337,New England,"", 
NSW,OMADALE,2337,New England,"", 
NSW,OWENS GAP,2337,New England,"", 
NSW,PAGES CREEK,2337,New England,"", 
NSW,PARKVILLE,2337,New England,"", 
NSW,SCONE,2337,New England,"", 
NSW,SEGENHOE,2337,New England,"", 
NSW,STEWARTS BROOK,2337,New England,"", 
NSW,TOMALLA,2337,New England,"", 
NSW,WAVERLY,2337,New England,"", 
NSW,WINGEN,2337,New England,"", 
NSW,WOOLOOMA,2337,New England,"", 
NSW,ARDGLEN,2338,New England,"", 
NSW,BLANDFORD,2338,New England,"", 
NSW,CRAWNEY,2338,New England,"", 
NSW,GREEN CREEK,2338,New England,"", 
NSW,MURRURUNDI,2338,New England,"", 
NSW,PAGES RIVER,2338,New England,"", 
NSW,SANDY CREEK,2338,New England,"", 
NSW,SCOTTS CREEK,2338,New England,"", 
NSW,TIMOR,2338,New England,"", 
NSW,BIG JACKS CREEK,2339,New England,"", 
NSW,BRAEFIELD,2339,New England,"", 
NSW,CATTLE CREEK,2339,New England,"", 
NSW,CHILCOTTS CREEK,2339,New England,"", 
NSW,LITTLE JACKS CREEK,2339,New England,"", 
NSW,MACDONALDS CREEK,2339,New England,"", 
NSW,PARRAWEENA,2339,New England,"", 
NSW,WARRAH,2339,New England,"", 
NSW,WARRAH CREEK,2339,New England,"", 
NSW,WILLOW TREE,2339,New England,"", 
NSW,APPLEBY,2340,New England,"", 
NSW,BARRY,2340,New England,"", 
NSW,BECTIVE,2340,New England,"", 
NSW,BITHRAMERE,2340,New England,"", 
NSW,BOWLING ALLEY POINT,2340,New England,"", 
NSW,CALALA,2340,New England,"", 
NSW,CARROLL,2340,Parkes,"", 
NSW,DARUKA,2340,New England,"", 
NSW,DUNCANS CREEK,2340,New England,"", 
NSW,DUNGOWAN,2340,New England,"", 
NSW,EAST TAMWORTH,2340,New England,"", 
NSW,GAROO,2340,New England,"", 
NSW,GIDLEY,2340,New England,"", 
NSW,GOONOO GOONOO,2340,New England,"", 
NSW,GOWRIE,2340,New England,"", 
NSW,HALLSVILLE,2340,New England,"", 
NSW,HANGING ROCK,2340,New England,"", 
NSW,HILLVUE,2340,New England,"", 
NSW,KEEPIT,2340,New England,"", 
NSW,KEEPIT,2340,Parkes,"", 
NSW,KINGSWOOD,2340,New England,"", 
NSW,LOOMBERAH,2340,New England,"", 
NSW,MOORE CREEK,2340,New England,"", 
NSW,NEMINGHA,2340,New England,"", 
NSW,NORTH TAMWORTH,2340,New England,"", 
NSW,NUNDLE,2340,New England,"", 
NSW,OGUNBIL,2340,New England,"", 
NSW,OXLEY VALE,2340,New England,"", 
NSW,PIALLAMORE,2340,New England,"", 
NSW,SOMERTON,2340,New England,"", 
NSW,SOUTH TAMWORTH,2340,New England,"", 
NSW,TAMINDA,2340,New England,"", 
NSW,TAMWORTH,2340,New England,"", 
NSW,TIMBUMBURI,2340,New England,"", 
NSW,WALLAMORE,2340,New England,"", 
NSW,WARRAL,2340,New England,"", 
NSW,WEABONGA,2340,New England,"", 
NSW,WEST TAMWORTH,2340,New England,"", 
NSW,WESTDALE,2340,New England,"", 
NSW,WOOLOMIN,2340,New England,"", 
NSW,WERRIS CREEK,2341,New England,"", 
NSW,CURRABUBULA,2342,New England,"", 
NSW,PIALLAWAY,2342,New England,"", 
NSW,PIALLAWAY,2342,Parkes,"", 
NSW,BLACKVILLE,2343,New England,"", 
NSW,BORAMBIL,2343,New England,"", 
NSW,BUNDELLA,2343,New England,"", 
NSW,CAROONA,2343,New England,"", 
NSW,CAROONA,2343,Parkes,"", 
NSW,COLLY BLUE,2343,New England,"", 
NSW,COOMOO COOMOO,2343,New England,"", 
NSW,PINE RIDGE,2343,New England,"", 
NSW,QUIPOLLY,2343,New England,"", 
NSW,QUIRINDI,2343,New England,"", 
NSW,SPRING RIDGE,2343,New England,"", 
NSW,SPRING RIDGE,2343,Parkes,"", 
NSW,WALLABADAH,2343,New England,"", 
NSW,WARRAH RIDGE,2343,New England,"", 
NSW,WINDY,2343,New England,"", 
NSW,YANNERGEE,2343,New England,"", 
NSW,YARRAMAN,2343,New England,"", 
NSW,DURI,2344,New England,"", 
NSW,WINTON,2344,New England,"", 
NSW,ATTUNGA,2345,New England,"", 
NSW,GARTHOWEN,2345,New England,"", 
NSW,BORAH CREEK,2346,New England,"", 
NSW,HALLS CREEK,2346,New England,"", 
NSW,KLORI,2346,New England,"", 
NSW,MANILLA,2346,New England,"", 
NSW,NAMOI RIVER,2346,New England,"", 
NSW,NEW MEXICO,2346,New England,"", 
NSW,RUSHES CREEK,2346,New England,"", 
NSW,UPPER MANILLA,2346,New England,"", 
NSW,WONGO CREEK,2346,New England,"", 
NSW,BANOON,2347,New England,"", 
NSW,BANOON,2347,Parkes,"", 
NSW,BARRABA,2347,New England,"", 
NSW,CARODA,2347,New England,"", 
NSW,COBBADAH,2347,New England,"", 
NSW,GULF CREEK,2347,New England,"", 
NSW,GUNDAMULDA,2347,New England,"", 
NSW,IRONBARK,2347,New England,"", 
NSW,LINDESAY,2347,New England,"", 
NSW,LONGARM,2347,New England,"", 
NSW,MAYVALE,2347,New England,"", 
NSW,RED HILL,2347,New England,"", 
NSW,THIRLDENE,2347,New England,"", 
NSW,UPPER HORTON,2347,New England,"", 
NSW,WOODSREEF,2347,New England,"", 
NSW,ABERFOYLE,2350,New England,"", 
NSW,ABINGTON,2350,New England,"", 
NSW,ARMIDALE,2350,New England,"", 
NSW,BOOROLONG,2350,New England,"", 
NSW,CASTLE DOYLE,2350,New England,"", 
NSW,DANGARSLEIGH,2350,New England,"", 
NSW,DONALD CREEK,2350,New England,"", 
NSW,DUMARESQ,2350,New England,"", 
NSW,DUVAL,2350,New England,"", 
NSW,ENMORE,2350,New England,"", 
NSW,GUY FAWKES,2350,New England,"", 
NSW,HILLGROVE,2350,New England,"", 
NSW,INVERGOWRIE,2350,New England,"", 
NSW,JEOGLA,2350,New England,"", 
NSW,KELLYS PLAINS,2350,New England,"", 
NSW,LYNDHURST,2350,New England,"", 
NSW,METZ,2350,New England,"", 
NSW,MOUNT BUTLER,2350,New England,"", 
NSW,PUDDLEDOCK,2350,New England,"", 
NSW,SAUMAREZ,2350,New England,"", 
NSW,SAUMAREZ PONDS,2350,New England,"", 
NSW,THALGARRAH,2350,New England,"", 
NSW,TILBUSTER,2350,New England,"", 
NSW,WARDS MISTAKE,2350,New England,"", 
NSW,WOLLOMOMBI,2350,New England,"", 
NSW,WONGWIBINDA,2350,New England,"", 
NSW,KOOTINGAL,2352,New England,"", 
NSW,LIMBRI,2352,New England,"", 
NSW,MULLA CREEK,2352,New England,"", 
NSW,TINTINHULL,2352,New England,"", 
NSW,MOONBI,2353,New England,"", 
NSW,INGALBA,2354,New England,"", 
NSW,KENTUCKY,2354,New England,"", 
NSW,KENTUCKY SOUTH,2354,New England,"", 
NSW,NIANGALA,2354,New England,"", 
NSW,NOWENDOC,2354,New England,"", 
NSW,WALCHA,2354,New England,"", 
NSW,WALCHA ROAD,2354,New England,"", 
NSW,WOLLUN,2354,New England,"", 
NSW,WOOLBROOK,2354,New England,"", 
NSW,YARROWITCH,2354,New England,"", 
NSW,BENDEMEER,2355,New England,"", 
NSW,RETREAT,2355,New England,"", 
NSW,WATSONS CREEK,2355,New England,"", 
NSW,GWABEGAR,2356,Parkes,"", 
NSW,BOMERA,2357,Parkes,"", 
NSW,BOX RIDGE,2357,Parkes,"", 
NSW,BUGALDIE,2357,Parkes,"", 
NSW,COONABARABRAN,2357,Parkes,"", 
NSW,DANDRY,2357,Parkes,"", 
NSW,GOORIANAWA,2357,Parkes,"", 
NSW,GOWANG,2357,Parkes,"", 
NSW,NAPIER LANE,2357,Parkes,"", 
NSW,PURLEWAUGH,2357,Parkes,"", 
NSW,ROCKY GLEN,2357,Parkes,"", 
NSW,ULAMAMBRI,2357,Parkes,"", 
NSW,WARKTON,2357,Parkes,"",COONABARABRAN
NSW,ARDING,2358,New England,"", 
NSW,BALALA,2358,New England,"", 
NSW,CAMERONS CREEK,2358,New England,"", 
NSW,GOSTWYCK,2358,New England,"", 
NSW,KINGSTOWN,2358,New England,"", 
NSW,MIHI,2358,New England,"", 
NSW,ROCKY RIVER,2358,New England,"", 
NSW,SALISBURY PLAINS,2358,New England,"", 
NSW,TORRYBURN,2358,New England,"", 
NSW,URALLA,2358,New England,"", 
NSW,YARROWYCK,2358,New England,"", 
NSW,BAKERS CREEK,2359,New England,"", 
NSW,BUNDARRA,2359,New England,"", 
NSW,AUBURN VALE,2360,New England,"", 
NSW,BRODIES PLAINS,2360,New England,"", 
NSW,BUKKULLA,2360,New England,"", 
NSW,CHERRY TREE HILL,2360,New England,"", 
NSW,COPETON,2360,New England,"", 
NSW,ELSMORE,2360,New England,"", 
NSW,GILGAI,2360,New England,"", 
NSW,GRAMAN,2360,New England,"", 
NSW,GRAMAN,2360,Parkes,"", 
NSW,GUM FLAT,2360,New England,"", 
NSW,HOWELL,2360,New England,"", 
NSW,INVERELL,2360,New England,"", 
NSW,KINGS PLAINS,2360,New England,"", 
NSW,LITTLE PLAIN,2360,New England,"", 
NSW,LONG PLAIN,2360,New England,"", 
NSW,MOUNT RUSSELL,2360,New England,"", 
NSW,NEWSTEAD,2360,New England,"", 
NSW,NULLAMANNA,2360,New England,"", 
NSW,OAKWOOD,2360,New England,"", 
NSW,PARADISE,2360,New England,"", 
NSW,ROB ROY,2360,New England,"", 
NSW,SAPPHIRE,2360,New England,"", 
NSW,SPRING MOUNTAIN,2360,New England,"", 
NSW,STANBOROUGH,2360,New England,"", 
NSW,SWANBROOK,2360,New England,"", 
NSW,WALLANGRA,2360,New England,"", 
NSW,WANDERA,2360,New England,"", 
NSW,WOODSTOCK,2360,New England,"", 
NSW,ASHFORD,2361,New England,"", 
NSW,ATHOLWOOD,2361,New England,"", 
NSW,BONSHAW,2361,New England,"", 
NSW,LIMESTONE,2361,New England,"", 
NSW,PINDAROI,2361,New England,"", 
NSW,BACKWATER,2365,New England,"", 
NSW,BALD BLAIR,2365,New England,"", 
NSW,BALDERSLEIGH,2365,New England,"", 
NSW,BEN LOMOND,2365,New England,"", 
NSW,BLACK MOUNTAIN,2365,New England,"", 
NSW,BRIARBROOK,2365,New England,"", 
NSW,BROCKLEY,2365,New England,"", 
NSW,BRUSHY CREEK,2365,New England,"", 
NSW,FALCONER,2365,New England,"", 
NSW,GEORGES CREEK,2365,New England,"", 
NSW,GLENCOE,2365,New England,"", 
NSW,GRAHAMS VALLEY,2365,New England,"",GLENCOE
NSW,GREEN HILLS,2365,New England,"", 
NSW,GUYRA,2365,New England,"", 
NSW,LLANGOTHLIN,2365,New England,"", 
NSW,MAYBOLE,2365,New England,"", 
NSW,MOUNT MITCHELL,2365,New England,"", 
NSW,NEW VALLEY,2365,New England,"", 
NSW,OBAN,2365,New England,"", 
NSW,SOUTH GUYRA,2365,New England,"", 
NSW,TENTERDEN,2365,New England,"", 
NSW,THE GULF,2365,New England,"", 
NSW,TUBBAMURRA,2365,New England,"", 
NSW,WANDSWORTH,2365,New England,"", 
NSW,BASSENDEAN,2369,New England,"", 
NSW,OLD MILL,2369,New England,"", 
NSW,STANNIFER,2369,New England,"", 
NSW,TINGHA,2369,New England,"", 
NSW,BALD NOB,2370,New England,"", 
NSW,DIEHARD,2370,New England,"", 
NSW,DUNDEE,2370,New England,"", 
NSW,FURRACABAD,2370,New England,"", 
NSW,GLEN ELGIN,2370,New England,"", 
NSW,GLEN INNES,2370,New England,"", 
NSW,KINGSGATE,2370,New England,"", 
NSW,KINGSLAND,2370,New England,"", 
NSW,KOOKABOOKRA,2370,New England,"", 
NSW,LAMBS VALLEY,2370,New England,"", 
NSW,MATHESON,2370,New England,"", 
NSW,MOGGS SWAMP,2370,New England,"", 
NSW,NEWTON BOYD,2370,New England,"", 
NSW,NEWTON BOYD,2370,Page,"", 
NSW,PINKETT,2370,New England,"", 
NSW,RANGERS VALLEY,2370,New England,"", 
NSW,RED RANGE,2370,New England,"", 
NSW,REDDESTONE,2370,New England,"", 
NSW,SHANNON VALE,2370,New England,"", 
NSW,STONEHENGE,2370,New England,"", 
NSW,SWAN VALE,2370,New England,"", 
NSW,WELLINGROVE,2370,New England,"", 
NSW,YARROWFORD,2370,New England,"", 
NSW,CAPOOMPETA,2371,New England,"", 
NSW,DEEPWATER,2371,New England,"", 
NSW,EMMAVILLE,2371,New England,"", 
NSW,ROCKY CREEK,2371,New England,"", 
NSW,STANNUM,2371,New England,"", 
NSW,TORRINGTON,2371,New England,"", 
NSW,WELLINGTON VALE,2371,New England,"", 
NSW,YELLOW DAM,2371,New England,"", 
NSW,AMOSFIELD,2372,New England,"", 
NSW,BACK CREEK,2372,New England,"", 
NSW,BOLIVIA,2372,New England,"", 
NSW,BOOKOOKOORARA,2372,New England,"", 
NSW,BOONOO BOONOO,2372,New England,"", 
NSW,BOOROOK,2372,New England,"", 
NSW,BUNGULLA,2372,New England,"", 
NSW,CARROLLS CREEK,2372,New England,"", 
NSW,CULLENDORE,2372,New England,"", 
NSW,DUMARESQ VALLEY,2372,New England,"", 
NSW,LISTON,2372,New England,"", 
NSW,MINGOOLA,2372,New England,"", 
NSW,MOLE RIVER,2372,New England,"", 
NSW,RIVERTREE,2372,New England,"", 
NSW,ROCKY RIVER,2372,New England,"", 
NSW,RUBY CREEK,2372,New England,"", 
NSW,SANDY FLAT,2372,New England,"", 
NSW,SANDY HILL,2372,New England,"", 
NSW,SILENT GROVE,2372,New England,"", 
NSW,SUNNYSIDE,2372,New England,"", 
NSW,TENTERFIELD,2372,New England,"", 
NSW,TIMBARRA,2372,New England,"", 
NSW,UNDERCLIFFE,2372,New England,"", 
NSW,WILLSONS DOWNFALL,2372,New England,"", 
NSW,WOODSIDE,2372,New England,"", 
NSW,WYLIE CREEK,2372,New England,"", 
NSW,GOOLHI,2379,Parkes,"", 
NSW,MULLALEY,2379,Parkes,"", 
NSW,NOMBI,2379,Parkes,"", 
NSW,BLUE VALE,2380,Parkes,"", 
NSW,EMERALD HILL,2380,Parkes,"", 
NSW,GHOOLENDAADI,2380,Parkes,"", 
NSW,GULLIGAL,2380,Parkes,"", 
NSW,GUNNEDAH,2380,Parkes,"", 
NSW,KELVIN,2380,Parkes,"", 
NSW,MARYS MOUNT,2380,Parkes,"", 
NSW,MILROY,2380,Parkes,"", 
NSW,ORANGE GROVE,2380,Parkes,"", 
NSW,RANGARI,2380,Parkes,"", 
NSW,WEETALIBA,2380,Parkes,"", 
NSW,BREEZA,2381,Parkes,"", 
NSW,CURLEWIS,2381,Parkes,"", 
NSW,PREMER,2381,New England,"", 
NSW,PREMER,2381,Parkes,"", 
NSW,TAMBAR SPRINGS,2381,New England,"", 
NSW,TAMBAR SPRINGS,2381,Parkes,"", 
NSW,BOGGABRI,2382,Parkes,"", 
NSW,HARPARARY,2382,Parkes,"", 
NSW,MAULES CREEK,2382,Parkes,"", 
NSW,WEAN,2382,Parkes,"", 
NSW,WILLALA,2382,Parkes,"", 
NSW,BURREN JUNCTION,2386,Parkes,"", 
NSW,DRILDOOL,2386,Parkes,"", 
NSW,NOWLEY,2386,Parkes,"", 
NSW,BULYEROI,2387,Parkes,"", 
NSW,ROWENA,2387,Parkes,"", 
NSW,THALABA,2387,Parkes,"", 
NSW,BOOLCARROLL,2388,Parkes,"", 
NSW,CUTTABRI,2388,Parkes,"", 
NSW,MERAH NORTH,2388,Parkes,"", 
NSW,PILLIGA,2388,Parkes,"", 
NSW,SPRING PLAINS,2388,Parkes,"", 
NSW,THE PILLIGA,2388,Parkes,"", 
NSW,WEE WAA,2388,Parkes,"", 
NSW,YARRIE LAKE,2388,Parkes,"", 
NSW,BAAN BAA,2390,Parkes,"", 
NSW,BACK CREEK,2390,New England,"", 
NSW,BOHENA CREEK,2390,Parkes,"", 
NSW,BULLAWA CREEK,2390,Parkes,"", 
NSW,COURADDA,2390,Parkes,"", 
NSW,EDGEROI,2390,Parkes,"", 
NSW,EULAH CREEK,2390,Parkes,"", 
NSW,JACKS CREEK,2390,Parkes,"", 
NSW,KAPUTAR,2390,Parkes,"", 
NSW,NARRABRI,2390,Parkes,"", 
NSW,ROCKY CREEK,2390,New England,"", 
NSW,ROCKY CREEK,2390,Parkes,"", 
NSW,TARRIARO,2390,Parkes,"", 
NSW,TURRAWAN,2390,Parkes,"", 
NSW,BINNAWAY,2395,Parkes,"", 
NSW,WEETALIBA,2395,Parkes,"", 
NSW,BARADINE,2396,Parkes,"", 
NSW,BARWON,2396,Parkes,"", 
NSW,KENEBRI,2396,Parkes,"", 
NSW,BELLATA,2397,Parkes,"", 
NSW,BERRIGAL,2397,Parkes,"", 
NSW,JEWS LAGOON,2397,Parkes,"", 
NSW,MILLIE,2397,Parkes,"", 
NSW,GURLEY,2398,Parkes,"", 
NSW,BINIGUY,2399,Parkes,"", 
NSW,PALLAMALLAWA,2399,Parkes,"", 
NSW,ASHLEY,2400,Parkes,"", 
NSW,BULLARAH,2400,Parkes,"", 
NSW,CROOBLE,2400,Parkes,"", 
NSW,MALLOWA,2400,Parkes,"", 
NSW,MOREE,2400,Parkes,"", 
NSW,TERRY HIE HIE,2400,Parkes,"", 
NSW,TULLOONA,2400,Parkes,"", 
NSW,GRAVESEND,2401,Parkes,"", 
NSW,BLUE NOBBY,2402,Parkes,"", 
NSW,COOLATAI,2402,New England,"", 
NSW,COOLATAI,2402,Parkes,"", 
NSW,WARIALDA,2402,Parkes,"", 
NSW,WARIALDA RAIL,2402,Parkes,"", 
NSW,BALFOURS PEAK,2403,Parkes,"", 
NSW,DELUNGRA,2403,New England,"", 
NSW,DELUNGRA,2403,Parkes,"", 
NSW,GRAGIN,2403,New England,"", 
NSW,KOLOONA,2403,Parkes,"", 
NSW,MYALL CREEK,2403,New England,"", 
NSW,MYALL CREEK,2403,Parkes,"", 
NSW,BANGHEET,2404,New England,"", 
NSW,BINGARA,2404,New England,"", 
NSW,BINGARA,2404,Parkes,"", 
NSW,DINOGA,2404,New England,"", 
NSW,ELCOMBE,2404,New England,"", 
NSW,GINEROI,2404,Parkes,"", 
NSW,KEERA,2404,New England,"", 
NSW,PALLAL,2404,New England,"", 
NSW,UPPER BINGARA,2404,New England,"", 
NSW,WHITLOW,2404,New England,"", 
NSW,BOOMI,2405,Parkes,"", 
NSW,GARAH,2405,Parkes,"", 
NSW,MUNGINDI,2406,Parkes,"", 
QLD,MUNGINDI,2406,Maranoa,"", 
NSW,WEEMELAH,2406,Parkes,"", 
NSW,NORTH STAR,2408,Parkes,"", 
NSW,YALLAROI,2408,Parkes,"", 
NSW,BOGGABILLA,2409,Parkes,"", 
NSW,BOONAL,2409,Parkes,"", 
NSW,YETMAN,2410,New England,"", 
NSW,CROPPA CREEK,2411,Parkes,"", 
NSW,MONKERAI,2415,Lyne,"", 
NSW,NOOROO,2415,Lyne,"", 
NSW,STROUD ROAD,2415,Lyne,"", 
NSW,UPPER KARUAH RIVER,2415,Lyne,"", 
NSW,WEISMANTELS,2415,Lyne,"", 
NSW,ALISON,2420,Lyne,"", 
NSW,BANDON GROVE,2420,Lyne,"", 
NSW,BENDOLBA,2420,Lyne,"", 
NSW,BROOKFIELD,2420,Lyne,"", 
NSW,CAMBRA,2420,Lyne,"", 
NSW,CHICHESTER,2420,Lyne,"", 
NSW,DUNGOG,2420,Lyne,"", 
NSW,FLAT TOPS,2420,Lyne,"", 
NSW,FOSTERTON,2420,Lyne,"", 
NSW,HANLEYS CREEK,2420,Lyne,"", 
NSW,HILLDALE,2420,Lyne,"", 
NSW,MAIN CREEK,2420,Lyne,"", 
NSW,MARSHDALE,2420,Lyne,"", 
NSW,MARTINS CREEK,2420,Lyne,"", 
NSW,MUNNI,2420,Lyne,"", 
NSW,SALISBURY,2420,Lyne,"", 
NSW,STROUD HILL,2420,Lyne,"", 
NSW,SUGARLOAF,2420,Lyne,"", 
NSW,TABBIL CREEK,2420,Lyne,"", 
NSW,UNDERBANK,2420,Lyne,"", 
NSW,WALLARINGA,2420,Lyne,"", 
NSW,WALLAROBBA,2420,Lyne,"", 
NSW,WIRRAGULLA,2420,Lyne,"", 
NSW,FISHERS HILL,2421,Lyne,"", 
NSW,PATERSON,2421,Lyne,"", 
NSW,SUMMER HILL,2421,Lyne,"", 
NSW,TOCAL,2421,Lyne,"", 
NSW,TORRYBURN,2421,Lyne,"", 
NSW,VACY,2421,Lyne,"", 
NSW,WEBBERS CREEK,2421,Lyne,"", 
NSW,BACK CREEK,2422,Lyne,"", 
NSW,BAKERS CREEK,2422,Lyne,"", 
NSW,BARRINGTON,2422,Lyne,"", 
NSW,BARRINGTON TOPS,2422,Lyne,"", 
NSW,BAXTERS RIDGE,2422,Lyne,"", 
NSW,BELBORA,2422,Lyne,"", 
NSW,BERRICO,2422,Lyne,"", 
NSW,BINDERA,2422,Lyne,"", 
NSW,BOWMAN,2422,Lyne,"", 
NSW,BOWMAN FARM,2422,Lyne,"", 
NSW,BRETTI,2422,Lyne,"", 
NSW,BULLIAC,2422,Lyne,"", 
NSW,BUNDOOK,2422,Lyne,"", 
NSW,CALLAGHANS CREEK,2422,Lyne,"", 
NSW,COBARK,2422,Lyne,"", 
NSW,CONEAC,2422,Lyne,"", 
NSW,COPELAND,2422,Lyne,"", 
NSW,CRAVEN,2422,Lyne,"", 
NSW,CRAVEN PLATEAU,2422,Lyne,"", 
NSW,CURRICABARK,2422,Lyne,"", 
NSW,DEWITT,2422,Lyne,"", 
NSW,FAULKLAND,2422,Lyne,"", 
NSW,FORBESDALE,2422,Lyne,"", 
NSW,GANGAT,2422,Lyne,"", 
NSW,GIRO,2422,Lyne,"", 
NSW,GLEN WARD,2422,Lyne,"", 
NSW,GLOUCESTER,2422,Lyne,"", 
NSW,INVERGORDON,2422,Lyne,"", 
NSW,KIA ORA,2422,Lyne,"", 
NSW,MARES RUN,2422,Lyne,"", 
NSW,MERNOT,2422,Lyne,"", 
NSW,MOGRANI,2422,Lyne,"", 
NSW,MOPPY,2422,Lyne,"", 
NSW,RAWDON VALE,2422,Lyne,"", 
NSW,ROOKHURST,2422,Lyne,"", 
NSW,STRATFORD,2422,Lyne,"", 
NSW,TERREEL,2422,Lyne,"", 
NSW,TIBBUC,2422,Lyne,"", 
NSW,TITAATEE CREEK,2422,Lyne,"", 
NSW,TUGRABAKH,2422,Lyne,"", 
NSW,UPPER BOWMAN,2422,Lyne,"",GLOUCESTER
NSW,WALLANBAH,2422,Lyne,"", 
NSW,WARDS RIVER,2422,Lyne,"", 
NSW,WAUKIVORY,2422,Lyne,"", 
NSW,WOKO,2422,Lyne,"", 
NSW,BOMBAH POINT,2423,Lyne,"", 
NSW,BOOLAMBAYTE,2423,Lyne,"", 
NSW,BULAHDELAH,2423,Lyne,"", 
NSW,BUNGWAHL,2423,Lyne,"", 
NSW,COOLONGOLOOK,2423,Lyne,"", 
NSW,CRAWFORD RIVER,2423,Lyne,"", 
NSW,MARKWELL,2423,Lyne,"", 
NSW,MAYERS FLAT,2423,Lyne,"", 
NSW,NERONG,2423,Lyne,"", 
NSW,SEAL ROCKS,2423,Lyne,"", 
NSW,TOPI TOPI,2423,Lyne,"", 
NSW,UPPER MYALL,2423,Lyne,"", 
NSW,WANG WAUK,2423,Lyne,"", 
NSW,WARRANULLA,2423,Lyne,"", 
NSW,WILLINA,2423,Lyne,"", 
NSW,WOOTTON,2423,Lyne,"", 
NSW,CAFFREYS FLAT,2424,Lyne,"", 
NSW,CELLS RIVER,2424,Lyne,"", 
NSW,COOPLACURRIPA,2424,Lyne,"", 
NSW,CUNDLE FLAT,2424,Lyne,"", 
NSW,KHATAMBUHL,2424,Lyne,"", 
NSW,KNORRIT FLAT,2424,Lyne,"", 
NSW,MOUNT GEORGE,2424,Lyne,"", 
NSW,NUMBER ONE,2424,Lyne,"", 
NSW,TIRI,2424,Lyne,"", 
NSW,ALLWORTH,2425,Lyne,"", 
NSW,BOORAL,2425,Lyne,"", 
NSW,GIRVAN,2425,Lyne,"", 
NSW,STROUD,2425,Lyne,"", 
NSW,THE BRANCH,2425,Lyne,"", 
NSW,WASHPOOL,2425,Lyne,"", 
NSW,COOPERNOOK,2426,Lyne,"", 
NSW,LANGLEY VALE,2426,Lyne,"", 
NSW,MOTO,2426,Lyne,"", 
NSW,CROWDY BAY,2427,Lyne,"", 
NSW,CROWDY HEAD,2427,Lyne,"", 
NSW,HARRINGTON,2427,Lyne,"", 
NSW,BLUEYS BEACH,2428,Lyne,"", 
NSW,BOOMERANG BEACH,2428,Lyne,"", 
NSW,BOOTI BOOTI,2428,Lyne,"", 
NSW,CHARLOTTE BAY,2428,Lyne,"", 
NSW,COOMBA BAY,2428,Lyne,"", 
NSW,COOMBA PARK,2428,Lyne,"", 
NSW,DARAWANK,2428,Lyne,"", 
NSW,ELIZABETH BEACH,2428,Lyne,"", 
NSW,FORSTER,2428,Lyne,"", 
NSW,GREEN POINT,2428,Lyne,"", 
NSW,SHALLOW BAY,2428,Lyne,"", 
NSW,SMITHS LAKE,2428,Lyne,"", 
NSW,TARBUCK BAY,2428,Lyne,"", 
NSW,TIONA,2428,Lyne,"", 
NSW,TUNCURRY,2428,Lyne,"", 
NSW,WALLINGAT,2428,Lyne,"", 
NSW,WALLIS LAKE,2428,Lyne,"", 
NSW,WHOOTA,2428,Lyne,"", 
NSW,BOBIN,2429,Lyne,"", 
NSW,BOORGANNA,2429,Lyne,"", 
NSW,BUCCA WAUKA,2429,Lyne,"", 
NSW,BULGA FOREST,2429,Lyne,"", 
NSW,BUNYAH,2429,Lyne,"", 
NSW,BURRELL CREEK,2429,Lyne,"", 
NSW,CAPARRA,2429,Lyne,"", 
NSW,CEDAR PARTY,2429,Lyne,"", 
NSW,COMBOYNE,2429,Lyne,"", 
NSW,DOLLYS FLAT,2429,Lyne,"", 
NSW,DYERS CROSSING,2429,Lyne,"", 
NSW,ELANDS,2429,Lyne,"", 
NSW,FIREFLY,2429,Lyne,"", 
NSW,INNES VIEW,2429,Lyne,"", 
NSW,KARAAK FLAT,2429,Lyne,"", 
NSW,KILLABAKH,2429,Lyne,"", 
NSW,KILLAWARRA,2429,Lyne,"", 
NSW,KIMBRIKI,2429,Lyne,"", 
NSW,KIPPAXS,2429,Lyne,"", 
NSW,KNORRIT FOREST,2429,Lyne,"", 
NSW,KRAMBACH,2429,Lyne,"", 
NSW,KUNDIBAKH,2429,Lyne,"", 
NSW,MARLEE,2429,Lyne,"", 
NSW,MOORAL CREEK,2429,Lyne,"", 
NSW,STRATHCEDAR,2429,Lyne,"", 
NSW,THE BIGHT,2429,Lyne,"", 
NSW,TIPPERARY,2429,Lyne,"", 
NSW,WHERROL FLAT,2429,Lyne,"", 
NSW,WINGHAM,2429,Lyne,"", 
NSW,BLACK HEAD,2430,Lyne,"", 
NSW,BOHNOCK,2430,Lyne,"", 
NSW,BOOTAWA,2430,Lyne,"", 
NSW,BRIMBIN,2430,Lyne,"", 
NSW,CABBAGE TREE ISLAND,2430,Lyne,"", 
NSW,CROKI,2430,Lyne,"", 
NSW,CUNDLETOWN,2430,Lyne,"", 
NSW,DIAMOND BEACH,2430,Lyne,"", 
NSW,DUMARESQ ISLAND,2430,Lyne,"", 
NSW,FAILFORD,2430,Lyne,"", 
NSW,GHINNI GHINNI,2430,Lyne,"", 
NSW,GLENTHORNE,2430,Lyne,"", 
NSW,HALLIDAYS POINT,2430,Lyne,"", 
NSW,HILLVILLE,2430,Lyne,"", 
NSW,JONES ISLAND,2430,Lyne,"", 
NSW,KIWARRAK,2430,Lyne,"", 
NSW,KOORAINGHAT,2430,Lyne,"", 
NSW,KUNDLE KUNDLE,2430,Lyne,"", 
NSW,LANSDOWNE,2430,Lyne,"", 
NSW,LANSDOWNE FOREST,2430,Lyne,"", 
NSW,MANNING POINT,2430,Lyne,"", 
NSW,MELINGA,2430,Lyne,"", 
NSW,MITCHELLS ISLAND,2430,Lyne,"", 
NSW,MONDROOK,2430,Lyne,"", 
NSW,OLD BAR,2430,Lyne,"", 
NSW,OXLEY ISLAND,2430,Lyne,"", 
NSW,PAMPOOLAH,2430,Lyne,"", 
NSW,POSSUM BRUSH,2430,Lyne,"", 
NSW,PURFLEET,2430,Lyne,"", 
NSW,RAINBOW FLAT,2430,Lyne,"", 
NSW,RED HEAD,2430,Lyne,"", 
NSW,SALTWATER,2430,Lyne,"", 
NSW,TALLWOODS VILLAGE,2430,Lyne,"", 
NSW,TAREE,2430,Lyne,"", 
NSW,TAREE SOUTH,2430,Lyne,"", 
NSW,TINONEE,2430,Lyne,"", 
NSW,UPPER LANSDOWNE,2430,Lyne,"", 
NSW,WALLABI POINT,2430,Lyne,"", 
NSW,ARAKOON,2431,Cowper,"", 
NSW,JERSEYVILLE,2431,Cowper,"", 
NSW,SOUTH WEST ROCKS,2431,Cowper,"", 
NSW,SPENCERVILLE,2431,Cowper,"",SOUTH WEST ROCKS
NSW,BATAR CREEK,2439,Lyne,"", 
NSW,BLACK CREEK,2439,Lyne,"", 
NSW,KENDALL,2439,Lyne,"", 
NSW,KEREWONG,2439,Lyne,"", 
NSW,KEW,2439,Lyne,"", 
NSW,LOGANS CROSSING,2439,Lyne,"", 
NSW,LORNE,2439,Lyne,"", 
NSW,ROSSGLEN,2439,Lyne,"", 
NSW,SWANS CROSSING,2439,Lyne,"", 
NSW,UPSALLS CREEK,2439,Lyne,"", 
NSW,ALDAVILLA,2440,Cowper,"", 
NSW,AUSTRAL EDEN,2440,Cowper,"", 
NSW,BELLBROOK,2440,Cowper,"", 
NSW,BELLIMBOPINNI,2440,Cowper,"", 
NSW,BELMORE RIVER,2440,Cowper,"", 
NSW,BURNT BRIDGE,2440,Cowper,"", 
NSW,CARRAI,2440,New England,"", 
NSW,CLYBUCCA,2440,Cowper,"", 
NSW,COLLOMBATTI,2440,Cowper,"", 
NSW,COLLOMBATTI RAIL,2440,Cowper,"",COLLOMBATTI
NSW,COMARA,2440,Cowper,"", 
NSW,CORANGULA,2440,Cowper,"", 
NSW,CRESCENT HEAD,2440,Cowper,"", 
NSW,DEEP CREEK,2440,Cowper,"", 
NSW,DONDINGALONG,2440,Cowper,"", 
NSW,DUNGAY CREEK,2440,Cowper,"",YESSABAH
NSW,EAST KEMPSEY,2440,Cowper,"", 
NSW,EUROKA,2440,Cowper,"", 
NSW,FREDERICKTON,2440,Cowper,"", 
NSW,GEORGES CREEK,2440,New England,"",LOWER CREEK
NSW,GLADSTONE,2440,Cowper,"", 
NSW,GLENROCK,2440,Cowper,"",KEMPSEY
NSW,GREENHILL,2440,Cowper,"", 
NSW,HAMPDEN HALL,2440,Cowper,"", 
NSW,HAT HEAD,2440,Cowper,"", 
NSW,HICKEYS CREEK,2440,Cowper,"", 
NSW,JACKS CROSSING,2440,Cowper,"",SKILLION FLAT
NSW,KEMPSEY,2440,Cowper,"", 
NSW,KINCHELA,2440,Cowper,"", 
NSW,LEWIS CREEK,2440,Cowper,"",WILLAWARRIN
NSW,LOWER CREEK,2440,New England,"", 
NSW,MACLEAY PARK,2440,Cowper,"",YARRAVEL
NSW,MILLBANK,2440,Cowper,"", 
NSW,MOONEBA,2440,Cowper,"", 
NSW,MOPARRABAH,2440,Cowper,"", 
NSW,MUNGAY CREEK,2440,Cowper,"", 
NSW,NULLA CREEK,2440,Cowper,"",BELLBROOK
NSW,NULLA NULLA,2440,Cowper,"",BELLBROOK
NSW,OLD STATION,2440,Cowper,"", 
NSW,PIPERS CREEK,2440,Cowper,"",DONDINGALONG
NSW,POINT PLOMER,2440,Cowper,"",CRESCENT HEAD
NSW,POLA CREEK,2440,Cowper,"", 
NSW,RAINBOW REACH,2440,Cowper,"", 
NSW,SEVEN OAKS,2440,Cowper,"", 
NSW,SHERWOOD,2440,Cowper,"", 
NSW,SKILLION FLAT,2440,Cowper,"", 
NSW,SMITHTOWN,2440,Cowper,"", 
NSW,SOUTH KEMPSEY,2440,Cowper,"", 
NSW,SUMMER ISLAND,2440,Cowper,"", 
NSW,TEMAGOG,2440,Cowper,"", 
NSW,TOOROOKA,2440,Cowper,"", 
NSW,TOORUMBEE CREEK,2440,Cowper,"",MOPARRABAH
NSW,TURNERS FLAT,2440,Cowper,"", 
NSW,UPPER KINCHELA,2440,Cowper,"",KINCHELA
NSW,URALGURRA,2440,Cowper,"",BELLBROOK
NSW,VERGES CREEK,2440,Cowper,"", 
NSW,WEST KEMPSEY,2440,Cowper,"", 
NSW,WILLAWARRIN,2440,Cowper,"", 
NSW,WILLI WILLI,2440,Cowper,"", 
NSW,WITTITRIN,2440,Cowper,"", 
NSW,YARRAVEL,2440,Cowper,"", 
NSW,YESSABAH,2440,Cowper,"", 
NSW,ALLGOMERA,2441,Cowper,"", 
NSW,BALLENGARRA,2441,Lyne,"", 
NSW,BARRAGANYATTI,2441,Cowper,"", 
NSW,BRIL BRIL,2441,Lyne,"", 
NSW,COOPERABUNG,2441,Cowper,"", 
NSW,CROSSMAGLEN,2441,Cowper,"",BONVILLE
NSW,EUNGAI CREEK,2441,Cowper,"", 
NSW,EUNGAI RAIL,2441,Cowper,"", 
NSW,FISHERMANS REACH,2441,Cowper,"", 
NSW,GEARYS FLAT,2441,Lyne,"", 
NSW,GRASSY HEAD,2441,Cowper,"", 
NSW,GUM SCRUB,2441,Cowper,"", 
NSW,HACKS FERRY,2441,Cowper,"", 
NSW,KUNDABUNG,2441,Cowper,"", 
NSW,MARLO MERRICAN,2441,Lyne,"", 
NSW,ROLLANDS PLAINS,2441,Lyne,"", 
NSW,STUARTS POINT,2441,Cowper,"", 
NSW,TAMBAN,2441,Cowper,"", 
NSW,TELEGRAPH POINT,2441,Cowper,"", 
NSW,UPPER ROLLANDS PLAINS,2441,Lyne,"", 
NSW,YARRAHAPINNI,2441,Cowper,"", 
NSW,BOBS CREEK,2443,Lyne,"", 
NSW,CAMDEN HEAD,2443,Lyne,"", 
NSW,CORALVILLE,2443,Lyne,"", 
NSW,DEAUVILLE,2443,Lyne,"", 
NSW,DIAMOND HEAD,2443,Lyne,"", 
NSW,DICKS HILL,2443,Lyne,"",DUNBOGAN
NSW,DUNBOGAN,2443,Lyne,"", 
NSW,HANNAM VALE,2443,Lyne,"", 
NSW,HERONS CREEK,2443,Lyne,"", 
NSW,JOHNS RIVER,2443,Lyne,"", 
NSW,JOLLY NOSE,2443,Lyne,"", 
NSW,LAKEWOOD,2443,Lyne,"", 
NSW,LAURIETON,2443,Lyne,"", 
NSW,MIDDLE BROTHER,2443,Lyne,"", 
NSW,MOORLAND,2443,Lyne,"", 
NSW,NORTH BROTHER,2443,Lyne,"", 
NSW,NORTH HAVEN,2443,Lyne,"", 
NSW,STEWARTS RIVER,2443,Lyne,"", 
NSW,WAITUI,2443,Lyne,"", 
NSW,WEST HAVEN,2443,Lyne,"", 
NSW,BLACKMANS POINT,2444,Cowper,"", 
NSW,BLACKMANS POINT,2444,Lyne,"", 
NSW,FERNBANK CREEK,2444,Cowper,"", 
NSW,LIMEBURNERS CREEK,2444,Cowper,"", 
NSW,NORTH SHORE,2444,Cowper,"", 
NSW,PORT MACQUARIE,2444,Cowper,"", 
NSW,RIVERSIDE,2444,Cowper,"", 
NSW,THE HATCH,2444,Cowper,"", 
NSW,THRUMSTER,2444,Cowper,"", 
NSW,BONNY HILLS,2445,Lyne,"", 
NSW,GRANTS BEACH,2445,Lyne,"", 
NSW,LAKE CATHIE,2445,Lyne,"", 
NSW,BAGNOO,2446,Lyne,"", 
NSW,BAGO,2446,Lyne,"", 
NSW,BANDA BANDA,2446,Lyne,"", 
NSW,BEECHWOOD,2446,Lyne,"", 
NSW,BELLANGRY,2446,Lyne,"", 
NSW,BIRDWOOD,2446,Lyne,"", 
NSW,BROMBIN,2446,Lyne,"", 
NSW,BYABARRA,2446,Lyne,"", 
NSW,CAIRNCROSS,2446,Lyne,"", 
NSW,CROSSLANDS,2446,Lyne,"", 
NSW,DEBENHAM,2446,Lyne,"", 
NSW,DOYLES RIVER,2446,Lyne,"", 
NSW,ELLENBOROUGH,2446,Lyne,"", 
NSW,FORBES RIVER,2446,Lyne,"", 
NSW,FRAZERS CREEK,2446,Lyne,"", 
NSW,HARTYS PLAINS,2446,Lyne,"", 
NSW,HOLLISDALE,2446,Lyne,"", 
NSW,HUNTINGDON,2446,Lyne,"", 
NSW,HYNDMANS CREEK,2446,Lyne,"", 
NSW,KINDEE,2446,Lyne,"", 
NSW,KING CREEK,2446,Lyne,"", 
NSW,KOREE ISLAND,2446,Lyne,"",BEECHWOOD
NSW,LAKE INNES,2446,Lyne,"", 
NSW,LONG FLAT,2446,Lyne,"", 
NSW,LOWER PAPPINBARRA,2446,Lyne,"", 
NSW,MORTONS CREEK,2446,Lyne,"", 
NSW,MOUNT SEAVIEW,2446,Lyne,"", 
NSW,PAPPINBARRA,2446,Lyne,"", 
NSW,PEMBROOKE,2446,Lyne,"", 
NSW,PIPECLAY,2446,Lyne,"", 
NSW,RAWDON ISLAND,2446,Lyne,"", 
NSW,REDBANK,2446,Lyne,"", 
NSW,ROSEWOOD,2446,Lyne,"", 
NSW,SANCROX,2446,Lyne,"", 
NSW,TOMS CREEK,2446,Lyne,"", 
NSW,UPPER PAPPINBARRA,2446,Lyne,"", 
NSW,WAUCHOPE,2446,Lyne,"", 
NSW,WERRIKIMBE,2446,Lyne,"", 
NSW,YARRAS,2446,Lyne,"", 
NSW,YIPPIN CREEK,2446,Lyne,"", 
NSW,BAKERS CREEK,2447,Cowper,"", 
NSW,BURRAPINE,2447,Cowper,"", 
NSW,CONGARINNI,2447,Cowper,"", 
NSW,CONGARINNI NORTH,2447,Cowper,"", 
NSW,DONNELLYVILLE,2447,Cowper,"", 
NSW,GUMMA,2447,Cowper,"", 
NSW,LOWER TAYLORS ARM,2447,Cowper,"",TAYLORS ARM
NSW,MACKSVILLE,2447,Cowper,"", 
NSW,NEWEE CREEK,2447,Cowper,"", 
NSW,NORTH MACKSVILLE,2447,Cowper,"", 
NSW,SCOTTS HEAD,2447,Cowper,"", 
NSW,TALARM,2447,Cowper,"", 
NSW,TAYLORS ARM,2447,Cowper,"", 
NSW,THUMB CREEK,2447,Cowper,"", 
NSW,UPPER TAYLORS ARM,2447,Cowper,"", 
NSW,UTUNGUN,2447,Cowper,"", 
NSW,WARRELL CREEK,2447,Cowper,"", 
NSW,WAY WAY,2447,Cowper,"", 
NSW,WIRRIMBI,2447,Cowper,"", 
NSW,YARRANBELLA,2447,Cowper,"", 
NSW,HYLAND PARK,2448,Cowper,"", 
NSW,LOWER NAMBUCCA,2448,Cowper,"",NAMBUCCA HEADS
NSW,NAMBUCCA HEADS,2448,Cowper,"", 
NSW,NEWVILLE,2448,Cowper,"",NAMBUCCA HEADS
NSW,VALLA,2448,Cowper,"", 
NSW,VALLA BEACH,2448,Cowper,"", 
NSW,VALLA PARK,2448,Cowper,"",VALLA
NSW,VIEWMONT,2448,Cowper,"",VALLA
NSW,ARGENTS HILL,2449,Cowper,"", 
NSW,BOWRAVILLE,2449,Cowper,"", 
NSW,BUCKRA BENDINNI,2449,Cowper,"", 
NSW,GIRRALONG,2449,Cowper,"", 
NSW,KENNAICLE CREEK,2449,Cowper,"", 
NSW,MISSABOTTI,2449,Cowper,"", 
NSW,NORTH ARM,2449,Cowper,"",BOWRAVILLE
NSW,SIMPSONS RIDGE,2449,Cowper,"",BOWRAVILLE
NSW,SOUTH ARM,2449,Cowper,"", 
NSW,TEWINGA,2449,Cowper,"", 
NSW,BOAMBEE,2450,Cowper,"", 
NSW,BONVILLE,2450,Cowper,"", 
NSW,BROOKLANA,2450,Cowper,"", 
NSW,BRUXNER PARK,2450,Cowper,"",COFFS HARBOUR
NSW,BUCCA,2450,Page,"", 
NSW,CENTRAL BUCCA,2450,Page,"",BUCCA
NSW,COFFS HARBOUR,2450,Cowper,"", 
NSW,CORAMBA,2450,Page,"", 
NSW,DAIRYVILLE,2450,Cowper,"",UPPER ORARA
NSW,DAIRYVILLE,2450,Page,"",UPPER ORARA
NSW,GLENREAGH,2450,Page,"", 
NSW,KARANGI,2450,Page,"", 
NSW,KORORA,2450,Cowper,"", 
NSW,KORORA BASIN,2450,Cowper,"",KORORA
NSW,KORORA BAY,2450,Cowper,"",KORORA
NSW,LOWANNA,2450,Page,"", 
NSW,LOWER BUCCA,2450,Page,"",BUCCA
NSW,MID SAPPHIRE,2450,Cowper,"",SAPPHIRE BEACH
NSW,MID SAPPHIRE,2450,Page,"",SAPPHIRE BEACH
NSW,MIDDLE BOAMBEE,2450,Cowper,"",BOAMBEE
NSW,MOLETON,2450,Page,"",LOWANNA
NSW,MOONEE,2450,Page,"",MOONEE BEACH
NSW,MOONEE BEACH,2450,Page,"", 
NSW,NANA GLEN,2450,Page,"", 
NSW,NORTH BOAMBEE VALLEY,2450,Cowper,"", 
NSW,PARK BEACH,2450,Cowper,"",COFFS HARBOUR
NSW,RED HILL,2450,Cowper,"",COFFS HARBOUR
NSW,SAPPHIRE,2450,Cowper,"",SAPPHIRE BEACH
NSW,SAPPHIRE,2450,Page,"",SAPPHIRE BEACH
NSW,SAPPHIRE BEACH,2450,Cowper,"", 
NSW,SAPPHIRE BEACH,2450,Page,"", 
NSW,SAPPHIRE NORTH,2450,Cowper,"",SAPPHIRE BEACH
NSW,SAPPHIRE NORTH,2450,Page,"",SAPPHIRE BEACH
NSW,SHERWOOD,2450,Page,"", 
NSW,TIMMSVALE,2450,Cowper,"",ULONG
NSW,ULONG,2450,Cowper,"", 
NSW,UPPER ORARA,2450,Cowper,"", 
NSW,UPPER ORARA,2450,Page,"", 
NSW,BAYLDON,2452,Cowper,"",TOORMINA
NSW,BOAMBEE EAST,2452,Cowper,"", 
NSW,SAWTELL,2452,Cowper,"", 
NSW,TOORMINA,2452,Cowper,"", 
NSW,BIELSDOWN HILLS,2453,Cowper,"", 
NSW,BILLYS CREEK,2453,Page,"", 
NSW,BOSTOBRICK,2453,Cowper,"", 
NSW,CASCADE,2453,Cowper,"", 
NSW,DEER VALE,2453,Cowper,"", 
NSW,DORRIGO,2453,Cowper,"", 
NSW,DORRIGO MOUNTAIN,2453,Cowper,"", 
NSW,DUNDURRABIN,2453,Page,"", 
NSW,EBOR,2453,New England,"", 
NSW,FERNBROOK,2453,Cowper,"", 
NSW,GLEN FERNAIGH,2453,Page,"",TYRINGHAM
NSW,HERNANI,2453,Page,"", 
NSW,LEIGH,2453,Cowper,"", 
NSW,MARENGO,2453,Page,"", 
NSW,MAYNARDS PLAINS,2453,Cowper,"", 
NSW,MEGAN,2453,Cowper,"", 
NSW,MELDRUM,2453,Cowper,"",DORRIGO
NSW,MOONPAR,2453,Page,"", 
NSW,NORTH DORRIGO,2453,Cowper,"", 
NSW,TALLOWWOOD RIDGE,2453,Cowper,"", 
NSW,TYRINGHAM,2453,Page,"", 
NSW,BELLINGEN,2454,Cowper,"", 
NSW,BRIERFIELD,2454,Cowper,"", 
NSW,BUNDAGEN,2454,Cowper,"", 
NSW,DARKWOOD,2454,Cowper,"", 
NSW,FERNMOUNT,2454,Cowper,"", 
NSW,GLENIFFER,2454,Cowper,"", 
NSW,HYDES CREEK,2454,Cowper,"", 
NSW,KALANG,2454,Cowper,"", 
NSW,MYLESTOM,2454,Cowper,"", 
NSW,ORAMA,2454,Cowper,"",THORA
NSW,RALEIGH,2454,Cowper,"", 
NSW,REPTON,2454,Cowper,"", 
NSW,SPICKETTS CREEK,2454,Cowper,"", 
NSW,SUNNY CORNER,2454,Cowper,"",BELLINGEN
NSW,THORA,2454,Cowper,"", 
NSW,UPPER THORA,2454,Cowper,"",THORA
NSW,VALERY,2454,Cowper,"", 
NSW,URUNGA,2455,Cowper,"", 
NSW,YELLOW ROCK,2455,Cowper,"",URUNGA
NSW,ARRAWARRA,2456,Page,"", 
NSW,ARRAWARRA HEADLAND,2456,Page,"", 
NSW,AVOCADO HEIGHTS,2456,Page,"",EMERALD BEACH
NSW,CORINDI,2456,Page,"", 
NSW,CORINDI BEACH,2456,Page,"", 
NSW,DIRTY CREEK,2456,Page,"", 
NSW,EMERALD BEACH,2456,Page,"", 
NSW,EMERALD HEIGHTS,2456,Page,"",EMERALD BEACH
NSW,MULLAWAY,2456,Page,"", 
NSW,RED ROCK,2456,Page,"", 
NSW,SAFETY BEACH,2456,Page,"", 
NSW,SANDY BEACH,2456,Page,"", 
NSW,UPPER CORINDI,2456,Page,"", 
NSW,WOOLGOOLGA,2456,Page,"", 
NSW,ALUMY CREEK,2460,Page,"", 
NSW,BARRETTS CREEK,2460,Page,"", 
NSW,BARYULGIL,2460,Page,"", 
NSW,BLAXLANDS CREEK,2460,Page,"", 
NSW,BLAXLANDS FLAT,2460,Page,"",BLAXLANDS CREEK
NSW,BRAUNSTONE,2460,Page,"", 
NSW,BRUSHGROVE,2460,Page,"", 
NSW,BUCCARUMBI,2460,Page,"", 
NSW,CALAMIA,2460,Page,"", 
NSW,CANGAI,2460,Page,"", 
NSW,CARNHAM,2460,Page,"", 
NSW,CARRS CREEK,2460,Page,"", 
NSW,CARRS ISLAND,2460,Page,"", 
NSW,CARRS PENINSULA,2460,Page,"", 
NSW,CHAMBIGNE,2460,Page,"", 
NSW,CLARENZA,2460,Page,"", 
NSW,CLIFDEN,2460,Page,"", 
NSW,COALDALE,2460,Page,"", 
NSW,COLLUM COLLUM,2460,Page,"", 
NSW,COOMBADJHA,2460,Page,"", 
NSW,COPMANHURST,2460,Page,"", 
NSW,COUTTS CROSSING,2460,Page,"", 
NSW,COWPER,2460,Page,"", 
NSW,DALMORTON,2460,Page,"", 
NSW,DEEP CREEK,2460,Page,"", 
NSW,DIGGERS CAMP,2460,Page,"", 
NSW,DILKOON,2460,Page,"", 
NSW,DUMBUDGERY,2460,Page,"", 
NSW,EATONSVILLE,2460,Page,"", 
NSW,EIGHTEEN MILE,2460,Page,"", 
NSW,ELLAND,2460,Page,"", 
NSW,FINE FLOWER,2460,Page,"", 
NSW,FINE FLOWER CREEK,2460,Page,"",FINE FLOWER
NSW,FORTIS CREEK,2460,Page,"", 
NSW,GLENUGIE,2460,Page,"", 
NSW,GRAFTON,2460,Page,"", 
NSW,GREAT MARLOW,2460,Page,"", 
NSW,GURRANANG,2460,Page,"", 
NSW,HALFWAY CREEK,2460,Page,"", 
NSW,HEIFER STATION,2460,Page,"", 
NSW,JACKADGERY,2460,Page,"", 
NSW,JUNCTION HILL,2460,Page,"", 
NSW,KANGAROO CREEK,2460,Page,"", 
NSW,KOOLKHAN,2460,Page,"", 
NSW,KREMNOS,2460,Page,"", 
NSW,KUNGALA,2460,Page,"", 
NSW,KYARRAN,2460,Page,"", 
NSW,LANITZA,2460,Page,"", 
NSW,LAWRENCE,2460,Page,"", 
NSW,LEVENSTRATH,2460,Page,"", 
NSW,LILYDALE,2460,Page,"", 
NSW,LIONSVILLE,2460,Page,"", 
NSW,LOWER COLDSTREAM,2460,Page,"",ULMARRA
NSW,LOWER KANGAROO CREEK,2460,Page,"",KANGAROO CREEK
NSW,LOWER SOUTHGATE,2460,Page,"", 
NSW,MALABUGILMAH,2460,Page,"", 
NSW,MCPHERSONS CROSSING,2460,Page,"",BRAUNSTONE
NSW,MOLEVILLE CREEK,2460,Page,"", 
NSW,MOLEVILLE ROCKS,2460,Page,"",MOLEVILLE CREEK
NSW,MOUNTAIN VIEW,2460,Page,"", 
NSW,MYLNEFORD,2460,Page,"", 
NSW,NEWBOLD,2460,Page,"", 
NSW,NYMBOIDA,2460,Page,"", 
NSW,OBX CREEK,2460,Page,"",CHAMBIGNE
NSW,PULGANBAR,2460,Page,"", 
NSW,PUNCHBOWL,2460,Page,"", 
NSW,PURGATORY CREEK,2460,Page,"",JACKADGERY
NSW,RAMORNIE,2460,Page,"", 
NSW,ROBERTS CREEK,2460,Page,"",WOODFORD ISLAND
NSW,RUSHFORTH,2460,Page,"", 
NSW,SANDY CROSSING,2460,Page,"", 
NSW,SEELANDS,2460,Page,"", 
NSW,SHANNONDALE,2460,Page,"", 
NSW,SMITHS CREEK,2460,Page,"", 
NSW,SOUTH ARM,2460,Page,"", 
NSW,SOUTH GRAFTON,2460,Page,"", 
NSW,SOUTHAMPTON,2460,Page,"", 
NSW,SOUTHGATE,2460,Page,"", 
NSW,STOCKYARD CREEK,2460,Page,"", 
NSW,THE PINNACLES,2460,Page,"", 
NSW,THE WHITEMAN,2460,Page,"", 
NSW,TOWALLUM,2460,Page,"", 
NSW,TRENAYR,2460,Page,"", 
NSW,TYNDALE,2460,Page,"", 
NSW,UPPER COLDSTREAM,2460,Page,"",ULMARRA
NSW,UPPER COPMANHURST,2460,Page,"", 
NSW,UPPER FINE FLOWER,2460,Page,"", 
NSW,UPPER SMITHS CREEK,2460,Page,"",SMITHS CREEK
NSW,WARRAGAI CREEK,2460,Page,"", 
NSW,WATERVIEW,2460,Page,"", 
NSW,WATERVIEW HEIGHTS,2460,Page,"", 
NSW,WELLS CROSSING,2460,Page,"", 
NSW,WHITEMAN CREEK,2460,Page,"", 
NSW,WINEGROVE,2460,Page,"", 
NSW,WOMBAT CREEK,2460,Page,"", 
NSW,CALLIOPE,2462,Page,"", 
NSW,COLDSTREAM,2462,Page,"", 
NSW,GILLETTS RIDGE,2462,Page,"", 
NSW,LAVADIA,2462,Page,"", 
NSW,MINNIE WATER,2462,Page,"", 
NSW,PILLAR VALLEY,2462,Page,"", 
NSW,SWAN CREEK,2462,Page,"", 
NSW,TUCABIA,2462,Page,"", 
NSW,ULMARRA,2462,Page,"", 
NSW,WOOLI,2462,Page,"", 
NSW,ASHBY,2463,Page,"", 
NSW,ASHBY HEIGHTS,2463,Page,"", 
NSW,ASHBY ISLAND,2463,Page,"", 
NSW,BROOMS HEAD,2463,Page,"", 
NSW,GULMARRAD,2463,Page,"", 
NSW,ILARWILL,2463,Page,"", 
NSW,JACKY BULBIN,2463,Page,"", 
NSW,JACKY BULBIN FLAT,2463,Page,"", 
NSW,JAMES CREEK,2463,Page,"", 
NSW,MACLEAN,2463,Page,"", 
NSW,PALMERS CHANNEL,2463,Page,"", 
NSW,PALMERS ISLAND,2463,Page,"", 
NSW,SANDON,2463,Page,"", 
NSW,SANDON RIVER,2463,Page,"",SANDON
NSW,SHARK CREEK,2463,Page,"", 
NSW,TALOUMBI,2463,Page,"", 
NSW,THE SANDON,2463,Page,"", 
NSW,TOWNSEND,2463,Page,"", 
NSW,TULLYMORGAN,2463,Page,"", 
NSW,WOODFORD DALE,2463,Page,"",WOODFORD ISLAND
NSW,WOODFORD ISLAND,2463,Page,"", 
NSW,WOODFORD LEIGH,2463,Page,"",WOODFORD ISLAND
NSW,ANGOURIE,2464,Page,"", 
NSW,MICALO ISLAND,2464,Page,"", 
NSW,WOOLOWEYAH,2464,Page,"", 
NSW,YAMBA,2464,Page,"", 
NSW,HARWOOD,2465,Page,"", 
NSW,ILUKA,2466,Page,"", 
NSW,THE FRESHWATER,2466,Page,"", 
NSW,WOODY HEAD,2466,Page,"", 
NSW,ALICE,2469,Page,"", 
NSW,BANYABBA,2469,Page,"", 
NSW,BEAN CREEK,2469,Page,"", 
NSW,BINGEEBEEBRA CREEK,2469,Page,"", 
NSW,BONALBO,2469,Page,"", 
NSW,BOTTLE CREEK,2469,Page,"", 
NSW,BULLDOG,2469,Page,"", 
NSW,BUNGAWALBIN,2469,Page,"", 
NSW,BUSBYS FLAT,2469,Page,"", 
NSW,CAMIRA,2469,Page,"", 
NSW,CAPEEN,2469,Page,"",DUCK CREEK
NSW,CAPEEN CREEK,2469,Page,"", 
NSW,CHATSWORTH,2469,Page,"", 
NSW,CLEARFIELD,2469,Page,"", 
NSW,COONGBAR,2469,Page,"", 
NSW,CULMARAN CREEK,2469,Page,"", 
NSW,DEEP CREEK,2469,Page,"", 
NSW,DRAKE,2469,New England,"", 
NSW,DUCK CREEK,2469,Page,"", 
NSW,EWINGAR,2469,Page,"", 
NSW,GIBBERAGEE,2469,Page,"", 
NSW,GOODWOOD ISLAND,2469,Page,"", 
NSW,GORGE CREEK,2469,Page,"", 
NSW,HAYSTACK,2469,Page,"", 
NSW,HOGARTH RANGE,2469,Page,"", 
NSW,JACKSONS FLAT,2469,Page,"", 
NSW,JOES BOX,2469,Page,"", 
NSW,KEYBARBIN,2469,Page,"", 
NSW,KIPPENDUFF,2469,Page,"", 
NSW,LOUISA CREEK,2469,Page,"", 
NSW,LOWER BOTTLE CREEK,2469,Page,"", 
NSW,LOWER DUCK CREEK,2469,Page,"", 
NSW,LOWER PEACOCK,2469,Page,"", 
NSW,MALLANGANEE,2469,Page,"", 
NSW,MOOKIMA WYBRA,2469,Page,"", 
NSW,MORORO,2469,Page,"", 
NSW,MOUNT MARSH,2469,Page,"", 
NSW,MUMMULGUM,2469,Page,"", 
NSW,MYRTLE,2469,Page,"",MYRTLE CREEK
NSW,MYRTLE CREEK,2469,Page,"", 
NSW,OLD BONALBO,2469,Page,"", 
NSW,PADDYS FLAT,2469,Page,"", 
NSW,PAGANS FLAT,2469,Page,"", 
NSW,PEACOCK CREEK,2469,Page,"", 
NSW,PIKAPENE,2469,Page,"", 
NSW,PRETTY GULLY,2469,New England,"", 
NSW,RAPPVILLE,2469,Page,"", 
NSW,SANDILANDS,2469,Page,"", 
NSW,SIMPKINS CREEK,2469,Page,"", 
NSW,SIX MILE SWAMP,2469,Page,"", 
NSW,TABULAM,2469,New England,"", 
NSW,TABULAM,2469,Page,"", 
NSW,THERESA CREEK,2469,Page,"", 
NSW,TUNGLEBUNG,2469,Page,"", 
NSW,UPPER DUCK CREEK,2469,Page,"", 
NSW,WARREGAH ISLAND,2469,Page,"", 
NSW,WHIPORIE,2469,Page,"", 
NSW,WOOMBAH,2469,Page,"", 
NSW,WYAN,2469,Page,"", 
NSW,YABBRA,2469,Page,"", 
NSW,BABYL CREEK,2470,Page,"", 
NSW,BACKMEDE,2470,Page,"", 
NSW,BRUTON,2470,Page,"",CASINO
NSW,CASINO,2470,Page,"", 
NSW,COOMBELL,2470,Page,"", 
NSW,DOBIES BIGHT,2470,Page,"", 
NSW,DOUBTFUL CREEK,2470,Page,"", 
NSW,DYRAABA,2470,Page,"", 
NSW,DYRAABA CENTRAL,2470,Page,"",DOUBTFUL CREEK
NSW,DYRAABA CREEK,2470,Page,"",DYRAABA
NSW,ELLANGOWAN,2470,Page,"", 
NSW,FAIRY HILL,2470,Page,"", 
NSW,HORSE RIDGES,2470,Page,"", 
NSW,IRVINGTON,2470,Page,"", 
NSW,LEEVILLE,2470,Page,"", 
NSW,LOWER DYRAABA,2470,Page,"", 
NSW,MONGOGARIE,2470,Page,"", 
NSW,NAMOONA,2470,Page,"",CASINO
NSW,NAUGHTONS GAP,2470,Page,"", 
NSW,NORTH CASINO,2470,Page,"", 
NSW,PIORA,2470,Page,"", 
NSW,SEXTONVILLE,2470,Page,"", 
NSW,SHANNON BROOK,2470,Page,"", 
NSW,SPRING GROVE,2470,Page,"", 
NSW,STRATHEDEN,2470,Page,"", 
NSW,THE BEND,2470,Page,"",CASINO
NSW,TOMKI,2470,Page,"", 
NSW,WOODVIEW,2470,Page,"", 
NSW,WOOLNERS ARM,2470,Page,"", 
NSW,WOOROOWOOLGAN,2470,Page,"",CASINO
NSW,YORKLEA,2470,Page,"", 
NSW,BORA RIDGE,2471,Page,"", 
NSW,CODRINGTON,2471,Page,"", 
NSW,CORAKI,2471,Page,"", 
NSW,EAST CORAKI,2471,Page,"", 
NSW,GREEN FOREST,2471,Page,"", 
NSW,GREENRIDGE,2471,Page,"", 
NSW,NORTH CODRINGTON,2471,Page,"",SOUTH GUNDURIMBA
NSW,SWAN BAY,2471,Page,"", 
NSW,TATHAM,2471,Page,"", 
NSW,WEST BUNGAWALBIN,2471,Page,"", 
NSW,BROADWATER,2472,Page,"", 
NSW,BUCKENDOON,2472,Page,"", 
NSW,KILGIN,2472,Page,"", 
NSW,NEW ITALY,2472,Page,"", 
NSW,NORTH WOODBURN,2472,Page,"", 
NSW,RILEYS HILL,2472,Page,"", 
NSW,TABBIMOBLE,2472,Page,"", 
NSW,THE GAP,2472,Page,"", 
NSW,TRUSTUMS HILL,2472,Page,"", 
NSW,WOODBURN,2472,Page,"", 
NSW,DOONBAH,2473,Page,"", 
NSW,EVANS HEAD,2473,Page,"", 
NSW,AFTERLEE,2474,Page,"", 
NSW,BARKERS VALE,2474,Page,"", 
NSW,CAWONGLA,2474,Page,"", 
NSW,CEDAR POINT,2474,Page,"", 
NSW,COLLINS CREEK,2474,Page,"", 
NSW,COUGAL,2474,Page,"", 
NSW,DAIRY FLAT,2474,Page,"", 
NSW,EDEN CREEK,2474,Page,"", 
NSW,EDENVILLE,2474,Page,"", 
NSW,ETTRICK,2474,Page,"", 
NSW,FAWCETTS PLAIN,2474,Page,"", 
NSW,FINDON CREEK,2474,Page,"", 
NSW,GENEVA,2474,Page,"", 
NSW,GHINNI GHI,2474,Page,"", 
NSW,GRADYS CREEK,2474,Page,"", 
NSW,GREEN PIGEON,2474,Page,"", 
NSW,GREVILLIA,2474,Page,"", 
NSW,HOMELEIGH,2474,Page,"", 
NSW,HORSE STATION CREEK,2474,Page,"", 
NSW,HORSESHOE CREEK,2474,Page,"", 
NSW,IRON POT CREEK,2474,Page,"", 
NSW,KILGRA,2474,Page,"", 
NSW,KYOGLE,2474,Page,"", 
NSW,LITTLE BACK CREEK,2474,Page,"", 
NSW,LOADSTONE,2474,Page,"", 
NSW,LYNCHS CREEK,2474,Page,"", 
NSW,MOUNT LION,2474,Page,"",LOADSTONE
NSW,NEW PARK,2474,Page,"", 
NSW,OLD GREVILLIA,2474,Page,"", 
NSW,ROSEBERRY CREEK,2474,Page,"", 
NSW,RUKENVALE,2474,Page,"", 
NSW,SAWPIT CREEK,2474,Page,"", 
NSW,SHERWOOD,2474,Page,"", 
NSW,SMITHS CREEK,2474,Page,"", 
NSW,TERRACE CREEK,2474,Page,"", 
NSW,THE RISK,2474,Page,"", 
NSW,TOONUMBAR,2474,Page,"", 
NSW,UNUMGAR,2474,Page,"", 
NSW,UPPER EDEN CREEK,2474,Page,"", 
NSW,UPPER HORSESHOE CREEK,2474,Page,"", 
NSW,WADEVILLE,2474,Page,"", 
NSW,WARRAZAMBIL CREEK,2474,Page,"", 
NSW,WEST WIANGAREE,2474,Page,"", 
NSW,WIANGAREE,2474,Page,"", 
NSW,WYNEDEN,2474,Page,"", 
NSW,TOOLOOM,2475,New England,"", 
NSW,TOOLOOM,2475,Page,"", 
NSW,UPPER TOOLOOM,2475,New England,"", 
NSW,URBENVILLE,2475,New England,"", 
NSW,URBENVILLE,2475,Page,"", 
NSW,ACACIA CREEK,2476,New England,"", 
NSW,BOOMI CREEK,2476,Page,"", 
NSW,BRUMBY PLAINS,2476,Page,"", 
NSW,KOREELAH,2476,New England,"", 
NSW,LEGUME,2476,New England,"", 
NSW,LINDESAY CREEK,2476,New England,"", 
NSW,LINDESAY CREEK,2476,Page,"", 
NSW,LOWER ACACIA CREEK,2476,New England,"", 
NSW,NEW KOREELAH,2476,New England,"", 
NSW,OLD KOREELAH,2476,New England,"", 
NSW,THE GLEN,2476,Page,"", 
NSW,WOODENBONG,2476,New England,"", 
NSW,WOODENBONG,2476,Page,"", 
NSW,ALSTONVALE,2477,Page,"", 
NSW,ALSTONVALE,2477,Richmond,"", 
NSW,ALSTONVILLE,2477,Page,"", 
NSW,ALSTONVILLE,2477,Richmond,"", 
NSW,BAGOTVILLE,2477,Page,"", 
NSW,CABBAGE TREE ISLAND,2477,Page,"", 
NSW,DALWOOD,2477,Page,"", 
NSW,EAST WARDELL,2477,Page,"", 
NSW,LYNWOOD,2477,Page,"", 
NSW,MEERSCHAUM VALE,2477,Page,"", 
NSW,PEARCES CREEK,2477,Page,"", 
NSW,PEARCES CREEK,2477,Richmond,"", 
NSW,ROUS,2477,Page,"", 
NSW,ROUS MILL,2477,Page,"", 
NSW,TUCKOMBIL,2477,Richmond,"", 
NSW,URALBA,2477,Page,"", 
NSW,URALBA,2477,Richmond,"", 
NSW,WARDELL,2477,Page,"", 
NSW,WOLLONGBAR,2477,Page,"", 
NSW,BALLINA,2478,Richmond,"", 
NSW,BALLINA HEIGHTS,2478,Richmond,"",CUMBALUM
NSW,COOLGARDIE,2478,Page,"", 
NSW,CUMBALUM,2478,Richmond,"", 
NSW,EAST BALLINA,2478,Richmond,"", 
NSW,EMPIRE VALE,2478,Page,"", 
NSW,EMPIRE VALE,2478,Richmond,"", 
NSW,KEITH HALL,2478,Richmond,"", 
NSW,KINVARA,2478,Richmond,"", 
NSW,LENNOX HEAD,2478,Richmond,"", 
NSW,PATCHS BEACH,2478,Page,"", 
NSW,PIMLICO,2478,Page,"", 
NSW,PIMLICO,2478,Richmond,"", 
NSW,PIMLICO ISLAND,2478,Richmond,"", 
NSW,SKENNARS HEAD,2478,Richmond,"", 
NSW,SOUTH BALLINA,2478,Richmond,"", 
NSW,TEVEN,2478,Richmond,"", 
NSW,TINTENBAR,2478,Richmond,"", 
NSW,WEST BALLINA,2478,Richmond,"", 
NSW,BANGALOW,2479,Richmond,"", 
NSW,BINNA BURRA,2479,Richmond,"", 
NSW,BROOKLET,2479,Richmond,"", 
NSW,COOPERS SHOOT,2479,Richmond,"", 
NSW,COORABELL,2479,Richmond,"", 
NSW,FERNLEIGH,2479,Richmond,"", 
NSW,KNOCKROW,2479,Richmond,"", 
NSW,MCLEODS SHOOT,2479,Richmond,"", 
NSW,NASHUA,2479,Richmond,"", 
NSW,NEWRYBAR,2479,Richmond,"", 
NSW,POSSUM CREEK,2479,Richmond,"", 
NSW,ST HELENA,2479,Richmond,"",MCLEODS SHOOT
NSW,BENTLEY,2480,Page,"", 
NSW,BEXHILL,2480,Page,"", 
NSW,BLAKEBROOK,2480,Page,"", 
NSW,BLUE KNOB,2480,Page,"", 
NSW,BOAT HARBOUR,2480,Page,"", 
NSW,BOOERIE CREEK,2480,Page,"", 
NSW,BOORABEE PARK,2480,Page,"", 
NSW,BOOYONG,2480,Page,"", 
NSW,BOOYONG,2480,Richmond,"", 
NSW,BUNGABBEE,2480,Page,"", 
NSW,CANIABA,2480,Page,"", 
NSW,CHILCOTTS GRASS,2480,Page,"", 
NSW,CLOVASS,2480,Page,"", 
NSW,CLUNES,2480,Page,"", 
NSW,CLUNES,2480,Richmond,"", 
NSW,COFFEE CAMP,2480,Page,"", 
NSW,CORNDALE,2480,Page,"", 
NSW,DORROUGHBY,2480,Page,"", 
NSW,DUNGARUBBA,2480,Page,"", 
NSW,DUNOON,2480,Page,"", 
NSW,EAST LISMORE,2480,Page,"", 
NSW,ELTHAM,2480,Page,"", 
NSW,EUREKA,2480,Richmond,"", 
NSW,FEDERAL,2480,Richmond,"", 
NSW,FERNSIDE,2480,Page,"", 
NSW,GEORGICA,2480,Page,"", 
NSW,GIRARDS HILL,2480,Page,"", 
NSW,GOOLMANGAR,2480,Page,"", 
NSW,GOONELLABAH,2480,Page,"", 
NSW,HOWARDS GRASS,2480,Page,"", 
NSW,JIGGI,2480,Page,"", 
NSW,KEERRONG,2480,Page,"", 
NSW,KOONORIGAN,2480,Page,"", 
NSW,LAGOON GRASS,2480,Page,"", 
NSW,LARNOOK,2480,Page,"", 
NSW,LEYCESTER,2480,Page,"", 
NSW,LILLIAN ROCK,2480,Page,"", 
NSW,LINDENDALE,2480,Page,"", 
NSW,LISMORE,2480,Page,"", 
NSW,LISMORE HEIGHTS,2480,Page,"", 
NSW,LOFTVILLE,2480,Page,"", 
NSW,MAROM CREEK,2480,Page,"", 
NSW,MCKEES HILL,2480,Page,"", 
NSW,MCLEANS RIDGES,2480,Page,"", 
NSW,MODANVILLE,2480,Page,"", 
NSW,MONALTRIE,2480,Page,"", 
NSW,MOUNTAIN TOP,2480,Page,"", 
NSW,NIMBIN,2480,Page,"", 
NSW,NORTH LISMORE,2480,Page,"", 
NSW,NUMULGI,2480,Page,"", 
NSW,REPENTANCE CREEK,2480,Page,"", 
NSW,RICHMOND HILL,2480,Page,"", 
NSW,ROCK VALLEY,2480,Page,"", 
NSW,ROSEBANK,2480,Page,"", 
NSW,RUTHVEN,2480,Page,"", 
NSW,SOUTH GUNDURIMBA,2480,Page,"", 
NSW,SOUTH LISMORE,2480,Page,"", 
NSW,STONY CHUTE,2480,Page,"", 
NSW,TERANIA CREEK,2480,Page,"", 
NSW,THE CHANNON,2480,Page,"", 
NSW,TREGEAGLE,2480,Page,"", 
NSW,TUCKI TUCKI,2480,Page,"", 
NSW,TUCKURIMBA,2480,Page,"", 
NSW,TULLERA,2480,Page,"", 
NSW,TUNCESTER,2480,Page,"", 
NSW,TUNTABLE CREEK,2480,Page,"", 
NSW,WHIAN WHIAN,2480,Page,"", 
NSW,WOODLAWN,2480,Page,"", 
NSW,WYRALLAH,2480,Page,"", 
NSW,BROKEN HEAD,2481,Richmond,"", 
NSW,BYRON BAY,2481,Richmond,"", 
NSW,EWINGSDALE,2481,Richmond,"", 
NSW,HAYTERS HILL,2481,Richmond,"", 
NSW,MYOCUM,2481,Richmond,"", 
NSW,SKINNERS SHOOT,2481,Richmond,"", 
NSW,SUFFOLK PARK,2481,Richmond,"", 
NSW,TALOFA,2481,Richmond,"", 
NSW,TYAGARAH,2481,Richmond,"", 
NSW,ANDERSONS HILL,2482,Richmond,"",BRUNSWICK HEADS
NSW,DURRUMBUL,2482,Richmond,"",MAIN ARM
NSW,GOONENGERRY,2482,Richmond,"", 
NSW,HUONBROOK,2482,Richmond,"", 
NSW,KOONYUM RANGE,2482,Richmond,"", 
NSW,MAIN ARM,2482,Richmond,"", 
NSW,MONTECOLLUM,2482,Richmond,"", 
NSW,MULLUMBIMBY,2482,Richmond,"", 
NSW,MULLUMBIMBY CREEK,2482,Richmond,"", 
NSW,NIGHTCAP,2482,Richmond,"", 
NSW,PALMWOODS,2482,Richmond,"", 
NSW,UPPER COOPERS CREEK,2482,Richmond,"", 
NSW,UPPER MAIN ARM,2482,Richmond,"", 
NSW,UPPER WILSONS CREEK,2482,Richmond,"", 
NSW,WANGANUI,2482,Richmond,"", 
NSW,WILSONS CREEK,2482,Richmond,"", 
NSW,BILLINUDGEL,2483,Richmond,"", 
NSW,BRUNSWICK HEADS,2483,Richmond,"", 
NSW,BURRINGBAR,2483,Richmond,"", 
NSW,CRABBES CREEK,2483,Richmond,"", 
NSW,MIDDLE POCKET,2483,Richmond,"", 
NSW,MOOBALL,2483,Richmond,"", 
NSW,NEW BRIGHTON,2483,Richmond,"", 
NSW,OCEAN SHORES,2483,Richmond,"", 
NSW,SLEEPY HOLLOW,2483,Richmond,"", 
NSW,SOUTH GOLDEN BEACH,2483,Richmond,"", 
NSW,THE POCKET,2483,Richmond,"", 
NSW,UPPER BURRINGBAR,2483,Richmond,"", 
NSW,WOOYUNG,2483,Richmond,"", 
NSW,YELGUN,2483,Richmond,"", 
NSW,BACK CREEK,2484,Richmond,"", 
NSW,BRAY PARK,2484,Richmond,"", 
NSW,BRAYS CREEK,2484,Richmond,"", 
NSW,BYANGUM,2484,Richmond,"", 
NSW,BYRRILL CREEK,2484,Richmond,"", 
NSW,CEDAR CREEK,2484,Richmond,"", 
NSW,CHILLINGHAM,2484,Richmond,"", 
NSW,CHOWAN CREEK,2484,Richmond,"", 
NSW,CLOTHIERS CREEK,2484,Richmond,"", 
NSW,COMMISSIONERS CREEK,2484,Richmond,"", 
NSW,CONDONG,2484,Richmond,"", 
NSW,CRYSTAL CREEK,2484,Richmond,"", 
NSW,CUDGERA CREEK,2484,Richmond,"", 
NSW,DOON DOON,2484,Richmond,"", 
NSW,DULGUIGAN,2484,Richmond,"", 
NSW,DUM DUM,2484,Richmond,"", 
NSW,DUNBIBLE,2484,Richmond,"", 
NSW,DUNGAY,2484,Richmond,"", 
NSW,EUNGELLA,2484,Richmond,"", 
NSW,EVIRON,2484,Richmond,"", 
NSW,FARRANTS HILL,2484,Richmond,"", 
NSW,FERNVALE,2484,Richmond,"", 
NSW,HOPKINS CREEK,2484,Richmond,"", 
NSW,KIELVALE,2484,Richmond,"", 
NSW,KUNGHUR,2484,Richmond,"", 
NSW,KUNGHUR CREEK,2484,Richmond,"", 
NSW,KYNNUMBOON,2484,Richmond,"", 
NSW,LIMPINWOOD,2484,Richmond,"", 
NSW,MIDGINBIL,2484,Richmond,"", 
NSW,MOUNT BURRELL,2484,Richmond,"", 
NSW,MOUNT WARNING,2484,Richmond,"", 
NSW,MURWILLUMBAH,2484,Richmond,"", 
NSW,NOBBYS CREEK,2484,Richmond,"", 
NSW,NORTH ARM,2484,Richmond,"", 
NSW,NUMINBAH,2484,Richmond,"", 
NSW,NUNDERI,2484,Richmond,"", 
NSW,PALMVALE,2484,Richmond,"", 
NSW,PUMPENBIL,2484,Richmond,"", 
NSW,RESERVE CREEK,2484,Richmond,"", 
NSW,ROUND MOUNTAIN,2484,Richmond,"", 
NSW,ROWLANDS CREEK,2484,Richmond,"", 
NSW,SMITHS CREEK,2484,Richmond,"", 
NSW,SOUTH MURWILLUMBAH,2484,Richmond,"", 
NSW,STOKERS SIDING,2484,Richmond,"", 
NSW,TERRAGON,2484,Richmond,"", 
NSW,TOMEWIN,2484,Richmond,"", 
NSW,TYALGUM,2484,Richmond,"", 
NSW,TYALGUM CREEK,2484,Richmond,"", 
NSW,TYGALGAH,2484,Richmond,"", 
NSW,UKI,2484,Richmond,"", 
NSW,UPPER CRYSTAL CREEK,2484,Richmond,"", 
NSW,URLIUP,2484,Richmond,"", 
NSW,WARDROP VALLEY,2484,Richmond,"", 
NSW,ZARA,2484,Richmond,"", 
NSW,TWEED HEADS,2485,Richmond,"", 
NSW,TWEED HEADS WEST,2485,Richmond,"", 
NSW,BANORA POINT,2486,Richmond,"", 
NSW,BILAMBIL,2486,Richmond,"", 
NSW,BILAMBIL HEIGHTS,2486,Richmond,"", 
NSW,BUNGALORA,2486,Richmond,"", 
NSW,CAROOL,2486,Richmond,"", 
NSW,COBAKI,2486,Richmond,"", 
NSW,COBAKI LAKES,2486,Richmond,"", 
NSW,DUROBY,2486,Richmond,"", 
NSW,GLENGARRIE,2486,Richmond,"", 
NSW,PIGGABEEN,2486,Richmond,"", 
NSW,TERRANORA,2486,Richmond,"", 
NSW,TWEED HEADS SOUTH,2486,Richmond,"", 
NSW,UPPER DUROBY,2486,Richmond,"", 
NSW,CASUARINA,2487,Richmond,"", 
NSW,CHINDERAH,2487,Richmond,"", 
NSW,CUDGEN,2487,Richmond,"", 
NSW,DURANBAH,2487,Richmond,"", 
NSW,FINGAL HEAD,2487,Richmond,"", 
NSW,KINGS FOREST,2487,Richmond,"", 
NSW,KINGSCLIFF,2487,Richmond,"", 
NSW,STOTTS CREEK,2487,Richmond,"", 
NSW,BOGANGAR,2488,Richmond,"", 
NSW,CABARITA BEACH,2488,Richmond,"", 
NSW,TANGLEWOOD,2488,Richmond,"", 
NSW,HASTINGS POINT,2489,Richmond,"", 
NSW,POTTSVILLE,2489,Richmond,"", 
NSW,NORTH TUMBULGUM,2490,Richmond,"", 
NSW,TUMBULGUM,2490,Richmond,"", 
NSW,CONISTON,2500,Cunningham,"", 
NSW,GWYNNEVILLE,2500,Cunningham,"", 
NSW,KEIRAVILLE,2500,Cunningham,"", 
NSW,MANGERTON,2500,Cunningham,"", 
NSW,MOUNT KEIRA,2500,Cunningham,"", 
NSW,MOUNT SAINT THOMAS,2500,Cunningham,"", 
NSW,NORTH WOLLONGONG,2500,Cunningham,"", 
NSW,WEST WOLLONGONG,2500,Cunningham,"", 
NSW,WOLLONGONG,2500,Cunningham,"", 
NSW,CRINGILA,2502,Whitlam,"", 
NSW,LAKE HEIGHTS,2502,Cunningham,"", 
NSW,LAKE HEIGHTS,2502,Whitlam,"", 
NSW,PRIMBEE,2502,Whitlam,"", 
NSW,WARRAWONG,2502,Cunningham,"", 
NSW,KEMBLAWARRA,2505,Cunningham,"",PORT KEMBLA
NSW,PORT KEMBLA,2505,Cunningham,"", 
NSW,BERKELEY,2506,Whitlam,"", 
NSW,LINDSAY HEIGHTS,2506,Whitlam,"",BERKELEY
NSW,COALCLIFF,2508,Cunningham,"", 
NSW,DARKES FOREST,2508,Cunningham,"", 
NSW,HELENSBURGH,2508,Cunningham,"", 
NSW,LILYVALE,2508,Cunningham,"", 
NSW,MADDENS PLAINS,2508,Cunningham,"", 
NSW,OTFORD,2508,Cunningham,"", 
NSW,STANWELL PARK,2508,Cunningham,"", 
NSW,STANWELL TOPS,2508,Cunningham,"", 
NSW,WORONORA DAM,2508,Cunningham,"", 
NSW,AUSTINMER,2515,Cunningham,"", 
NSW,CLIFTON,2515,Cunningham,"", 
NSW,COLEDALE,2515,Cunningham,"", 
NSW,SCARBOROUGH,2515,Cunningham,"", 
NSW,THIRROUL,2515,Cunningham,"", 
NSW,WOMBARRA,2515,Cunningham,"", 
NSW,BULLI,2516,Cunningham,"", 
NSW,BULLI TOPS,2516,Cunningham,"",BULLI
NSW,RUSSELL VALE,2517,Cunningham,"", 
NSW,WOONONA,2517,Cunningham,"", 
NSW,BELLAMBI,2518,Cunningham,"", 
NSW,CORRIMAL,2518,Cunningham,"", 
NSW,EAST CORRIMAL,2518,Cunningham,"", 
NSW,TARRAWANNA,2518,Cunningham,"", 
NSW,TOWRADGI,2518,Cunningham,"", 
NSW,BALGOWNIE,2519,Cunningham,"", 
NSW,FAIRY MEADOW,2519,Cunningham,"", 
NSW,FERNHILL,2519,Cunningham,"", 
NSW,MOUNT OUSLEY,2519,Cunningham,"", 
NSW,MOUNT PLEASANT,2519,Cunningham,"", 
NSW,FIGTREE,2525,Cunningham,"", 
NSW,COACHWOOD PARK,2526,Cunningham,"",UNANDERRA
NSW,COACHWOOD PARK,2526,Whitlam,"",UNANDERRA
NSW,CORDEAUX HEIGHTS,2526,Cunningham,"", 
NSW,FARMBOROUGH CHASE,2526,Cunningham,"",UNANDERRA
NSW,FARMBOROUGH CHASE,2526,Whitlam,"",UNANDERRA
NSW,FARMBOROUGH HEIGHTS,2526,Cunningham,"", 
NSW,FARMBOROUGH HEIGHTS,2526,Whitlam,"", 
NSW,KEMBLA GRANGE,2526,Whitlam,"", 
NSW,KEMBLA HEIGHTS,2526,Cunningham,"", 
NSW,MOUNT KEMBLA,2526,Cunningham,"", 
NSW,UNANDERRA,2526,Cunningham,"", 
NSW,UNANDERRA,2526,Whitlam,"", 
NSW,ALBION PARK,2527,Whitlam,"", 
NSW,ALBION PARK RAIL,2527,Whitlam,"", 
NSW,CALDERWOOD,2527,Whitlam,"", 
NSW,CROOM,2527,Gilmore,"", 
NSW,CROOM,2527,Whitlam,"", 
NSW,TONGARRA,2527,Whitlam,"", 
NSW,TULLIMBAR,2527,Whitlam,"", 
NSW,YELLOW ROCK,2527,Gilmore,"", 
NSW,YELLOW ROCK,2527,Whitlam,"", 
NSW,BARRACK HEIGHTS,2528,Whitlam,"", 
NSW,BARRACK POINT,2528,Whitlam,"", 
NSW,LAKE ILLAWARRA,2528,Whitlam,"", 
NSW,LAKE SOUTH,2528,Whitlam,"",LAKE ILLAWARRA
NSW,MOUNT WARRIGAL,2528,Whitlam,"", 
NSW,WARILLA,2528,Whitlam,"", 
NSW,WINDANG,2528,Whitlam,"", 
NSW,BALARANG,2529,Whitlam,"",OAK FLATS
NSW,BLACKBUTT,2529,Whitlam,"", 
NSW,DUNMORE,2529,Whitlam,"", 
NSW,FLINDERS,2529,Whitlam,"", 
NSW,OAK FLATS,2529,Whitlam,"", 
NSW,SHELL COVE,2529,Whitlam,"", 
NSW,SHELLHARBOUR,2529,Whitlam,"", 
NSW,SHELLHARBOUR CITY CENTRE,2529,Whitlam,"", 
NSW,AVON,2530,Whitlam,"", 
NSW,AVONDALE,2530,Whitlam,"", 
NSW,BROWNSVILLE,2530,Whitlam,"", 
NSW,CLEVELAND,2530,Whitlam,"", 
NSW,DAPTO,2530,Whitlam,"", 
NSW,DOMBARTON,2530,Whitlam,"", 
NSW,HAYWARDS BAY,2530,Whitlam,"", 
NSW,HORSLEY,2530,Whitlam,"", 
NSW,HUNTLEY,2530,Whitlam,"", 
NSW,KANAHOOKA,2530,Whitlam,"", 
NSW,KOONAWARRA,2530,Whitlam,"", 
NSW,MARSHALL MOUNT,2530,Whitlam,"", 
NSW,WONGAWILLI,2530,Whitlam,"", 
NSW,YALLAH,2530,Whitlam,"", 
NSW,BOMBO,2533,Gilmore,"", 
NSW,CURRAMORE,2533,Gilmore,"", 
NSW,JAMBEROO,2533,Gilmore,"", 
NSW,JERRARA,2533,Gilmore,"", 
NSW,KIAMA,2533,Gilmore,"", 
NSW,KIAMA DOWNS,2533,Gilmore,"", 
NSW,KIAMA HEIGHTS,2533,Gilmore,"", 
NSW,MINNAMURRA,2533,Gilmore,"", 
NSW,SADDLEBACK MOUNTAIN,2533,Gilmore,"", 
NSW,BROUGHTON VILLAGE,2534,Gilmore,"", 
NSW,FOXGROUND,2534,Gilmore,"", 
NSW,GERRINGONG,2534,Gilmore,"", 
NSW,GERROA,2534,Gilmore,"", 
NSW,ROSE VALLEY,2534,Gilmore,"", 
NSW,TOOLIJOOA,2534,Gilmore,"", 
NSW,WERRI BEACH,2534,Gilmore,"", 
NSW,WILLOW VALE,2534,Gilmore,"", 
NSW,BACK FOREST,2535,Gilmore,"", 
NSW,BELLAWONGARAH,2535,Gilmore,"", 
NSW,BERRY,2535,Gilmore,"", 
NSW,BERRY MOUNTAIN,2535,Gilmore,"", 
NSW,BROGERS CREEK,2535,Gilmore,"", 
NSW,BROUGHTON,2535,Gilmore,"", 
NSW,BROUGHTON VALE,2535,Gilmore,"", 
NSW,BUDDEROO,2535,Gilmore,"", 
NSW,BUNDEWALLAH,2535,Gilmore,"", 
NSW,COOLANGATTA,2535,Gilmore,"", 
NSW,FAR MEADOW,2535,Gilmore,"", 
NSW,JASPERS BRUSH,2535,Gilmore,"", 
NSW,SHOALHAVEN HEADS,2535,Gilmore,"", 
NSW,WATTAMOLLA,2535,Gilmore,"", 
NSW,WOODHILL,2535,Gilmore,"", 
NSW,BATEHAVEN,2536,Gilmore,"", 
NSW,BATEMANS BAY,2536,Gilmore,"", 
NSW,BENANDARAH,2536,Gilmore,"", 
NSW,BIMBIMBIE,2536,Gilmore,"", 
NSW,BUCKENBOWRA,2536,Gilmore,"", 
NSW,CATALINA,2536,Gilmore,"", 
NSW,COCKWHY,2536,Gilmore,"", 
NSW,CURROWAN,2536,Gilmore,"", 
NSW,CURROWAN CREEK,2536,Gilmore,"", 
NSW,DENHAMS BEACH,2536,Gilmore,"", 
NSW,DEPOT BEACH,2536,Gilmore,"", 
NSW,DURRAS NORTH,2536,Gilmore,"", 
NSW,EAST LYNNE,2536,Gilmore,"", 
NSW,ETTREMA,2536,Gilmore,"", 
NSW,GUERILLA BAY,2536,Gilmore,"", 
NSW,JEREMADRA,2536,Gilmore,"", 
NSW,LILLI PILLI,2536,Gilmore,"", 
NSW,LONG BEACH,2536,Gilmore,"", 
NSW,MALONEYS BEACH,2536,Gilmore,"", 
NSW,MALUA BAY,2536,Gilmore,"", 
NSW,MOGO,2536,Gilmore,"", 
NSW,MOGOOD,2536,Gilmore,"", 
NSW,NELLIGEN,2536,Gilmore,"", 
NSW,NORTH BATEMANS BAY,2536,Gilmore,"", 
NSW,PEBBLY BEACH,2536,Gilmore,"", 
NSW,ROSEDALE,2536,Gilmore,"", 
NSW,RUNNYFORD,2536,Gilmore,"", 
NSW,SOUTH DURRAS,2536,Gilmore,"", 
NSW,SUNSHINE BAY,2536,Gilmore,"", 
NSW,SURF BEACH,2536,Gilmore,"", 
NSW,SURFSIDE,2536,Gilmore,"", 
NSW,WOODLANDS,2536,Gilmore,"", 
NSW,BERGALIA,2537,Gilmore,"", 
NSW,BINGIE,2537,Gilmore,"", 
NSW,BROULEE,2537,Gilmore,"", 
NSW,COILA,2537,Gilmore,"", 
NSW,CONGO,2537,Gilmore,"", 
NSW,DEUA,2537,Gilmore,"", 
NSW,DEUA RIVER VALLEY,2537,Gilmore,"", 
NSW,KIORA,2537,Gilmore,"", 
NSW,MERINGO,2537,Gilmore,"", 
NSW,MOGENDOURA,2537,Gilmore,"", 
NSW,MORUYA,2537,Gilmore,"", 
NSW,MORUYA HEADS,2537,Gilmore,"", 
NSW,MOSSY POINT,2537,Gilmore,"", 
NSW,TOMAKIN,2537,Gilmore,"", 
NSW,TURLINJAH,2537,Gilmore,"", 
NSW,TUROSS HEAD,2537,Gilmore,"", 
NSW,WAMBAN,2537,Gilmore,"", 
NSW,BROOMAN,2538,Gilmore,"", 
NSW,ENDRICK,2538,Gilmore,"", 
NSW,LITTLE FOREST,2538,Gilmore,"", 
NSW,MILTON,2538,Gilmore,"", 
NSW,MORTON,2538,Gilmore,"", 
NSW,MOUNT KINGIMAN,2538,Gilmore,"", 
NSW,WOODBURN,2538,Gilmore,"", 
NSW,WOODSTOCK,2538,Gilmore,"", 
NSW,YADBORO,2538,Gilmore,"", 
NSW,BAWLEY POINT,2539,Gilmore,"", 
NSW,BENDALONG,2539,Gilmore,"", 
NSW,BERRINGER LAKE,2539,Gilmore,"", 
NSW,BURRILL LAKE,2539,Gilmore,"", 
NSW,CONJOLA,2539,Gilmore,"", 
NSW,CONJOLA PARK,2539,Gilmore,"", 
NSW,CROOBYAR,2539,Gilmore,"", 
NSW,CUNJURONG POINT,2539,Gilmore,"", 
NSW,DOLPHIN POINT,2539,Gilmore,"", 
NSW,FISHERMANS PARADISE,2539,Gilmore,"", 
NSW,KINGS POINT,2539,Gilmore,"", 
NSW,KIOLOA,2539,Gilmore,"", 
NSW,LAKE CONJOLA,2539,Gilmore,"", 
NSW,LAKE TABOURIE,2539,Gilmore,"", 
NSW,MANYANA,2539,Gilmore,"", 
NSW,MERRY BEACH,2539,Gilmore,"", 
NSW,MOLLYMOOK,2539,Gilmore,"", 
NSW,MOLLYMOOK BEACH,2539,Gilmore,"", 
NSW,NARRAWALLEE,2539,Gilmore,"", 
NSW,POINTER MOUNTAIN,2539,Gilmore,"", 
NSW,PRETTY BEACH,2539,Gilmore,"", 
NSW,TERMEIL,2539,Gilmore,"", 
NSW,ULLADULLA,2539,Gilmore,"", 
NSW,YATTE YATTAH,2539,Gilmore,"", 
NSW,BAMARANG,2540,Gilmore,"", 
NSW,BARRINGELLA,2540,Gilmore,"", 
NSW,BASIN VIEW,2540,Gilmore,"", 
NSW,BEECROFT PENINSULA,2540,Gilmore,"", 
NSW,BERRARA,2540,Gilmore,"", 
NSW,BEWONG,2540,Gilmore,"", 
NSW,BOLONG,2540,Gilmore,"", 
NSW,BREAM BEACH,2540,Gilmore,"", 
NSW,BROWNS MOUNTAIN,2540,Gilmore,"", 
NSW,BRUNDEE,2540,Gilmore,"", 
NSW,BUANGLA,2540,Gilmore,"", 
NSW,BUDJONG VALE,2540,Gilmore,"",BUDGONG
NSW,BURRIER,2540,Gilmore,"", 
NSW,CALLALA BAY,2540,Gilmore,"", 
NSW,CALLALA BEACH,2540,Gilmore,"", 
NSW,CAMBEWARRA,2540,Gilmore,"", 
NSW,CAMBEWARRA VILLAGE,2540,Gilmore,"", 
NSW,COMBERTON,2540,Gilmore,"", 
NSW,COMERONG ISLAND,2540,Gilmore,"", 
NSW,CROOKHAVEN HEADS,2540,Gilmore,"", 
NSW,CUDMIRRAH,2540,Gilmore,"", 
NSW,CULBURRA BEACH,2540,Gilmore,"", 
NSW,CURRARONG,2540,Gilmore,"", 
NSW,EROWAL BAY,2540,Gilmore,"", 
NSW,FALLS CREEK,2540,Gilmore,"", 
NSW,GREENWELL POINT,2540,Gilmore,"", 
NSW,HUSKISSON,2540,Gilmore,"", 
NSW,HYAMS BEACH,2540,Gilmore,"", 
NSW,ILLAROO,2540,Gilmore,"", 
NSW,JERRAWANGALA,2540,Gilmore,"", 
ACT,JERVIS BAY,2540,Fenner,"", 
NSW,KINGHORNE,2540,Gilmore,"", 
NSW,LONGREACH,2540,Gilmore,"", 
NSW,MAYFIELD,2540,Gilmore,"", 
NSW,MEROO MEADOW,2540,Gilmore,"", 
NSW,MONDAYONG,2540,Gilmore,"", 
NSW,MUNDAMIA,2540,Gilmore,"", 
NSW,MYOLA,2540,Gilmore,"", 
NSW,NOWRA HILL,2540,Gilmore,"", 
NSW,NUMBAA,2540,Gilmore,"", 
NSW,OLD EROWAL BAY,2540,Gilmore,"", 
NSW,ORIENT POINT,2540,Gilmore,"", 
NSW,PARMA,2540,Gilmore,"", 
NSW,PYREE,2540,Gilmore,"", 
NSW,SANCTUARY POINT,2540,Gilmore,"", 
NSW,ST GEORGES BASIN,2540,Gilmore,"", 
NSW,SUSSEX INLET,2540,Gilmore,"", 
NSW,SWANHAVEN,2540,Gilmore,"", 
NSW,TAPITALLEE,2540,Gilmore,"", 
NSW,TERARA,2540,Gilmore,"", 
NSW,TOMERONG,2540,Gilmore,"", 
NSW,TULLARWALLA,2540,Gilmore,"", 
NSW,VINCENTIA,2540,Gilmore,"", 
NSW,WANDANDIAN,2540,Gilmore,"", 
NSW,WATERSLEIGH,2540,Gilmore,"", 
NSW,WOLLUMBOOLA,2540,Gilmore,"", 
NSW,WOOLLAMIA,2540,Gilmore,"", 
NSW,WORRIGEE,2540,Gilmore,"", 
NSW,WORROWING HEIGHTS,2540,Gilmore,"", 
ACT,WRECK BAY,2540,Fenner,"", 
NSW,WRIGHTS BEACH,2540,Gilmore,"", 
NSW,YALWAL,2540,Gilmore,"", 
NSW,YERRIYONG,2540,Gilmore,"", 
NSW,BANGALEE,2541,Gilmore,"", 
NSW,BOMADERRY,2541,Gilmore,"", 
NSW,NORTH NOWRA,2541,Gilmore,"", 
NSW,NOWRA,2541,Gilmore,"", 
NSW,SOUTH NOWRA,2541,Gilmore,"", 
NSW,WEST NOWRA,2541,Gilmore,"", 
NSW,BELOWRA,2545,Eden-Monaro,"", 
NSW,BODALLA,2545,Eden-Monaro,"", 
NSW,CADGEE,2545,Eden-Monaro,"", 
NSW,EUROBODALLA,2545,Eden-Monaro,"", 
NSW,NERRIGUNDAH,2545,Eden-Monaro,"", 
NSW,POTATO POINT,2545,Eden-Monaro,"", 
NSW,AKOLELE,2546,Eden-Monaro,"", 
NSW,BARRAGGA BAY,2546,Eden-Monaro,"", 
NSW,BEAUTY POINT,2546,Eden-Monaro,"",WALLAGA LAKE
NSW,BERMAGUI,2546,Eden-Monaro,"", 
NSW,BERMAGUI SOUTH,2546,Eden-Monaro,"",BERMAGUI
NSW,CENTRAL TILBA,2546,Eden-Monaro,"", 
NSW,CORUNNA,2546,Eden-Monaro,"", 
NSW,CUTTAGEE,2546,Eden-Monaro,"", 
NSW,DALMENY,2546,Eden-Monaro,"", 
NSW,DIGNAMS CREEK,2546,Eden-Monaro,"", 
NSW,FAIRHAVEN POINT,2546,Eden-Monaro,"",WALLAGA LAKE
NSW,KIANGA,2546,Eden-Monaro,"", 
NSW,MURRAH,2546,Eden-Monaro,"", 
NSW,MYSTERY BAY,2546,Eden-Monaro,"", 
NSW,NAROOMA,2546,Eden-Monaro,"", 
NSW,NORTH NAROOMA,2546,Eden-Monaro,"", 
NSW,TILBA TILBA,2546,Eden-Monaro,"", 
NSW,TINPOT,2546,Eden-Monaro,"", 
NSW,WADBILLIGA,2546,Eden-Monaro,"", 
NSW,WALLAGA LAKE,2546,Eden-Monaro,"", 
NSW,BERRAMBOOL,2548,Eden-Monaro,"", 
NSW,BOURNDA,2548,Eden-Monaro,"", 
NSW,MERIMBULA,2548,Eden-Monaro,"", 
NSW,MIRADOR,2548,Eden-Monaro,"", 
NSW,TURA BEACH,2548,Eden-Monaro,"", 
NSW,YELLOW PINCH,2548,Eden-Monaro,"", 
NSW,BALD HILLS,2549,Eden-Monaro,"", 
NSW,BROADWATER,2549,Eden-Monaro,"", 
NSW,GREIGS FLAT,2549,Eden-Monaro,"", 
NSW,LOCHIEL,2549,Eden-Monaro,"", 
NSW,MILLINGANDI,2549,Eden-Monaro,"", 
NSW,NETHERCOTE,2549,Eden-Monaro,"", 
NSW,PAMBULA,2549,Eden-Monaro,"", 
NSW,PAMBULA BEACH,2549,Eden-Monaro,"", 
NSW,SOUTH PAMBULA,2549,Eden-Monaro,"", 
NSW,ANGLEDALE,2550,Eden-Monaro,"", 
NSW,BEGA,2550,Eden-Monaro,"", 
NSW,BEMBOKA,2550,Eden-Monaro,"", 
NSW,BIMBAYA,2550,Eden-Monaro,"",TANTAWANGALO
NSW,BLACK RANGE,2550,Eden-Monaro,"", 
NSW,BROGO,2550,Eden-Monaro,"", 
NSW,BUCKAJO,2550,Eden-Monaro,"", 
NSW,BUNGA,2550,Eden-Monaro,"",MURRAH
NSW,BURRAGATE,2550,Eden-Monaro,"", 
NSW,CANDELO,2550,Eden-Monaro,"", 
NSW,CHINNOCK,2550,Eden-Monaro,"", 
NSW,COBARGO,2550,Eden-Monaro,"", 
NSW,COOLAGOLITE,2550,Eden-Monaro,"", 
NSW,COOPERS GULLY,2550,Eden-Monaro,"", 
NSW,DEVILS HOLE,2550,Eden-Monaro,"", 
NSW,DOCTOR GEORGE MOUNTAIN,2550,Eden-Monaro,"", 
NSW,DOUBLE CREEK,2550,Eden-Monaro,"",STONY CREEK
NSW,FROGS HOLLOW,2550,Eden-Monaro,"", 
NSW,GREENDALE,2550,Eden-Monaro,"", 
NSW,JELLAT JELLAT,2550,Eden-Monaro,"", 
NSW,KALARU,2550,Eden-Monaro,"", 
NSW,KAMERUKA,2550,Eden-Monaro,"", 
NSW,KANOONA,2550,Eden-Monaro,"", 
NSW,KINGSWOOD,2550,Eden-Monaro,"", 
NSW,LOWER TOWAMBA,2550,Eden-Monaro,"",TOWAMBA
NSW,MOGAREEKA,2550,Eden-Monaro,"", 
NSW,MOGILLA,2550,Eden-Monaro,"", 
NSW,MORANS CROSSING,2550,Eden-Monaro,"", 
NSW,MUMBULLA MOUNTAIN,2550,Eden-Monaro,"", 
NSW,MYRTLE MOUNTAIN,2550,Eden-Monaro,"", 
NSW,NELSON,2550,Eden-Monaro,"", 
NSW,NEW BUILDINGS,2550,Eden-Monaro,"", 
NSW,NORTH BEGA,2550,Eden-Monaro,"",BEGA
NSW,NUMBUGGA,2550,Eden-Monaro,"", 
NSW,PERICOE,2550,Eden-Monaro,"", 
NSW,QUAAMA,2550,Eden-Monaro,"", 
NSW,REEDY SWAMP,2550,Eden-Monaro,"", 
NSW,ROCKY HALL,2550,Eden-Monaro,"", 
NSW,SOUTH WOLUMLA,2550,Eden-Monaro,"", 
NSW,STONY CREEK,2550,Eden-Monaro,"", 
NSW,TANJA,2550,Eden-Monaro,"", 
NSW,TANTAWANGALO,2550,Eden-Monaro,"", 
NSW,TARRAGANDA,2550,Eden-Monaro,"", 
NSW,TATHRA,2550,Eden-Monaro,"", 
NSW,TOOTHDALE,2550,Eden-Monaro,"", 
NSW,TOWAMBA,2550,Eden-Monaro,"", 
NSW,UPPER BROGO,2550,Eden-Monaro,"",BROGO
NSW,VERONA,2550,Eden-Monaro,"", 
NSW,WALLAGOOT,2550,Eden-Monaro,"", 
NSW,WALLAGOOT LAKE,2550,Eden-Monaro,"",WALLAGOOT
NSW,WANDELLA,2550,Eden-Monaro,"", 
NSW,WAPENGO,2550,Eden-Monaro,"", 
NSW,WOG WOG,2550,Eden-Monaro,"", 
NSW,WOLUMLA,2550,Eden-Monaro,"", 
NSW,WYNDHAM,2550,Eden-Monaro,"", 
NSW,YAMBULLA,2550,Eden-Monaro,"", 
NSW,YANKEES CREEK,2550,Eden-Monaro,"", 
NSW,YOWRIE,2550,Eden-Monaro,"", 
NSW,BOYDTOWN,2551,Eden-Monaro,"", 
NSW,EDEN,2551,Eden-Monaro,"", 
NSW,EDROM,2551,Eden-Monaro,"", 
NSW,GREEN CAPE,2551,Eden-Monaro,"", 
NSW,KIAH,2551,Eden-Monaro,"", 
NSW,NADGEE,2551,Eden-Monaro,"", 
NSW,NARRABARBA,2551,Eden-Monaro,"", 
NSW,NULLICA,2551,Eden-Monaro,"", 
NSW,NUNGATTA SOUTH,2551,Eden-Monaro,"", 
NSW,TIMBILLICA,2551,Eden-Monaro,"", 
NSW,WONBOYN,2551,Eden-Monaro,"", 
NSW,WONBOYN LAKE,2551,Eden-Monaro,"",WONBOYN
NSW,WONBOYN NORTH,2551,Eden-Monaro,"", 
NSW,BADGERYS CREEK,2555,Lindsay,"", 
NSW,BADGERYS CREEK,2555,Werriwa,"", 
NSW,BRINGELLY,2556,Hume,"", 
NSW,BRINGELLY,2556,Macarthur,"", 
NSW,BRINGELLY,2556,Werriwa,"", 
NSW,CATHERINE FIELD,2557,Macarthur,"", 
NSW,GLEDSWOOD HILLS,2557,Macarthur,"", 
NSW,GREGORY HILLS,2557,Macarthur,"", 
NSW,ROSSMORE,2557,Macarthur,"", 
NSW,ROSSMORE,2557,Werriwa,"", 
NSW,EAGLE VALE,2558,Macarthur,"", 
NSW,ESCHOL PARK,2558,Macarthur,"", 
NSW,KEARNS,2558,Macarthur,"", 
NSW,BLAIRMOUNT,2559,Macarthur,"", 
NSW,CLAYMORE,2559,Macarthur,"", 
NSW,AIRDS,2560,Macarthur,"", 
NSW,AMBARVALE,2560,Macarthur,"", 
NSW,APPIN,2560,Hume,"", 
NSW,BLAIR ATHOL,2560,Macarthur,"", 
NSW,BRADBURY,2560,Macarthur,"", 
NSW,CAMPBELLTOWN,2560,Macarthur,"", 
NSW,CATARACT,2560,Hume,"", 
NSW,ENGLORIE PARK,2560,Macarthur,"", 
NSW,GILEAD,2560,Macarthur,"", 
NSW,GLEN ALPINE,2560,Macarthur,"", 
NSW,KENTLYN,2560,Macarthur,"", 
NSW,LEUMEAH,2560,Macarthur,"", 
NSW,ROSEMEADOW,2560,Macarthur,"", 
NSW,RUSE,2560,Macarthur,"", 
NSW,ST HELENS PARK,2560,Macarthur,"", 
NSW,WEDDERBURN,2560,Macarthur,"", 
NSW,WOODBINE,2560,Macarthur,"", 
NSW,MENANGLE PARK,2563,Macarthur,"", 
NSW,LONG POINT,2564,Werriwa,"", 
NSW,MACQUARIE FIELDS,2564,Werriwa,"", 
NSW,BARDIA,2565,Werriwa,"", 
NSW,DENHAM COURT,2565,Macarthur,"", 
NSW,DENHAM COURT,2565,Werriwa,"", 
NSW,INGLEBURN,2565,Macarthur,"", 
NSW,INGLEBURN,2565,Werriwa,"", 
NSW,MACQUARIE LINKS,2565,Werriwa,"", 
NSW,BOW BOWING,2566,Macarthur,"", 
NSW,MINTO,2566,Macarthur,"", 
NSW,MINTO HEIGHTS,2566,Macarthur,"", 
NSW,RABY,2566,Macarthur,"", 
NSW,ST ANDREWS,2566,Macarthur,"", 
NSW,VARROVILLE,2566,Macarthur,"", 
NSW,CURRANS HILL,2567,Macarthur,"", 
NSW,HARRINGTON PARK,2567,Hume,"", 
NSW,HARRINGTON PARK,2567,Macarthur,"", 
NSW,MOUNT ANNAN,2567,Hume,"", 
NSW,NARELLAN,2567,Hume,"", 
NSW,NARELLAN,2567,Macarthur,"", 
NSW,NARELLAN VALE,2567,Hume,"", 
NSW,SMEATON GRANGE,2567,Macarthur,"", 
NSW,MENANGLE,2568,Hume,"", 
NSW,DOUGLAS PARK,2569,Hume,"", 
NSW,BELIMBLA PARK,2570,Hume,"", 
NSW,BICKLEY VALE,2570,Hume,"", 
NSW,BROWNLOW HILL,2570,Hume,"", 
NSW,CAMDEN,2570,Hume,"", 
NSW,CAMDEN PARK,2570,Hume,"", 
NSW,CAMDEN SOUTH,2570,Hume,"", 
NSW,CAWDOR,2570,Hume,"", 
NSW,COBBITTY,2570,Hume,"", 
NSW,ELDERSLIE,2570,Hume,"", 
NSW,ELLIS LANE,2570,Hume,"", 
NSW,GLENMORE,2570,Hume,"", 
NSW,GRASMERE,2570,Hume,"", 
NSW,KIRKHAM,2570,Hume,"", 
NSW,MOUNT HUNTER,2570,Hume,"", 
NSW,NATTAI,2570,Hume,"", 
NSW,OAKDALE,2570,Hume,"", 
NSW,ORAN PARK,2570,Macarthur,"", 
NSW,ORANGEVILLE,2570,Hume,"", 
NSW,SPRING FARM,2570,Hume,"", 
NSW,THE OAKS,2570,Hume,"", 
NSW,THERESA PARK,2570,Hume,"", 
NSW,WEROMBI,2570,Hume,"", 
NSW,BALMORAL,2571,Hume,"", 
NSW,BUXTON,2571,Hume,"", 
NSW,COURIDJAH,2571,Hume,"", 
NSW,MALDON,2571,Hume,"", 
NSW,MOWBRAY PARK,2571,Hume,"", 
NSW,PICTON,2571,Hume,"", 
NSW,RAZORBACK,2571,Hume,"", 
NSW,WILTON,2571,Hume,"", 
NSW,LAKESLAND,2572,Hume,"", 
NSW,THIRLMERE,2572,Hume,"", 
NSW,TAHMOOR,2573,Hume,"", 
NSW,BARGO,2574,Hume,"", 
NSW,PHEASANTS NEST,2574,Hume,"", 
NSW,YANDERRA,2574,Hume,"", 
NSW,ALPINE,2575,Hume,"", 
NSW,ALPINE,2575,Whitlam,"", 
NSW,AYLMERTON,2575,Hume,"", 
NSW,AYLMERTON,2575,Whitlam,"", 
NSW,BALACLAVA,2575,Whitlam,"", 
NSW,BRAEMAR,2575,Whitlam,"", 
NSW,BULLIO,2575,Hume,"", 
NSW,COLO VALE,2575,Hume,"", 
NSW,GOODMANS FORD,2575,Hume,"", 
NSW,HIGH RANGE,2575,Hume,"", 
NSW,HILL TOP,2575,Hume,"", 
NSW,JOADJA,2575,Hume,"", 
NSW,MANDEMAR,2575,Hume,"", 
NSW,MITTAGONG,2575,Whitlam,"", 
NSW,RENWICK,2575,Whitlam,"", 
NSW,WATTLE RIDGE,2575,Hume,"", 
NSW,WELBY,2575,Whitlam,"", 
NSW,WILLOW VALE,2575,Whitlam,"", 
NSW,WOODLANDS,2575,Hume,"", 
NSW,WOODLANDS,2575,Whitlam,"", 
NSW,YERRINBOOL,2575,Hume,"", 
NSW,BOWRAL,2576,Whitlam,"", 
NSW,BURRADOO,2576,Whitlam,"", 
NSW,EAST KANGALOON,2576,Whitlam,"", 
NSW,GLENQUARRY,2576,Whitlam,"", 
NSW,KANGALOON,2576,Whitlam,"", 
NSW,AVOCA,2577,Whitlam,"", 
NSW,BARREN GROUNDS,2577,Gilmore,"", 
NSW,BARRENGARRY,2577,Gilmore,"", 
NSW,BEAUMONT,2577,Gilmore,"", 
NSW,BELANGLO,2577,Hume,"", 
NSW,BERRIMA,2577,Hume,"", 
NSW,BERRIMA,2577,Whitlam,"", 
NSW,BERRIMA JUNCTION,2577,Whitlam,"", 
NSW,BUDGONG,2577,Gilmore,"", 
NSW,BURRAWANG,2577,Whitlam,"", 
NSW,CANYONLEIGH,2577,Hume,"", 
NSW,CARRINGTON FALLS,2577,Gilmore,"", 
NSW,FITZROY FALLS,2577,Whitlam,"", 
NSW,KANGAROO VALLEY,2577,Gilmore,"", 
NSW,KNIGHTS HILL,2577,Gilmore,"", 
NSW,MACQUARIE PASS,2577,Whitlam,"", 
NSW,MANCHESTER SQUARE,2577,Whitlam,"", 
NSW,MEDWAY,2577,Hume,"", 
NSW,MERYLA,2577,Hume,"", 
NSW,MOSS VALE,2577,Whitlam,"", 
NSW,MOUNT MURRAY,2577,Whitlam,"", 
NSW,NEW BERRIMA,2577,Whitlam,"", 
NSW,PADDYS RIVER,2577,Hume,"", 
NSW,RED ROCKS,2577,Gilmore,"", 
NSW,ROBERTSON,2577,Whitlam,"", 
NSW,SUTTON FOREST,2577,Hume,"", 
NSW,SUTTON FOREST,2577,Whitlam,"", 
NSW,TALLOWAL,2577,Gilmore,"", 
NSW,UPPER KANGAROO RIVER,2577,Gilmore,"", 
NSW,UPPER KANGAROO VALLEY,2577,Gilmore,"", 
NSW,UPPER KANGAROO VALLEY,2577,Whitlam,"", 
NSW,WERAI,2577,Hume,"", 
NSW,WERAI,2577,Whitlam,"", 
NSW,WILDES MEADOW,2577,Whitlam,"", 
NSW,YARRUNGA,2577,Whitlam,"", 
NSW,BUNDANOON,2578,Hume,"", 
NSW,BIG HILL,2579,Hume,"", 
NSW,BRAYTON,2579,Hume,"", 
NSW,EXETER,2579,Hume,"", 
NSW,EXETER,2579,Whitlam,"", 
NSW,MARULAN,2579,Hume,"", 
NSW,MARULAN SOUTH,2579,Hume,"",MARULAN
NSW,PENROSE,2579,Hume,"", 
NSW,TALLONG,2579,Hume,"", 
NSW,WINGELLO,2579,Hume,"", 
NSW,BANNABY,2580,Hume,"", 
NSW,BANNISTER,2580,Hume,"", 
NSW,BAW BAW,2580,Hume,"", 
NSW,BOXERS CREEK,2580,Hume,"", 
NSW,BRISBANE GROVE,2580,Hume,"", 
NSW,BUNGONIA,2580,Hume,"", 
NSW,CARRICK,2580,Hume,"", 
NSW,CHATSBURY,2580,Hume,"", 
NSW,CURRAWANG,2580,Eden-Monaro,"", 
NSW,CURRAWANG,2580,Hume,"", 
NSW,CURRAWEELA,2580,Hume,"", 
NSW,GOLSPIE,2580,Hume,"", 
NSW,GOULBURN,2580,Hume,"", 
NSW,GREENWICH PARK,2580,Hume,"", 
NSW,GUNDARY,2580,Hume,"", 
NSW,JERRONG,2580,Calare,"", 
NSW,KINGSDALE,2580,Hume,"", 
NSW,LAKE BATHURST,2580,Hume,"", 
NSW,LOWER BORO,2580,Hume,"", 
NSW,MAYFIELD,2580,Eden-Monaro,"", 
NSW,MIDDLE ARM,2580,Hume,"", 
NSW,MOUNT FAIRY,2580,Eden-Monaro,"", 
NSW,MUMMEL,2580,Hume,"", 
NSW,MYRTLEVILLE,2580,Hume,"", 
NSW,PALING YARDS,2580,Calare,"", 
NSW,PARKESBOURNE,2580,Hume,"", 
NSW,POMEROY,2580,Hume,"", 
NSW,QUIALIGO,2580,Hume,"", 
NSW,RICHLANDS,2580,Hume,"", 
NSW,ROSLYN,2580,Hume,"", 
NSW,RUN-O-WATERS,2580,Hume,"", 
NSW,STONEQUARRY,2580,Hume,"", 
NSW,TARAGO,2580,Eden-Monaro,"", 
NSW,TARAGO,2580,Hume,"", 
NSW,TARALGA,2580,Hume,"", 
NSW,TARLO,2580,Hume,"", 
NSW,TIRRANNAVILLE,2580,Hume,"", 
NSW,TOWRANG,2580,Hume,"", 
NSW,WAYO,2580,Hume,"", 
NSW,WIARBOROUGH,2580,Hume,"", 
NSW,WINDELLAMA,2580,Hume,"", 
NSW,WOLLOGORANG,2580,Hume,"", 
NSW,WOMBEYAN CAVES,2580,Hume,"", 
NSW,WOODHOUSELEE,2580,Hume,"", 
NSW,YALBRAITH,2580,Hume,"", 
NSW,YARRA,2580,Hume,"", 
NSW,BELLMOUNT FOREST,2581,Eden-Monaro,"", 
NSW,BELLMOUNT FOREST,2581,Hume,"", 
NSW,BEVENDALE,2581,Hume,"", 
NSW,BIALA,2581,Hume,"", 
NSW,BLAKNEY CREEK,2581,Hume,"", 
NSW,BREADALBANE,2581,Hume,"", 
NSW,BROADWAY,2581,Hume,"", 
NSW,COLLECTOR,2581,Eden-Monaro,"", 
NSW,COLLECTOR,2581,Hume,"", 
NSW,CULLERIN,2581,Hume,"", 
NSW,DALTON,2581,Hume,"", 
NSW,GUNNING,2581,Hume,"", 
NSW,GURRUNDAH,2581,Hume,"", 
NSW,LADE VALE,2581,Hume,"", 
NSW,LAKE GEORGE,2581,Eden-Monaro,"", 
NSW,LERIDA,2581,Eden-Monaro,"", 
NSW,LERIDA,2581,Hume,"", 
NSW,MERRILL,2581,Hume,"", 
NSW,OOLONG,2581,Hume,"", 
NSW,BANGO,2582,Eden-Monaro,"", 
NSW,BERREMANGRA,2582,Riverina,"", 
NSW,BOAMBOLO,2582,Eden-Monaro,"", 
NSW,BOOKHAM,2582,Eden-Monaro,"", 
NSW,BOWNING,2582,Eden-Monaro,"", 
NSW,BURRINJUCK,2582,Eden-Monaro,"", 
NSW,CAVAN,2582,Eden-Monaro,"", 
NSW,COOLALIE,2582,Eden-Monaro,"",YASS
NSW,GOOD HOPE,2582,Eden-Monaro,"", 
NSW,JEIR,2582,Eden-Monaro,"", 
NSW,JERRAWA,2582,Hume,"", 
NSW,KANGIARA,2582,Eden-Monaro,"", 
NSW,LAVERSTOCK,2582,Eden-Monaro,"", 
NSW,MANTON,2582,Eden-Monaro,"", 
NSW,MARCHMONT,2582,Eden-Monaro,"", 
NSW,MULLION,2582,Eden-Monaro,"", 
NSW,MURRUMBATEMAN,2582,Eden-Monaro,"", 
NSW,NANIMA,2582,Eden-Monaro,"", 
NSW,NARRANGULLEN,2582,Eden-Monaro,"", 
NSW,PUDMAN CREEK,2582,Hume,"",BLAKNEY CREEK
NSW,WEE JASPER,2582,Eden-Monaro,"", 
NSW,WOOLGARLO,2582,Eden-Monaro,"", 
NSW,YASS,2582,Eden-Monaro,"", 
NSW,YASS RIVER,2582,Eden-Monaro,"", 
NSW,BIGGA,2583,Hume,"", 
NSW,BINDA,2583,Hume,"", 
NSW,BLANKET FLAT,2583,Hume,"", 
NSW,COTTAWALLA,2583,Hume,"", 
NSW,CROOKED CORNER,2583,Hume,"", 
NSW,CROOKWELL,2583,Hume,"", 
NSW,FULLERTON,2583,Hume,"", 
NSW,GLENERIN,2583,Hume,"", 
NSW,GRABBEN GULLEN,2583,Hume,"", 
NSW,GRABINE,2583,Hume,"", 
NSW,HADLEY,2583,Hume,"", 
NSW,KIALLA,2583,Hume,"", 
NSW,LAGGAN,2583,Hume,"", 
NSW,LIMERICK,2583,Hume,"", 
NSW,LOST RIVER,2583,Hume,"", 
NSW,NARRAWA,2583,Hume,"", 
NSW,PEELWOOD,2583,Hume,"", 
NSW,PEJAR,2583,Hume,"", 
NSW,REDGROUND,2583,Hume,"",CROOKWELL
NSW,RUGBY,2583,Hume,"", 
NSW,TUENA,2583,Hume,"", 
NSW,WHEEO,2583,Hume,"", 
NSW,BINALONG,2584,Eden-Monaro,"", 
NSW,GALONG,2585,Riverina,"", 
NSW,BOOROWA,2586,Hume,"", 
NSW,FROGMORE,2586,Hume,"", 
NSW,GODFREYS CREEK,2586,Hume,"", 
NSW,MURRINGO,2586,Riverina,"", 
NSW,REIDS FLAT,2586,Hume,"", 
NSW,RYE PARK,2586,Hume,"", 
NSW,TAYLORS FLAT,2586,Hume,"", 
NSW,BARWANG,2587,Riverina,"", 
NSW,BEGGAN BEGGAN,2587,Riverina,"", 
NSW,CUNNINGAR,2587,Riverina,"", 
NSW,CURRAWONG,2587,Riverina,"", 
NSW,DEMONDRILLE,2587,Riverina,"", 
NSW,HARDEN,2587,Riverina,"", 
NSW,KINGSVALE,2587,Riverina,"", 
NSW,MCMAHONS REEF,2587,Riverina,"", 
NSW,MURRUMBURRAH,2587,Riverina,"", 
NSW,NUBBA,2587,Riverina,"", 
NSW,WOMBAT,2587,Riverina,"", 
NSW,WALLENDBEEN,2588,Riverina,"", 
NSW,BETHUNGRA,2590,Riverina,"", 
NSW,BRAWLIN,2590,Riverina,"",COOTAMUNDRA
NSW,COOTAMUNDRA,2590,Riverina,"", 
NSW,ILLABO,2590,Riverina,"", 
NSW,BERTHONG,2594,Riverina,"", 
NSW,BRIBBAREE,2594,Riverina,"", 
NSW,BULLA CREEK,2594,Riverina,"", 
NSW,BURRANGONG,2594,Riverina,"", 
NSW,KIKIAMAH,2594,Riverina,"", 
NSW,MAIMURU,2594,Riverina,"", 
NSW,MEMAGONG,2594,Riverina,"", 
NSW,MILVALE,2594,Riverina,"", 
NSW,MONTEAGLE,2594,Riverina,"", 
NSW,PITSTONE,2594,Riverina,"", 
NSW,THUDDUNGRA,2594,Riverina,"", 
NSW,TUBBUL,2594,Riverina,"", 
NSW,WEEDALLION,2594,Riverina,"", 
NSW,YANNAWAH,2594,Riverina,"",MILVALE
NSW,YOUNG,2594,Riverina,"", 
ACT,BARTON,2600,Canberra,"", 
ACT,DEAKIN,2600,Canberra,"", 
ACT,HMAS HARMAN,2600,Bean,"", 
ACT,PARKES,2600,Canberra,"", 
ACT,YARRALUMLA,2600,Canberra,"", 
ACT,ACTON,2601,Canberra,"", 
ACT,CANBERRA CENTRAL,2601,Canberra,"", 
ACT,CANBERRA CITY,2601,Canberra,"", 
ACT,AINSLIE,2602,Canberra,"", 
ACT,DICKSON,2602,Canberra,"", 
ACT,DOWNER,2602,Canberra,"", 
ACT,HACKETT,2602,Canberra,"", 
ACT,LYNEHAM,2602,Canberra,"", 
ACT,O'CONNOR,2602,Canberra,"", 
ACT,WATSON,2602,Canberra,"", 
ACT,FORREST,2603,Canberra,"", 
ACT,GRIFFITH,2603,Canberra,"", 
ACT,RED HILL,2603,Canberra,"", 
ACT,KINGSTON,2604,Canberra,"", 
ACT,NARRABUNDAH,2604,Canberra,"", 
ACT,CURTIN,2605,Canberra,"", 
ACT,GARRAN,2605,Canberra,"", 
ACT,HUGHES,2605,Canberra,"", 
ACT,CHIFLEY,2606,Bean,"", 
ACT,LYONS,2606,Canberra,"", 
ACT,O'MALLEY,2606,Bean,"", 
ACT,PHILLIP,2606,Bean,"", 
ACT,SWINGER HILL,2606,Bean,"",PHILLIP
ACT,FARRER,2607,Bean,"", 
ACT,ISAACS,2607,Bean,"", 
ACT,MAWSON,2607,Bean,"", 
ACT,PEARCE,2607,Bean,"", 
ACT,TORRENS,2607,Bean,"", 
ACT,CANBERRA AIRPORT,2609,Canberra,"", 
ACT,FYSHWICK,2609,Canberra,"", 
ACT,JERRABOMBERRA DISTRICT,2609,Bean,"", 
ACT,MAJURA DISTRICT,2609,Canberra,"", 
ACT,PIALLIGO,2609,Canberra,"", 
ACT,SYMONSTON,2609,Bean,"", 
ACT,SYMONSTON,2609,Canberra,"", 
NSW,BIMBERI,2611,Eden-Monaro,"", 
NSW,BRINDABELLA,2611,Eden-Monaro,"", 
ACT,CHAPMAN,2611,Bean,"", 
ACT,COOMBS,2611,Bean,"", 
ACT,COREE DISTRICT,2611,Bean,"", 
ACT,COTTER DAM,2611,Bean,"", 
ACT,COTTER RIVER DISTRICT,2611,Bean,"", 
ACT,DENMAN PROSPECT,2611,Bean,"", 
ACT,DUFFY,2611,Bean,"", 
ACT,FISHER,2611,Bean,"", 
ACT,HOLDER,2611,Bean,"", 
ACT,MOLONGLO VALLEY DISTRICT,2611,Bean,"", 
ACT,MOLONGLO VALLEY DISTRICT,2611,Canberra,"", 
ACT,MOUNT STROMLO,2611,Bean,"", 
ACT,PIERCES CREEK,2611,Bean,"", 
ACT,RIVETT,2611,Bean,"", 
ACT,STIRLING,2611,Bean,"", 
ACT,STROMLO,2611,Bean,"", 
ACT,STROMLO DISTRICT,2611,Bean,"", 
ACT,URIARRA,2611,Bean,"", 
NSW,URIARRA,2611,Eden-Monaro,"", 
ACT,WARAMANGA,2611,Bean,"", 
ACT,WESTON,2611,Bean,"", 
ACT,WESTON CREEK DISTRICT,2611,Bean,"", 
ACT,WESTON CREEK DISTRICT,2611,Canberra,"", 
ACT,WHITLAM,2611,Bean,"", 
ACT,WRIGHT,2611,Bean,"", 
ACT,BRADDON,2612,Canberra,"", 
ACT,CAMPBELL,2612,Canberra,"", 
ACT,REID,2612,Canberra,"", 
ACT,TURNER,2612,Canberra,"", 
ACT,ARANDA,2614,Canberra,"", 
ACT,COOK,2614,Canberra,"", 
ACT,HAWKER,2614,Canberra,"", 
ACT,MACQUARIE,2614,Canberra,"", 
ACT,PAGE,2614,Fenner,"", 
ACT,SCULLIN,2614,Fenner,"", 
ACT,WEETANGERA,2614,Canberra,"", 
ACT,CHARNWOOD,2615,Fenner,"", 
ACT,DUNLOP,2615,Fenner,"", 
ACT,FLOREY,2615,Fenner,"", 
ACT,FLYNN,2615,Fenner,"", 
ACT,FRASER,2615,Fenner,"", 
ACT,HIGGINS,2615,Fenner,"", 
ACT,HOLT,2615,Fenner,"", 
ACT,LATHAM,2615,Fenner,"", 
ACT,MACGREGOR,2615,Fenner,"", 
ACT,MELBA,2615,Fenner,"", 
ACT,SPENCE,2615,Fenner,"", 
ACT,STRATHNAIRN,2615,Fenner,"", 
ACT,BELCONNEN,2617,Fenner,"", 
ACT,BELCONNEN DISTRICT,2617,Bean,"", 
ACT,BELCONNEN DISTRICT,2617,Canberra,"", 
ACT,BELCONNEN DISTRICT,2617,Fenner,"", 
ACT,BRUCE,2617,Canberra,"", 
ACT,EVATT,2617,Fenner,"", 
ACT,GIRALANG,2617,Canberra,"", 
ACT,KALEEN,2617,Canberra,"", 
ACT,LAWSON,2617,Canberra,"", 
ACT,MCKELLAR,2617,Fenner,"", 
ACT,HALL,2618,Fenner,"", 
NSW,SPRINGRANGE,2618,Eden-Monaro,"", 
NSW,WALLAROO,2618,Eden-Monaro,"", 
NSW,JERRABOMBERRA,2619,Eden-Monaro,"", 
ACT,BEARD,2620,Canberra,"", 
ACT,BOOTH DISTRICT,2620,Bean,"", 
NSW,BURRA,2620,Eden-Monaro,"", 
NSW,CARWOOLA,2620,Eden-Monaro,"", 
NSW,CLEAR RANGE,2620,Eden-Monaro,"", 
ACT,CORIN DAM,2620,Bean,"", 
NSW,CRESTWOOD,2620,Eden-Monaro,"", 
NSW,ENVIRONA,2620,Eden-Monaro,"", 
NSW,FERNLEIGH PARK,2620,Eden-Monaro,"",GOOGONG
NSW,GOOGONG,2620,Eden-Monaro,"", 
NSW,GREENLEIGH,2620,Eden-Monaro,"", 
NSW,GUNDAROO,2620,Eden-Monaro,"", 
ACT,HUME,2620,Bean,"", 
NSW,KARABAR,2620,Eden-Monaro,"", 
ACT,KOWEN DISTRICT,2620,Canberra,"", 
ACT,KOWEN FOREST,2620,Canberra,"", 
NSW,MICHELAGO,2620,Eden-Monaro,"", 
ACT,OAKS ESTATE,2620,Canberra,"", 
ACT,PADDYS RIVER DISTRICT,2620,Bean,"", 
NSW,QUEANBEYAN,2620,Eden-Monaro,"", 
NSW,QUEANBEYAN EAST,2620,Eden-Monaro,"", 
NSW,QUEANBEYAN WEST,2620,Eden-Monaro,"", 
NSW,RADCLIFFE,2620,Eden-Monaro,"",CARWOOLA
ACT,RENDEZVOUS CREEK DISTRICT,2620,Bean,"", 
ACT,ROYALLA,2620,Bean,"", 
NSW,ROYALLA,2620,Eden-Monaro,"", 
NSW,SUTTON,2620,Eden-Monaro,"", 
ACT,TENNENT DISTRICT,2620,Bean,"", 
ACT,THARWA,2620,Bean,"", 
NSW,THARWA,2620,Eden-Monaro,"",THE ANGLE
NSW,THE ANGLE,2620,Eden-Monaro,"", 
NSW,THE RIDGEWAY,2620,Eden-Monaro,"", 
NSW,TINDERRY,2620,Eden-Monaro,"", 
NSW,TRALEE,2620,Eden-Monaro,"", 
ACT,TUGGERANONG DISTRICT,2620,Bean,"", 
NSW,URILA,2620,Eden-Monaro,"", 
NSW,WAMBOIN,2620,Eden-Monaro,"", 
ACT,WILLIAMSDALE,2620,Bean,"", 
NSW,WILLIAMSDALE,2620,Eden-Monaro,"", 
NSW,YARROW,2620,Eden-Monaro,"", 
NSW,ANEMBO,2621,Eden-Monaro,"", 
NSW,BUNGENDORE,2621,Eden-Monaro,"", 
NSW,BUTMAROO,2621,Eden-Monaro,"",BUNGENDORE
NSW,BYWONG,2621,Eden-Monaro,"", 
NSW,FORBES CREEK,2621,Eden-Monaro,"", 
NSW,GEARYS GAP,2621,Eden-Monaro,"",SUTTON
NSW,HOSKINSTOWN,2621,Eden-Monaro,"", 
NSW,PRIMROSE VALLEY,2621,Eden-Monaro,"", 
NSW,ROSSI,2621,Eden-Monaro,"", 
NSW,ARALUEN,2622,Eden-Monaro,"", 
NSW,BACK CREEK,2622,Eden-Monaro,"", 
NSW,BALLALABA,2622,Eden-Monaro,"", 
NSW,BENDOURA,2622,Eden-Monaro,"", 
NSW,BERLANG,2622,Eden-Monaro,"", 
NSW,BOMBAY,2622,Eden-Monaro,"", 
NSW,BORO,2622,Eden-Monaro,"", 
NSW,BRAIDWOOD,2622,Eden-Monaro,"", 
NSW,BUDAWANG,2622,Eden-Monaro,"", 
NSW,BULEE,2622,Gilmore,"", 
NSW,CHARLEYS FOREST,2622,Eden-Monaro,"", 
NSW,COOLUMBURRA,2622,Gilmore,"", 
NSW,CORANG,2622,Eden-Monaro,"", 
NSW,DURRAN DURRA,2622,Eden-Monaro,"", 
NSW,FARRINGDON,2622,Eden-Monaro,"", 
NSW,HAROLDS CROSS,2622,Eden-Monaro,"", 
NSW,HEREFORD HALL,2622,Eden-Monaro,"", 
NSW,JEMBAICUMBENE,2622,Eden-Monaro,"", 
NSW,JERRABATTGULLA,2622,Eden-Monaro,"", 
NSW,JINDEN,2622,Eden-Monaro,"", 
NSW,JINGERA,2622,Eden-Monaro,"", 
NSW,KINDERVALE,2622,Eden-Monaro,"", 
NSW,KRAWARREE,2622,Eden-Monaro,"", 
NSW,LARBERT,2622,Eden-Monaro,"", 
NSW,MAJORS CREEK,2622,Eden-Monaro,"", 
NSW,MANAR,2622,Eden-Monaro,"", 
NSW,MARLOWE,2622,Eden-Monaro,"", 
NSW,MAYFIELD,2622,Eden-Monaro,"", 
NSW,MERRICUMBENE,2622,Gilmore,"", 
NSW,MONGA,2622,Eden-Monaro,"", 
NSW,MONGARLOWE,2622,Eden-Monaro,"", 
NSW,MULLOON,2622,Eden-Monaro,"", 
NSW,MURRENGENBURG,2622,Gilmore,"", 
NSW,NERINGLA,2622,Eden-Monaro,"", 
NSW,NERRIGA,2622,Eden-Monaro,"", 
NSW,NORTHANGERA,2622,Eden-Monaro,"", 
NSW,OALLEN,2622,Eden-Monaro,"", 
NSW,OALLEN,2622,Hume,"", 
NSW,QUIERA,2622,Gilmore,"", 
NSW,REIDSDALE,2622,Eden-Monaro,"", 
NSW,SASSAFRAS,2622,Gilmore,"", 
NSW,SNOWBALL,2622,Eden-Monaro,"", 
NSW,ST GEORGE,2622,Gilmore,"", 
NSW,TIANJARA,2622,Gilmore,"", 
NSW,TOLWONG,2622,Gilmore,"", 
NSW,TOMBOYE,2622,Eden-Monaro,"", 
NSW,TOUGA,2622,Gilmore,"", 
NSW,WARRI,2622,Eden-Monaro,"", 
NSW,WOG WOG,2622,Eden-Monaro,"", 
NSW,WYANBENE,2622,Eden-Monaro,"", 
NSW,CAPTAINS FLAT,2623,Eden-Monaro,"", 
NSW,CHARLOTTES PASS,2624,Eden-Monaro,"", 
NSW,PERISHER VALLEY,2624,Eden-Monaro,"", 
NSW,SMIGGIN HOLES,2624,Eden-Monaro,"", 
NSW,THREDBO,2625,Eden-Monaro,"", 
NSW,BREDBO,2626,Eden-Monaro,"", 
NSW,BUMBALONG,2626,Eden-Monaro,"", 
NSW,COLINTON,2626,Eden-Monaro,"", 
NSW,CRACKENBACK,2627,Eden-Monaro,"", 
NSW,CREEL BAY,2627,Eden-Monaro,"", 
NSW,EAST JINDABYNE,2627,Eden-Monaro,"", 
NSW,GROSSES PLAIN,2627,Eden-Monaro,"", 
NSW,GUTHEGA,2627,Eden-Monaro,"", 
NSW,INGEBIRAH,2627,Eden-Monaro,"", 
NSW,JINDABYNE,2627,Eden-Monaro,"", 
NSW,KALKITE,2627,Eden-Monaro,"", 
NSW,KOSCIUSZKO,2627,Eden-Monaro,"", 
NSW,MOONBAH,2627,Eden-Monaro,"", 
NSW,AVONSIDE,2628,Eden-Monaro,"", 
NSW,BELOKA,2628,Eden-Monaro,"", 
NSW,BERRIDALE,2628,Eden-Monaro,"", 
NSW,BYADBO WILDERNESS,2628,Eden-Monaro,"", 
NSW,COOTRALANTRA,2628,Eden-Monaro,"", 
NSW,DALGETY,2628,Eden-Monaro,"", 
NSW,EUCUMBENE,2628,Eden-Monaro,"", 
NSW,HILL TOP,2628,Eden-Monaro,"", 
NSW,JIMENBUEN,2628,Eden-Monaro,"", 
NSW,NUMBLA VALE,2628,Eden-Monaro,"", 
NSW,PAUPONG,2628,Eden-Monaro,"", 
NSW,ROCKY PLAIN,2628,Eden-Monaro,"", 
NSW,SNOWY PLAIN,2628,Eden-Monaro,"", 
NSW,ADAMINABY,2629,Eden-Monaro,"", 
NSW,ANGLERS REACH,2629,Eden-Monaro,"", 
NSW,BOLARO,2629,Eden-Monaro,"", 
NSW,CABRAMURRA,2629,Eden-Monaro,"", 
NSW,KIANDRA,2629,Eden-Monaro,"", 
NSW,LONG PLAIN,2629,Eden-Monaro,"", 
NSW,OLD ADAMINABY,2629,Eden-Monaro,"", 
NSW,PROVIDENCE PORTAL,2629,Eden-Monaro,"", 
NSW,TANTANGARA,2629,Eden-Monaro,"", 
NSW,YAOUK,2629,Eden-Monaro,"", 
NSW,ARABLE,2630,Eden-Monaro,"", 
NSW,BADJA,2630,Eden-Monaro,"", 
NSW,BILLILINGRA,2630,Eden-Monaro,"", 
NSW,BINJURA,2630,Eden-Monaro,"", 
NSW,BOBUNDARA,2630,Eden-Monaro,"", 
NSW,BRAEMAR BAY,2630,Eden-Monaro,"", 
NSW,BUCKENDERRA,2630,Eden-Monaro,"", 
NSW,BUNGARBY,2630,Eden-Monaro,"", 
NSW,BUNYAN,2630,Eden-Monaro,"", 
NSW,CARLAMINDA,2630,Eden-Monaro,"", 
NSW,CHAKOLA,2630,Eden-Monaro,"", 
NSW,COOLRINGDON,2630,Eden-Monaro,"", 
NSW,COOMA,2630,Eden-Monaro,"", 
NSW,COUNTEGANY,2630,Eden-Monaro,"", 
NSW,DAIRYMANS PLAINS,2630,Eden-Monaro,"", 
NSW,DANGELONG,2630,Eden-Monaro,"", 
NSW,DRY PLAIN,2630,Eden-Monaro,"", 
NSW,FRYING PAN,2630,Eden-Monaro,"", 
NSW,GLEN FERGUS,2630,Eden-Monaro,"", 
NSW,IRONMUNGY,2630,Eden-Monaro,"", 
NSW,JERANGLE,2630,Eden-Monaro,"", 
NSW,MAFFRA,2630,Eden-Monaro,"", 
NSW,MIDDLE FLAT,2630,Eden-Monaro,"", 
NSW,MIDDLINGBANK,2630,Eden-Monaro,"", 
NSW,MURRUMBUCCA,2630,Eden-Monaro,"", 
NSW,MYALLA,2630,Eden-Monaro,"", 
NSW,NIMMO,2630,Eden-Monaro,"", 
NSW,NUMERALLA,2630,Eden-Monaro,"", 
NSW,PEAK VIEW,2630,Eden-Monaro,"", 
NSW,PINE VALLEY,2630,Eden-Monaro,"", 
NSW,POLO FLAT,2630,Eden-Monaro,"", 
NSW,RHINE FALLS,2630,Eden-Monaro,"", 
NSW,ROCK FLAT,2630,Eden-Monaro,"", 
NSW,ROSE VALLEY,2630,Eden-Monaro,"", 
NSW,SHANNONS FLAT,2630,Eden-Monaro,"", 
NSW,SPRINGFIELD,2630,Eden-Monaro,"", 
NSW,THE BROTHERS,2630,Eden-Monaro,"", 
NSW,TUROSS,2630,Eden-Monaro,"", 
NSW,WAMBROOK,2630,Eden-Monaro,"", 
NSW,WASTE POINT,2630,Eden-Monaro,"",JINDABYNE
NSW,ANDO,2631,Eden-Monaro,"", 
NSW,BOCO,2631,Eden-Monaro,"", 
NSW,CREEWAH,2631,Eden-Monaro,"", 
NSW,GLEN ALLEN,2631,Eden-Monaro,"", 
NSW,GREENLANDS,2631,Eden-Monaro,"", 
NSW,HOLTS FLAT,2631,Eden-Monaro,"", 
NSW,JINCUMBILLY,2631,Eden-Monaro,"", 
NSW,KYBEYAN,2631,Eden-Monaro,"", 
NSW,MOUNT COOPER,2631,Eden-Monaro,"", 
NSW,NIMMITABEL,2631,Eden-Monaro,"", 
NSW,STEEPLE FLAT,2631,Eden-Monaro,"", 
NSW,WINIFRED,2631,Eden-Monaro,"", 
NSW,BIBBENLUKE,2632,Eden-Monaro,"", 
NSW,BOMBALA,2632,Eden-Monaro,"", 
NSW,BUKALONG,2632,Eden-Monaro,"", 
NSW,CAMBALONG,2632,Eden-Monaro,"", 
NSW,CATHCART,2632,Eden-Monaro,"", 
NSW,COOLUMBOOKA,2632,Eden-Monaro,"", 
NSW,CRAIGIE,2632,Eden-Monaro,"", 
NSW,GUNNINGRAH,2632,Eden-Monaro,"", 
NSW,LORDS HILL,2632,Eden-Monaro,"", 
NSW,MERRIANGAAH,2632,Eden-Monaro,"", 
NSW,MILA,2632,Eden-Monaro,"", 
NSW,MOUNT DARRAGH,2632,Eden-Monaro,"", 
NSW,NUNGATTA,2632,Eden-Monaro,"", 
NSW,PADDYS FLAT,2632,Eden-Monaro,"", 
NSW,PALARANG,2632,Eden-Monaro,"", 
NSW,QUIDONG,2632,Eden-Monaro,"", 
NSW,ROCKTON,2632,Eden-Monaro,"", 
NSW,ROSEMEATH,2632,Eden-Monaro,"", 
NSW,CORROWONG,2633,Eden-Monaro,"", 
NSW,DELEGATE,2633,Eden-Monaro,"", 
NSW,TOMBONG,2633,Eden-Monaro,"", 
NSW,ALBURY,2640,Farrer,"", 
NSW,BUNGOWANNAH,2640,Farrer,"", 
NSW,EAST ALBURY,2640,Farrer,"", 
NSW,ETTAMOGAH,2640,Farrer,"", 
NSW,GLENROY,2640,Farrer,"", 
NSW,MOORWATHA,2640,Farrer,"", 
NSW,NORTH ALBURY,2640,Farrer,"", 
NSW,OURNIE,2640,Eden-Monaro,"", 
NSW,SOUTH ALBURY,2640,Farrer,"", 
NSW,SPLITTERS CREEK,2640,Farrer,"", 
NSW,TABLE TOP,2640,Farrer,"", 
NSW,TALMALMO,2640,Farrer,"", 
NSW,THURGOONA,2640,Farrer,"", 
NSW,WEST ALBURY,2640,Farrer,"", 
NSW,WIRLINGA,2640,Farrer,"", 
NSW,WYMAH,2640,Farrer,"", 
NSW,HAMILTON VALLEY,2641,Farrer,"", 
NSW,LAVINGTON,2641,Farrer,"", 
NSW,SPRINGDALE HEIGHTS,2641,Farrer,"", 
NSW,BIDGEEMIA,2642,Riverina,"", 
NSW,BROCKLESBY,2642,Farrer,"", 
NSW,BURRUMBUTTOCK,2642,Farrer,"", 
NSW,GEEHI,2642,Eden-Monaro,"", 
NSW,GEROGERY,2642,Farrer,"", 
NSW,GLENELLEN,2642,Farrer,"", 
NSW,GREG GREG,2642,Eden-Monaro,"", 
NSW,INDI,2642,Eden-Monaro,"", 
NSW,JAGUMBA,2642,Eden-Monaro,"", 
NSW,JAGUNGAL WILDERNESS,2642,Eden-Monaro,"", 
NSW,JINDERA,2642,Farrer,"", 
NSW,JINGELLIC,2642,Eden-Monaro,"", 
NSW,JINGELLIC,2642,Farrer,"", 
NSW,KHANCOBAN,2642,Eden-Monaro,"", 
NSW,MURRAY GORGE,2642,Eden-Monaro,"", 
NSW,RAND,2642,Farrer,"", 
NSW,TOOMA,2642,Eden-Monaro,"", 
NSW,WALBUNDRIE,2642,Farrer,"", 
NSW,WELAREGANG,2642,Eden-Monaro,"", 
NSW,WRATHALL,2642,Riverina,"", 
NSW,YERONG CREEK,2642,Riverina,"", 
NSW,HOWLONG,2643,Farrer,"", 
NSW,BOWNA,2644,Farrer,"", 
NSW,COPPABELLA,2644,Farrer,"", 
NSW,HOLBROOK,2644,Farrer,"", 
NSW,LANKEYS CREEK,2644,Farrer,"", 
NSW,LITTLE BILLABONG,2644,Farrer,"", 
NSW,MOUNTAIN CREEK,2644,Farrer,"", 
NSW,MULLENGANDRA,2644,Farrer,"", 
NSW,WANTAGONG,2644,Farrer,"", 
NSW,WOOMARGAMA,2644,Farrer,"", 
NSW,YARARA,2644,Farrer,"", 
NSW,CULLIVEL,2645,Riverina,"", 
NSW,URANA,2645,Farrer,"", 
NSW,BALLDALE,2646,Farrer,"", 
NSW,COLLENDINA,2646,Farrer,"", 
NSW,COREEN,2646,Farrer,"", 
NSW,COROWA,2646,Farrer,"", 
NSW,DAYSDALE,2646,Farrer,"", 
NSW,GOOMBARGANA,2646,Farrer,"", 
NSW,HOPEFIELD,2646,Farrer,"", 
NSW,LOWESDALE,2646,Farrer,"", 
NSW,NYORA,2646,Farrer,"", 
NSW,OAKLANDS,2646,Farrer,"", 
NSW,REDLANDS,2646,Farrer,"", 
NSW,RENNIE,2646,Farrer,"", 
NSW,RINGWOOD,2646,Farrer,"", 
NSW,SANGER,2646,Farrer,"", 
NSW,SAVERNAKE,2646,Farrer,"", 
NSW,MULWALA,2647,Farrer,"", 
NSW,ANABRANCH NORTH,2648,Farrer,"", 
NSW,ANABRANCH SOUTH,2648,Farrer,"", 
NSW,CURLWAA,2648,Farrer,"", 
NSW,ELLERSLIE,2648,Farrer,"", 
NSW,MOORARA,2648,Farrer,"", 
NSW,PAN BAN,2648,Farrer,"", 
NSW,PARA,2648,Farrer,"", 
NSW,PINE CAMP,2648,Farrer,"", 
NSW,POMONA,2648,Farrer,"", 
NSW,POONCARIE,2648,Farrer,"", 
NSW,POONCARIE,2648,Parkes,"", 
NSW,RUFUS,2648,Farrer,"", 
NSW,SCOTIA,2648,Farrer,"", 
NSW,SCOTIA,2648,Parkes,"", 
NSW,WENTWORTH,2648,Farrer,"", 
NSW,LAUREL HILL,2649,Eden-Monaro,"", 
NSW,NURENMERENMONG,2649,Eden-Monaro,"", 
NSW,ALFREDTOWN,2650,Riverina,"", 
NSW,ASHMONT,2650,Riverina,"", 
NSW,BELFRAYDEN,2650,Riverina,"", 
NSW,BIG SPRINGS,2650,Riverina,"", 
NSW,BOMEN,2650,Riverina,"", 
NSW,BOOK BOOK,2650,Riverina,"", 
NSW,BOOROOMA,2650,Riverina,"", 
NSW,BORAMBOLA,2650,Riverina,"", 
NSW,BOURKELANDS,2650,Riverina,"", 
NSW,BRUCEDALE,2650,Riverina,"", 
NSW,BULGARY,2650,Riverina,"", 
NSW,BURRANDANA,2650,Riverina,"", 
NSW,CARABOST,2650,Farrer,"", 
NSW,CARTWRIGHTS HILL,2650,Riverina,"", 
NSW,COLLINGULLIE,2650,Riverina,"", 
NSW,COOKARDINIA,2650,Farrer,"", 
NSW,CURRAWARNA,2650,Riverina,"", 
NSW,DHULURA,2650,Riverina,"", 
NSW,DOWNSIDE,2650,Riverina,"", 
NSW,EAST WAGGA WAGGA,2650,Riverina,"", 
NSW,ESTELLA,2650,Riverina,"", 
NSW,EUBERTA,2650,Riverina,"", 
NSW,EUNANOREENYA,2650,Riverina,"", 
NSW,GALORE,2650,Farrer,"", 
NSW,GALORE,2650,Riverina,"", 
NSW,GELSTON PARK,2650,Riverina,"", 
NSW,GLENFIELD PARK,2650,Riverina,"", 
NSW,GOBBAGOMBALIN,2650,Riverina,"", 
NSW,GREGADOO,2650,Riverina,"", 
NSW,HAREFIELD,2650,Riverina,"", 
NSW,HILLGROVE,2650,Riverina,"", 
NSW,KOORINGAL,2650,Riverina,"", 
NSW,KYEAMBA,2650,Riverina,"", 
NSW,LAKE ALBERT,2650,Riverina,"", 
NSW,LLOYD,2650,Riverina,"", 
NSW,MAXWELL,2650,Riverina,"", 
NSW,MOORONG,2650,Riverina,"", 
NSW,MOUNT AUSTIN,2650,Riverina,"", 
NSW,NORTH WAGGA WAGGA,2650,Riverina,"", 
NSW,OBERNE CREEK,2650,Riverina,"", 
NSW,OURA,2650,Riverina,"", 
NSW,PULLETOP,2650,Riverina,"", 
NSW,ROWAN,2650,Riverina,"", 
NSW,SAN ISIDORE,2650,Riverina,"", 
NSW,SPRINGVALE,2650,Riverina,"", 
NSW,TATTON,2650,Riverina,"", 
NSW,THE GAP,2650,Riverina,"", 
NSW,TOLLAND,2650,Riverina,"", 
NSW,TURVEY PARK,2650,Riverina,"", 
NSW,WAGGA,2650,Riverina,"",WAGGA WAGGA
NSW,WAGGA WAGGA,2650,Riverina,"", 
NSW,WALLACETOWN,2650,Riverina,"", 
NSW,WANTABADGERY,2650,Riverina,"", 
NSW,WESTBY,2650,Riverina,"",PULLETOP
NSW,YARRAGUNDRY,2650,Riverina,"", 
NSW,YATHELLA,2650,Riverina,"", 
NSW,FOREST HILL,2651,Riverina,"", 
NSW,BOORGA,2652,Farrer,"", 
NSW,BOREE CREEK,2652,Farrer,"", 
NSW,BOREE CREEK,2652,Riverina,"", 
NSW,COWABBIE,2652,Riverina,"", 
NSW,GOOLGOWI,2652,Farrer,"", 
NSW,GRONG GRONG,2652,Farrer,"", 
NSW,GUMLY GUMLY,2652,Riverina,"", 
NSW,HUMULA,2652,Farrer,"", 
NSW,HUMULA,2652,Riverina,"", 
NSW,LADYSMITH,2652,Riverina,"", 
NSW,LANDERVALE,2652,Farrer,"", 
NSW,MANGOPLAH,2652,Riverina,"", 
NSW,MARRAR,2652,Riverina,"", 
NSW,MATONG,2652,Riverina,"", 
NSW,MERRIWAGGA,2652,Farrer,"", 
NSW,MURRULEBALE,2652,Riverina,"", 
NSW,OLD JUNEE,2652,Riverina,"", 
NSW,ROSEWOOD,2652,Eden-Monaro,"", 
NSW,ROSEWOOD,2652,Farrer,"", 
NSW,TABBITA,2652,Farrer,"", 
NSW,TARCUTTA,2652,Riverina,"", 
NSW,URANQUINTY,2652,Riverina,"", 
NSW,BURRA,2653,Eden-Monaro,"", 
NSW,COURABYRA,2653,Eden-Monaro,"", 
NSW,GLENROY,2653,Eden-Monaro,"", 
NSW,MANNUS,2653,Eden-Monaro,"", 
NSW,MARAGLE,2653,Eden-Monaro,"", 
NSW,MUNDEROO,2653,Eden-Monaro,"", 
NSW,PADDYS RIVER,2653,Eden-Monaro,"", 
NSW,TARADALE,2653,Eden-Monaro,"", 
NSW,TUMBARUMBA,2653,Eden-Monaro,"", 
NSW,WESTDALE,2653,Eden-Monaro,"", 
NSW,WILLIGOBUNG,2653,Eden-Monaro,"", 
NSW,FRENCH PARK,2655,Riverina,"", 
NSW,THE ROCK,2655,Riverina,"", 
NSW,TOOTOOL,2655,Riverina,"", 
NSW,BROOKDALE,2656,Riverina,"", 
NSW,BROOKONG,2656,Riverina,"", 
NSW,FARGUNYAH,2656,Riverina,"", 
NSW,LOCKHART,2656,Riverina,"", 
NSW,MILBRULONG,2656,Riverina,"", 
NSW,OSBORNE,2656,Riverina,"", 
NSW,URANGELINE,2656,Riverina,"", 
NSW,URANGELINE EAST,2656,Riverina,"", 
NSW,HENTY,2658,Farrer,"", 
NSW,HENTY,2658,Riverina,"", 
NSW,MUNYABLA,2658,Riverina,"", 
NSW,PLEASANT HILLS,2658,Riverina,"", 
NSW,RYAN,2658,Riverina,"", 
NSW,ALMA PARK,2659,Farrer,"", 
NSW,ALMA PARK,2659,Riverina,"", 
NSW,WALLA WALLA,2659,Farrer,"", 
NSW,CULCAIRN,2660,Farrer,"", 
NSW,MORVEN,2660,Farrer,"", 
NSW,KAPOOKA,2661,Riverina,"", 
NSW,ERIN VALE,2663,Riverina,"", 
NSW,EURONGILLY,2663,Riverina,"", 
NSW,JUNEE,2663,Riverina,"", 
NSW,MARINNA,2663,Riverina,"", 
NSW,WANTIOOL,2663,Riverina,"", 
NSW,ARDLETHAN,2665,Farrer,"", 
NSW,ARDLETHAN,2665,Riverina,"", 
NSW,ARIAH PARK,2665,Riverina,"", 
NSW,BARELLAN,2665,Farrer,"", 
NSW,BARELLAN,2665,Riverina,"", 
NSW,BECKOM,2665,Riverina,"", 
NSW,BECTRIC,2665,Riverina,"", 
NSW,BINYA,2665,Farrer,"", 
NSW,KAMARAH,2665,Farrer,"", 
NSW,KAMARAH,2665,Riverina,"", 
NSW,MIRROOL,2665,Riverina,"", 
NSW,MOOMBOOLDOOL,2665,Farrer,"", 
NSW,MOOMBOOLDOOL,2665,Riverina,"", 
NSW,QUANDARY,2665,Riverina,"", 
NSW,TARA,2665,Riverina,"", 
NSW,WALLEROOBIE,2665,Riverina,"", 
NSW,COMBANING,2666,Riverina,"", 
NSW,DIRNASEER,2666,Riverina,"", 
NSW,GIDGINBUNG,2666,Riverina,"", 
NSW,GROGAN,2666,Riverina,"", 
NSW,JUNEE REEFS,2666,Riverina,"", 
NSW,MIMOSA,2666,Riverina,"", 
NSW,MORANGARELL,2666,Riverina,"", 
NSW,NARRABURRA,2666,Riverina,"", 
NSW,PUCAWAN,2666,Riverina,"", 
NSW,REEFTON,2666,Riverina,"", 
NSW,SEBASTOPOL,2666,Riverina,"", 
NSW,SPRINGDALE,2666,Riverina,"", 
NSW,TEMORA,2666,Riverina,"", 
NSW,TRUNGLEY HALL,2666,Riverina,"", 
NSW,BARMEDMAN,2668,Riverina,"", 
NSW,ERIGOLIA,2669,Farrer,"", 
NSW,GIRRAL,2669,Parkes,"", 
NSW,GIRRAL,2669,Riverina,"", 
NSW,GUBBATA,2669,Farrer,"",NARADHAN
NSW,GUBBATA,2669,Parkes,"",NARADHAN
NSW,GUBBATA,2669,Riverina,"",NARADHAN
NSW,KIKOIRA,2669,Riverina,"", 
NSW,MELBERGEN,2669,Farrer,"", 
NSW,NARADHAN,2669,Farrer,"", 
NSW,NARADHAN,2669,Parkes,"", 
NSW,NARADHAN,2669,Riverina,"", 
NSW,RANKINS SPRINGS,2669,Farrer,"", 
NSW,RANKINS SPRINGS,2669,Riverina,"", 
NSW,TALLIMBA,2669,Riverina,"", 
NSW,TULLIBIGEAL,2669,Parkes,"", 
NSW,UNGARIE,2669,Parkes,"", 
NSW,UNGARIE,2669,Riverina,"", 
NSW,WEETHALLE,2669,Riverina,"", 
NSW,WEJA,2669,Parkes,"", 
NSW,ALLEENA,2671,Riverina,"", 
NSW,BACK CREEK,2671,Riverina,"", 
NSW,BURCHER,2671,Parkes,"", 
NSW,LAKE COWAL,2671,Riverina,"", 
NSW,NORTH YALGOGRIN,2671,Riverina,"", 
NSW,WEST WYALONG,2671,Riverina,"", 
NSW,WYALONG,2671,Riverina,"", 
NSW,CURLEW WATERS,2672,Parkes,"", 
NSW,LAKE CARGELLIGO,2672,Parkes,"", 
NSW,MURRIN BRIDGE,2672,Parkes,"", 
NSW,HILLSTON,2675,Farrer,"", 
NSW,LAKE BREWSTER,2675,Farrer,"", 
NSW,MONIA GAP,2675,Farrer,"", 
NSW,ROTO,2675,Farrer,"", 
NSW,WALLANTHERY,2675,Farrer,"", 
NSW,CHARLES STURT UNIVERSITY,2678,Riverina,"", 
NSW,BALLINGAL,2680,Farrer,"",GRIFFITH
NSW,BEELBANGERA,2680,Farrer,"", 
NSW,BENEREMBAH,2680,Farrer,"", 
NSW,BILBUL,2680,Farrer,"", 
NSW,GRIFFITH,2680,Farrer,"", 
NSW,HANWOOD,2680,Farrer,"", 
NSW,KOOBA,2680,Farrer,"", 
NSW,LAKE WYANGAN,2680,Farrer,"", 
NSW,NERICON,2680,Farrer,"", 
NSW,THARBOGANG,2680,Farrer,"", 
NSW,WARBURN,2680,Farrer,"", 
NSW,WARRAWIDGEE,2680,Farrer,"", 
NSW,WIDGELLI,2680,Farrer,"", 
NSW,WILLBRIGGIE,2680,Farrer,"", 
NSW,YOOGALI,2680,Farrer,"", 
NSW,MYALL PARK,2681,Farrer,"", 
NSW,YENDA,2681,Farrer,"", 
NSW,BUNDURE,2700,Farrer,"", 
NSW,COLINROOBIE,2700,Farrer,"", 
NSW,COROBIMILLA,2700,Farrer,"", 
NSW,CUDGEL,2700,Farrer,"", 
NSW,EUROLEY,2700,Farrer,"", 
NSW,GILLENBAH,2700,Farrer,"", 
NSW,MORUNDAH,2700,Farrer,"", 
NSW,NARRANDERA,2700,Farrer,"", 
NSW,SANDIGO,2700,Farrer,"", 
NSW,BERRY JERRY,2701,Riverina,"", 
NSW,COOLAMON,2701,Riverina,"", 
NSW,METHUL,2701,Riverina,"", 
NSW,RANNOCK,2701,Riverina,"", 
NSW,GANMAIN,2702,Riverina,"", 
NSW,YANCO,2703,Farrer,"", 
NSW,BROBENAH,2705,Farrer,"", 
NSW,CORBIE HILL,2705,Farrer,"", 
NSW,GOGELDRIE,2705,Farrer,"", 
NSW,LEETON,2705,Farrer,"", 
NSW,MERUNGLE HILL,2705,Farrer,"", 
NSW,MURRAMI,2705,Farrer,"", 
NSW,STANBRIDGE,2705,Farrer,"", 
NSW,WAMOON,2705,Farrer,"",LEETON
NSW,WHITTON,2705,Farrer,"", 
NSW,DARLINGTON POINT,2706,Farrer,"", 
NSW,ARGOON,2707,Farrer,"", 
NSW,COLEAMBALLY,2707,Farrer,"", 
NSW,BARRATTA,2710,Farrer,"", 
NSW,BIRGANBIGIL,2710,Farrer,"", 
NSW,BOOROORBAN,2710,Farrer,"", 
NSW,BULLATALE,2710,Farrer,"", 
NSW,CALDWELL,2710,Farrer,"", 
NSW,CALIMO,2710,Farrer,"", 
NSW,CONARGO,2710,Farrer,"", 
NSW,COREE,2710,Farrer,"", 
NSW,DENILIQUIN,2710,Farrer,"", 
NSW,HARTWOOD,2710,Farrer,"", 
NSW,LINDIFFERON,2710,Farrer,"", 
NSW,MATHOURA,2710,Farrer,"", 
NSW,MAYRUNG,2710,Farrer,"", 
NSW,MOONBRIA,2710,Farrer,"", 
NSW,MORAGO,2710,Farrer,"", 
NSW,PRETTY PINE,2710,Farrer,"", 
NSW,STEAM PLAINS,2710,Farrer,"", 
NSW,STUD PARK,2710,Farrer,"", 
NSW,WAKOOL,2710,Farrer,"", 
NSW,WANDOOK,2710,Farrer,"", 
NSW,WANGANELLA,2710,Farrer,"", 
NSW,WARRAGOON,2710,Farrer,"", 
NSW,WILLURAH,2710,Farrer,"", 
NSW,BOOLIGAL,2711,Farrer,"", 
NSW,CARRATHOOL,2711,Farrer,"", 
NSW,CORRONG,2711,Farrer,"", 
NSW,GUNBAR,2711,Farrer,"", 
NSW,HAY,2711,Farrer,"", 
NSW,HAY SOUTH,2711,Farrer,"", 
NSW,MAUDE,2711,Farrer,"", 
NSW,ONE TREE,2711,Farrer,"", 
NSW,OXLEY,2711,Farrer,"", 
NSW,BERRIGAN,2712,Farrer,"", 
NSW,BOOMANOOMANA,2712,Farrer,"", 
NSW,BLIGHTY,2713,Farrer,"", 
NSW,FINLEY,2713,Farrer,"", 
NSW,LOGIE BRAE,2713,Farrer,"", 
NSW,MYRTLE PARK,2713,Farrer,"", 
NSW,ARATULA,2714,Farrer,"", 
NSW,PINE LODGE,2714,Farrer,"", 
NSW,TOCUMWAL,2714,Farrer,"", 
NSW,TUPPAL,2714,Farrer,"", 
NSW,ARUMPO,2715,Farrer,"", 
NSW,BALRANALD,2715,Farrer,"", 
NSW,CLARE,2715,Farrer,"", 
NSW,HATFIELD,2715,Farrer,"", 
NSW,KYALITE,2715,Farrer,"", 
NSW,WAUGORAH,2715,Farrer,"", 
NSW,YANGA,2715,Farrer,"", 
NSW,FOUR CORNERS,2716,Farrer,"", 
NSW,GALA VALE,2716,Farrer,"", 
NSW,JERILDERIE,2716,Farrer,"", 
NSW,MABINS WELL,2716,Farrer,"", 
NSW,MAIRJIMMY,2716,Farrer,"", 
NSW,MARJIMMY,2716,Farrer,"", 
NSW,COOMEALLA,2717,Farrer,"", 
NSW,DARETON,2717,Farrer,"", 
NSW,ARGALONG,2720,Eden-Monaro,"", 
NSW,BLOWERING,2720,Eden-Monaro,"", 
NSW,BOGONG PEAKS WILDERNESS,2720,Eden-Monaro,"", 
NSW,BOMBOWLEE,2720,Eden-Monaro,"", 
NSW,BOMBOWLEE CREEK,2720,Eden-Monaro,"", 
NSW,COURAGAGO,2720,Eden-Monaro,"", 
NSW,GADARA,2720,Eden-Monaro,"", 
NSW,GILMORE,2720,Eden-Monaro,"", 
NSW,GOCUP,2720,Eden-Monaro,"", 
NSW,GOOBARRAGANDRA,2720,Eden-Monaro,"", 
NSW,JONES BRIDGE,2720,Eden-Monaro,"", 
NSW,KILLIMICAT,2720,Eden-Monaro,"", 
NSW,LACMALAC,2720,Eden-Monaro,"", 
NSW,LITTLE RIVER,2720,Eden-Monaro,"", 
NSW,MINJARY,2720,Eden-Monaro,"", 
NSW,MUNDONGO,2720,Eden-Monaro,"", 
NSW,RED HILL,2720,Eden-Monaro,"", 
NSW,TALBINGO,2720,Eden-Monaro,"", 
NSW,TUMORRAMA,2720,Eden-Monaro,"", 
NSW,TUMUT,2720,Eden-Monaro,"", 
NSW,TUMUT PLAINS,2720,Eden-Monaro,"", 
NSW,UPPER GILMORE,2720,Eden-Monaro,"",GILMORE
NSW,WEREBOLDERA,2720,Eden-Monaro,"", 
NSW,WERMATONG,2720,Eden-Monaro,"", 
NSW,WINDOWIE,2720,Eden-Monaro,"", 
NSW,WYANGLE,2720,Eden-Monaro,"", 
NSW,YARRANGOBILLY,2720,Eden-Monaro,"", 
NSW,BLAND,2721,Riverina,"", 
NSW,QUANDIALLA,2721,Riverina,"", 
NSW,BRUNGLE,2722,Eden-Monaro,"", 
NSW,BRUNGLE CREEK,2722,Eden-Monaro,"", 
NSW,BURRA CREEK,2722,Riverina,"", 
NSW,DARBALARA,2722,Riverina,"", 
NSW,EDWARDSTOWN,2722,Riverina,"",SOUTH GUNDAGAI
NSW,GUNDAGAI,2722,Riverina,"", 
NSW,JONES CREEK,2722,Riverina,"", 
NSW,MUTTAMA,2722,Riverina,"", 
NSW,NANGUS,2722,Riverina,"", 
NSW,SOUTH GUNDAGAI,2722,Riverina,"", 
NSW,STOCKINBINGAL,2725,Riverina,"", 
NSW,COONEYS CREEK,2726,Riverina,"", 
NSW,JUGIONG,2726,Riverina,"", 
NSW,ADJUNGBILLY,2727,Riverina,"", 
NSW,COOLAC,2727,Riverina,"", 
NSW,GOBARRALONG,2727,Riverina,"", 
NSW,ADELONG,2729,Eden-Monaro,"", 
NSW,BANGADANG,2729,Eden-Monaro,"", 
NSW,BLACK CREEK,2729,Eden-Monaro,"", 
NSW,CALIFAT,2729,Eden-Monaro,"", 
NSW,COOLEYS CREEK,2729,Eden-Monaro,"", 
NSW,DARLOW,2729,Eden-Monaro,"", 
NSW,ELLERSLIE,2729,Eden-Monaro,"", 
NSW,GRAHAMSTOWN,2729,Eden-Monaro,"", 
NSW,MOUNT ADRAH,2729,Eden-Monaro,"", 
NSW,MOUNT ADRAH,2729,Riverina,"", 
NSW,MOUNT HOREB,2729,Eden-Monaro,"", 
NSW,MUNDARLO,2729,Riverina,"", 
NSW,SANDY GULLY,2729,Eden-Monaro,"", 
NSW,SHARPS CREEK,2729,Eden-Monaro,"", 
NSW,THE GROVE,2729,Eden-Monaro,"",WONDALGA
NSW,TUMBLONG,2729,Riverina,"", 
NSW,WESTWOOD,2729,Eden-Monaro,"", 
NSW,WONDALGA,2729,Eden-Monaro,"", 
NSW,YAVEN CREEK,2729,Eden-Monaro,"", 
NSW,BATLOW,2730,Eden-Monaro,"", 
NSW,GREEN HILLS,2730,Eden-Monaro,"", 
NSW,KUNAMA,2730,Eden-Monaro,"", 
NSW,LOWER BAGO,2730,Eden-Monaro,"", 
NSW,WEST BATLOW,2730,Eden-Monaro,"",BATLOW
NSW,BUNNALOO,2731,Farrer,"", 
NSW,MOAMA,2731,Farrer,"", 
NSW,TANTONAN,2731,Farrer,"", 
NSW,THYRA,2731,Farrer,"", 
NSW,WOMBOOTA,2731,Farrer,"", 
NSW,BARHAM,2732,Farrer,"", 
NSW,BURRABOI,2732,Farrer,"", 
NSW,COBRAMUNGA,2732,Farrer,"", 
NSW,GONN,2732,Farrer,"", 
NSW,NOORONG,2732,Farrer,"", 
NSW,THULE,2732,Farrer,"", 
NSW,TULLAKOOL,2732,Farrer,"", 
NSW,DHURAGOON,2733,Farrer,"", 
NSW,KERI KERI,2733,Farrer,"", 
NSW,MOOLPA,2733,Farrer,"", 
NSW,MOULAMEIN,2733,Farrer,"", 
NSW,NIEMUR,2733,Farrer,"", 
NSW,TOORANIE,2733,Farrer,"", 
NSW,CUNNINYEUK,2734,Farrer,"", 
NSW,DILPURRA,2734,Farrer,"", 
NSW,MELLOOL,2734,Farrer,"", 
NSW,MURRAY DOWNS,2734,Farrer,"", 
NSW,STONY CROSSING,2734,Farrer,"", 
NSW,WETUPPA,2734,Farrer,"", 
NSW,KORALEIGH,2735,Farrer,"", 
NSW,GOODNIGHT,2736,Farrer,"", 
NSW,TOOLEYBUC,2736,Farrer,"", 
NSW,EUSTON,2737,Farrer,"", 
NSW,GOL GOL,2738,Farrer,"", 
NSW,MALLEE,2738,Farrer,"", 
NSW,MONAK,2738,Farrer,"", 
NSW,PARINGI,2738,Farrer,"", 
NSW,TRENTHAM CLIFFS,2738,Farrer,"", 
NSW,BOEILL CREEK,2739,Farrer,"", 
NSW,BURONGA,2739,Farrer,"", 
NSW,MOURQUONG,2739,Farrer,"", 
NSW,GLENMORE PARK,2745,Lindsay,"", 
NSW,GREENDALE,2745,Hume,"", 
NSW,LUDDENHAM,2745,Hume,"", 
NSW,LUDDENHAM,2745,Lindsay,"", 
NSW,MULGOA,2745,Hume,"", 
NSW,MULGOA,2745,Lindsay,"", 
NSW,REGENTVILLE,2745,Lindsay,"", 
NSW,WALLACIA,2745,Hume,"", 
NSW,CADDENS,2747,Lindsay,"", 
NSW,CAMBRIDGE GARDENS,2747,Lindsay,"", 
NSW,CAMBRIDGE PARK,2747,Lindsay,"", 
NSW,CLAREMONT MEADOWS,2747,Lindsay,"", 
NSW,JORDAN SPRINGS,2747,Lindsay,"", 
NSW,KINGSWOOD,2747,Lindsay,"", 
NSW,LLANDILO,2747,Lindsay,"", 
NSW,SHANES PARK,2747,Chifley,"", 
NSW,WERRINGTON,2747,Lindsay,"", 
NSW,WERRINGTON COUNTY,2747,Lindsay,"", 
NSW,WERRINGTON DOWNS,2747,Lindsay,"", 
NSW,ORCHARD HILLS,2748,Lindsay,"", 
NSW,ORCHARD HILLS,2748,McMahon,"", 
NSW,RAAF ORCHARD HILLS,2748,Lindsay,"", 
NSW,CASTLEREAGH,2749,Lindsay,"", 
NSW,CRANEBROOK,2749,Lindsay,"", 
NSW,MOUNT PLEASANT,2749,Lindsay,"",CRANEBROOK
NSW,EMU HEIGHTS,2750,Lindsay,"", 
NSW,EMU PLAINS,2750,Lindsay,"", 
NSW,JAMISONTOWN,2750,Lindsay,"", 
NSW,KINGSWOOD PARK,2750,Lindsay,"",PENRITH
NSW,LEMONGROVE,2750,Lindsay,"",PENRITH
NSW,LEONAY,2750,Lindsay,"", 
NSW,PENRITH,2750,Lindsay,"", 
NSW,SOUTH PENRITH,2750,Lindsay,"", 
NSW,SILVERDALE,2752,Hume,"", 
NSW,WARRAGAMBA,2752,Hume,"", 
NSW,AGNES BANKS,2753,Lindsay,"", 
NSW,AGNES BANKS,2753,Macquarie,"", 
NSW,BOWEN MOUNTAIN,2753,Macquarie,"", 
NSW,GROSE VALE,2753,Macquarie,"", 
NSW,GROSE WOLD,2753,Macquarie,"", 
NSW,HOBARTVILLE,2753,Macquarie,"", 
NSW,LONDONDERRY,2753,Lindsay,"", 
NSW,RICHMOND,2753,Macquarie,"", 
NSW,RICHMOND LOWLANDS,2753,Macquarie,"", 
NSW,YARRAMUNDI,2753,Macquarie,"", 
NSW,NORTH RICHMOND,2754,Macquarie,"", 
NSW,TENNYSON,2754,Macquarie,"", 
NSW,THE SLOPES,2754,Macquarie,"", 
NSW,BLIGH PARK,2756,Macquarie,"", 
NSW,CATTAI,2756,Berowra,"", 
NSW,CATTAI,2756,Macquarie,"", 
NSW,CENTRAL COLO,2756,Macquarie,"", 
NSW,CLARENDON,2756,Macquarie,"", 
NSW,COLO,2756,Macquarie,"", 
NSW,COLO HEIGHTS,2756,Macquarie,"", 
NSW,CORNWALLIS,2756,Macquarie,"", 
NSW,CUMBERLAND REACH,2756,Macquarie,"", 
NSW,EBENEZER,2756,Macquarie,"", 
NSW,FREEMANS REACH,2756,Macquarie,"", 
NSW,GLOSSODIA,2756,Macquarie,"", 
NSW,LOWER PORTLAND,2756,Berowra,"", 
NSW,LOWER PORTLAND,2756,Macquarie,"", 
NSW,MAROOTA,2756,Berowra,"", 
NSW,MCGRATHS HILL,2756,Macquarie,"", 
NSW,MELLONG,2756,Macquarie,"", 
NSW,MULGRAVE,2756,Macquarie,"", 
NSW,PITT TOWN,2756,Macquarie,"", 
NSW,PITT TOWN BOTTOMS,2756,Macquarie,"", 
NSW,SACKVILLE,2756,Macquarie,"", 
NSW,SACKVILLE NORTH,2756,Berowra,"", 
NSW,SCHEYVILLE,2756,Macquarie,"", 
NSW,SOUTH MAROOTA,2756,Berowra,"", 
NSW,SOUTH WINDSOR,2756,Macquarie,"", 
NSW,UPPER COLO,2756,Macquarie,"", 
NSW,WILBERFORCE,2756,Macquarie,"", 
NSW,WINDSOR,2756,Macquarie,"", 
NSW,WINDSOR DOWNS,2756,Macquarie,"", 
NSW,KURMOND,2757,Macquarie,"", 
NSW,BERAMBING,2758,Macquarie,"", 
NSW,BILPIN,2758,Macquarie,"", 
NSW,BLAXLANDS RIDGE,2758,Macquarie,"", 
NSW,EAST KURRAJONG,2758,Macquarie,"", 
NSW,KURRAJONG,2758,Macquarie,"", 
NSW,KURRAJONG HEIGHTS,2758,Macquarie,"", 
NSW,KURRAJONG HILLS,2758,Macquarie,"", 
NSW,MOUNT TOMAH,2758,Macquarie,"", 
NSW,MOUNTAIN LAGOON,2758,Macquarie,"", 
NSW,WHEENY CREEK,2758,Macquarie,"", 
NSW,ERSKINE PARK,2759,McMahon,"", 
NSW,ST CLAIR,2759,McMahon,"", 
NSW,COLYTON,2760,Lindsay,"", 
NSW,DUNHEVED,2760,Lindsay,"",ST MARYS
NSW,NORTH ST MARYS,2760,Lindsay,"", 
NSW,OXLEY PARK,2760,Lindsay,"", 
NSW,ROPES CROSSING,2760,Chifley,"", 
NSW,ST MARYS,2760,Lindsay,"", 
NSW,COLEBEE,2761,Chifley,"", 
NSW,DEAN PARK,2761,Chifley,"", 
NSW,GLENDENNING,2761,Chifley,"", 
NSW,HASSALL GROVE,2761,Chifley,"", 
NSW,OAKHURST,2761,Chifley,"", 
NSW,PLUMPTON,2761,Chifley,"", 
NSW,SCHOFIELDS,2762,Chifley,"", 
NSW,SCHOFIELDS,2762,Greenway,"", 
NSW,TALLAWONG,2762,Greenway,"", 
NSW,ACACIA GARDENS,2763,Greenway,"", 
NSW,NIRIMBA FIELDS,2763,Chifley,"", 
NSW,QUAKERS HILL,2763,Chifley,"", 
NSW,QUAKERS HILL,2763,Greenway,"", 
NSW,ANGUS,2765,Chifley,"", 
NSW,BERKSHIRE PARK,2765,Lindsay,"", 
NSW,BOX HILL,2765,Mitchell,"", 
NSW,GABLES,2765,Berowra,"", 
NSW,GABLES,2765,Mitchell,"", 
NSW,GRANTHAM FARM,2765,Greenway,"", 
NSW,MARAYLYA,2765,Berowra,"", 
NSW,MARAYLYA,2765,Macquarie,"", 
NSW,MARAYLYA,2765,Mitchell,"", 
NSW,MARSDEN PARK,2765,Chifley,"", 
NSW,MELONBA,2765,Chifley,"", 
NSW,NELSON,2765,Mitchell,"", 
NSW,OAKVILLE,2765,Macquarie,"", 
NSW,RIVERSTONE,2765,Chifley,"", 
NSW,RIVERSTONE,2765,Greenway,"", 
NSW,VINEYARD,2765,Greenway,"", 
NSW,VINEYARD,2765,Macquarie,"", 
NSW,EASTERN CREEK,2766,Chifley,"", 
NSW,EASTERN CREEK,2766,McMahon,"", 
NSW,ROOTY HILL,2766,Chifley,"", 
NSW,BUNGARRIBEE,2767,Chifley,"", 
NSW,DOONSIDE,2767,Chifley,"", 
NSW,WOODCROFT,2767,Chifley,"", 
NSW,GLENWOOD,2768,Greenway,"", 
NSW,PARKLEA,2768,Greenway,"", 
NSW,STANHOPE GARDENS,2768,Greenway,"", 
NSW,THE PONDS,2769,Greenway,"", 
NSW,BIDWILL,2770,Chifley,"", 
NSW,BLACKETT,2770,Chifley,"", 
NSW,DHARRUK,2770,Chifley,"", 
NSW,EMERTON,2770,Chifley,"", 
NSW,HEBERSHAM,2770,Chifley,"", 
NSW,LETHBRIDGE PARK,2770,Chifley,"", 
NSW,MINCHINBURY,2770,McMahon,"", 
NSW,MOUNT DRUITT,2770,Chifley,"", 
NSW,SHALVEY,2770,Chifley,"", 
NSW,TREGEAR,2770,Chifley,"", 
NSW,WHALAN,2770,Chifley,"", 
NSW,WILLMOT,2770,Chifley,"", 
NSW,GLENBROOK,2773,Macquarie,"", 
NSW,LAPSTONE,2773,Macquarie,"", 
NSW,RAAF GLENBROOK,2773,Macquarie,"", 
NSW,BLAXLAND,2774,Macquarie,"", 
NSW,EAST BLAXLAND,2774,Macquarie,"",BLAXLAND
NSW,MOUNT RIVERVIEW,2774,Macquarie,"", 
NSW,WARRIMOO,2774,Macquarie,"", 
NSW,CENTRAL MACDONALD,2775,Macquarie,"", 
NSW,FERNANCES,2775,Macquarie,"", 
NSW,GUNDERMAN,2775,Robertson,"", 
NSW,HIGHER MACDONALD,2775,Macquarie,"", 
NSW,LAUGHTONDALE,2775,Berowra,"", 
NSW,LEETS VALE,2775,Berowra,"", 
NSW,LEETS VALE,2775,Macquarie,"", 
NSW,LOWER HAWKESBURY,2775,Berowra,"",SINGLETONS MILL
NSW,LOWER MACDONALD,2775,Macquarie,"", 
NSW,MARLOW,2775,Robertson,"", 
NSW,MOGO CREEK,2775,Macquarie,"", 
NSW,PERRYS CROSSING,2775,Macquarie,"", 
NSW,SINGLETONS MILL,2775,Berowra,"", 
NSW,SPENCER,2775,Robertson,"", 
NSW,ST ALBANS,2775,Macquarie,"", 
NSW,UPPER MACDONALD,2775,Macquarie,"", 
NSW,WEBBS CREEK,2775,Macquarie,"", 
NSW,WISEMANS FERRY,2775,Berowra,"", 
NSW,WISEMANS FERRY,2775,Macquarie,"", 
NSW,WISEMANS FERRY,2775,Robertson,"", 
NSW,WRIGHTS CREEK,2775,Macquarie,"", 
NSW,FAULCONBRIDGE,2776,Macquarie,"", 
NSW,HAWKESBURY HEIGHTS,2777,Macquarie,"", 
NSW,SPRINGWOOD,2777,Macquarie,"", 
NSW,SUN VALLEY,2777,Macquarie,"", 
NSW,VALLEY HEIGHTS,2777,Macquarie,"", 
NSW,WINMALEE,2777,Macquarie,"", 
NSW,YELLOW ROCK,2777,Macquarie,"", 
NSW,LINDEN,2778,Macquarie,"", 
NSW,WOODFORD,2778,Macquarie,"", 
NSW,HAZELBROOK,2779,Macquarie,"", 
NSW,KATOOMBA,2780,Macquarie,"", 
NSW,LEURA,2780,Macquarie,"", 
NSW,MEDLOW BATH,2780,Macquarie,"", 
NSW,WENTWORTH FALLS,2782,Macquarie,"", 
NSW,LAWSON,2783,Macquarie,"", 
NSW,BULLABURRA,2784,Macquarie,"", 
NSW,BLACKHEATH,2785,Macquarie,"", 
NSW,MEGALONG,2785,Calare,"",MEGALONG VALLEY
NSW,MEGALONG,2785,Macquarie,"",MEGALONG VALLEY
NSW,MEGALONG VALLEY,2785,Calare,"", 
NSW,MEGALONG VALLEY,2785,Macquarie,"", 
NSW,BELL,2786,Macquarie,"", 
NSW,DARGAN,2786,Calare,"", 
NSW,MOUNT IRVINE,2786,Macquarie,"", 
NSW,MOUNT VICTORIA,2786,Macquarie,"", 
NSW,MOUNT WILSON,2786,Macquarie,"", 
NSW,BINDOOK,2787,Hume,"", 
NSW,BLACK SPRINGS,2787,Calare,"", 
NSW,CHATHAM VALLEY,2787,Calare,"", 
NSW,DUCKMALOI,2787,Calare,"", 
NSW,EDITH,2787,Calare,"", 
NSW,ESSINGTON,2787,Calare,"", 
NSW,GINGKIN,2787,Calare,"", 
NSW,GURNANG,2787,Calare,"", 
NSW,HAZELGROVE,2787,Calare,"", 
NSW,JAUNTER,2787,Calare,"", 
NSW,KANANGRA,2787,Calare,"", 
NSW,MAYFIELD,2787,Calare,"", 
NSW,MOUNT OLIVE,2787,Calare,"", 
NSW,MOUNT WERONG,2787,Calare,"", 
NSW,MOZART,2787,Calare,"", 
NSW,NORWAY,2787,Calare,"", 
NSW,OBERON,2787,Calare,"", 
NSW,PORTERS RETREAT,2787,Calare,"", 
NSW,SHOOTERS HILL,2787,Calare,"", 
NSW,TARANA,2787,Calare,"", 
NSW,THE MEADOWS,2787,Calare,"", 
NSW,YERRANDERIE,2787,Hume,"", 
NSW,BEN BULLEN,2790,Calare,"", 
NSW,BLACKMANS FLAT,2790,Calare,"", 
NSW,BOWENFELS,2790,Calare,"", 
NSW,CLARENCE,2790,Calare,"", 
NSW,COBAR PARK,2790,Calare,"", 
NSW,CORNEY TOWN,2790,Calare,"", 
NSW,CULLEN BULLEN,2790,Calare,"", 
NSW,DOCTORS GAP,2790,Calare,"", 
NSW,GANBENANG,2790,Calare,"", 
NSW,GOOD FOREST,2790,Calare,"", 
NSW,HAMPTON,2790,Calare,"", 
NSW,HARTLEY,2790,Calare,"", 
NSW,HARTLEY VALE,2790,Calare,"", 
NSW,HASSANS WALLS,2790,Calare,"", 
NSW,HERMITAGE FLAT,2790,Calare,"", 
NSW,JENOLAN,2790,Calare,"", 
NSW,KANIMBLA,2790,Calare,"", 
NSW,LIDSDALE,2790,Calare,"", 
NSW,LITHGOW,2790,Calare,"", 
NSW,LITTLE HARTLEY,2790,Calare,"", 
NSW,LITTLETON,2790,Calare,"", 
NSW,LOWTHER,2790,Calare,"", 
NSW,MARRANGAROO,2790,Calare,"", 
NSW,MCKELLARS PARK,2790,Calare,"", 
NSW,MORTS ESTATE,2790,Calare,"", 
NSW,MOUNT LAMBIE,2790,Calare,"", 
NSW,NEWNES,2790,Calare,"", 
NSW,OAKY PARK,2790,Calare,"", 
NSW,POTTERY ESTATE,2790,Calare,"", 
NSW,RYDAL,2790,Calare,"", 
NSW,SHEEDYS GULLY,2790,Calare,"", 
NSW,SODWALLS,2790,Calare,"", 
NSW,SOUTH BOWENFELS,2790,Calare,"", 
NSW,SOUTH LITTLETON,2790,Calare,"", 
NSW,STATE MINE GULLY,2790,Calare,"", 
NSW,VALE OF CLWYDD,2790,Calare,"", 
NSW,WOLGAN VALLEY,2790,Calare,"", 
NSW,WOLLANGAMBE,2790,Calare,"", 
NSW,CARCOAR,2791,Calare,"", 
NSW,ERROWANBANG,2791,Calare,"", 
NSW,BURNT YARDS,2792,Calare,"", 
NSW,MANDURAMA,2792,Calare,"", 
NSW,MANDURAMA,2792,Riverina,"", 
NSW,DARBYS FALLS,2793,Riverina,"", 
NSW,ROSEBERG,2793,Riverina,"", 
NSW,WOODSTOCK,2793,Riverina,"", 
NSW,BUMBALDRY,2794,Riverina,"", 
NSW,COWRA,2794,Riverina,"", 
NSW,GRAHAM,2794,Hume,"",HOVELLS CREEK
NSW,HOVELLS CREEK,2794,Hume,"", 
NSW,MOUNT COLLINS,2794,Hume,"", 
NSW,WATTAMONDARA,2794,Riverina,"", 
NSW,ABERCROMBIE,2795,Calare,"", 
NSW,ABERCROMBIE RIVER,2795,Calare,"", 
NSW,ARKELL,2795,Calare,"", 
NSW,ARKSTONE,2795,Calare,"", 
NSW,BALD RIDGE,2795,Calare,"", 
NSW,BALLYROE,2795,Calare,"", 
NSW,BATHAMPTON,2795,Calare,"", 
NSW,BATHURST,2795,Calare,"", 
NSW,BILLYWILLINGA,2795,Calare,"", 
NSW,BREWONGLE,2795,Calare,"", 
NSW,BRUINBUN,2795,Calare,"", 
NSW,BURRAGA,2795,Calare,"", 
NSW,CALOOLA,2795,Calare,"", 
NSW,CHARLTON,2795,Calare,"", 
NSW,CLEAR CREEK,2795,Calare,"", 
NSW,COLO,2795,Calare,"", 
NSW,COPPERHANNIA,2795,Calare,"", 
NSW,COW FLAT,2795,Calare,"", 
NSW,CRUDINE,2795,Calare,"", 
NSW,CURRAGH,2795,Calare,"", 
NSW,DARK CORNER,2795,Calare,"", 
NSW,DOG ROCKS,2795,Calare,"", 
NSW,DUNKELD,2795,Calare,"", 
NSW,DURAMANA,2795,Calare,"", 
NSW,EGLINTON,2795,Calare,"", 
NSW,EVANS PLAINS,2795,Calare,"", 
NSW,FITZGERALDS VALLEY,2795,Calare,"", 
NSW,FOREST GROVE,2795,Calare,"", 
NSW,FOSTERS VALLEY,2795,Calare,"", 
NSW,FREEMANTLE,2795,Calare,"", 
NSW,GEMALLA,2795,Calare,"", 
NSW,GEORGES PLAINS,2795,Calare,"", 
NSW,GILMANDYKE,2795,Calare,"", 
NSW,GLANMIRE,2795,Calare,"", 
NSW,GORMANS HILL,2795,Calare,"", 
NSW,GOWAN,2795,Calare,"", 
NSW,HOBBYS YARDS,2795,Calare,"", 
NSW,ISABELLA,2795,Calare,"", 
NSW,JEREMY,2795,Calare,"", 
NSW,JUDDS CREEK,2795,Calare,"", 
NSW,KELSO,2795,Calare,"", 
NSW,KILLONGBUTTA,2795,Calare,"", 
NSW,KIRKCONNELL,2795,Calare,"", 
NSW,LAFFING WATERS,2795,Calare,"", 
NSW,LIMEKILNS,2795,Calare,"", 
NSW,LLANARTH,2795,Calare,"", 
NSW,LOCKSLEY,2795,Calare,"", 
NSW,MEADOW FLAT,2795,Calare,"", 
NSW,MILKERS FLAT,2795,Calare,"", 
NSW,MILLAH MURRAH,2795,Calare,"", 
NSW,MITCHELL,2795,Calare,"", 
NSW,MOORILDA,2795,Calare,"", 
NSW,MOUNT DAVID,2795,Calare,"", 
NSW,MOUNT PANORAMA,2795,Calare,"", 
NSW,MOUNT RANKIN,2795,Calare,"", 
NSW,NAPOLEON REEF,2795,Calare,"", 
NSW,NEWBRIDGE,2795,Calare,"", 
NSW,O'CONNELL,2795,Calare,"", 
NSW,ORTON PARK,2795,Calare,"", 
NSW,PALING YARDS,2795,Calare,"", 
NSW,PALMERS OAKY,2795,Calare,"", 
NSW,PEEL,2795,Calare,"", 
NSW,PERTHVILLE,2795,Calare,"", 
NSW,RAGLAN,2795,Calare,"", 
NSW,ROBIN HILL,2795,Calare,"", 
NSW,ROCK FOREST,2795,Calare,"", 
NSW,ROCKLEY,2795,Calare,"", 
NSW,ROCKLEY MOUNT,2795,Calare,"", 
NSW,SOFALA,2795,Calare,"", 
NSW,SOUTH BATHURST,2795,Calare,"", 
NSW,STEWARTS MOUNT,2795,Calare,"", 
NSW,SUNNY CORNER,2795,Calare,"", 
NSW,TANNAS MOUNT,2795,Calare,"", 
NSW,THE LAGOON,2795,Calare,"", 
NSW,THE ROCKS,2795,Calare,"", 
NSW,TRIANGLE FLAT,2795,Calare,"", 
NSW,TRUNKEY CREEK,2795,Calare,"", 
NSW,TURONDALE,2795,Calare,"", 
NSW,TWENTY FORESTS,2795,Calare,"", 
NSW,UPPER TURON,2795,Calare,"", 
NSW,WALANG,2795,Calare,"", 
NSW,WAMBOOL,2795,Calare,"", 
NSW,WATTLE FLAT,2795,Calare,"", 
NSW,WATTON,2795,Calare,"", 
NSW,WEST BATHURST,2795,Calare,"", 
NSW,WHITE ROCK,2795,Calare,"", 
NSW,WIAGDON,2795,Calare,"", 
NSW,WIMBLEDON,2795,Calare,"", 
NSW,WINBURNDALE,2795,Calare,"", 
NSW,WINDRADYNE,2795,Calare,"", 
NSW,WISEMANS CREEK,2795,Calare,"", 
NSW,YARRAS,2795,Calare,"", 
NSW,YETHOLME,2795,Calare,"", 
NSW,GARLAND,2797,Calare,"", 
NSW,LYNDHURST,2797,Calare,"", 
NSW,LYNDHURST,2797,Riverina,"", 
NSW,BYNG,2798,Calare,"", 
NSW,FOREST REEFS,2798,Calare,"", 
NSW,GUYONG,2798,Calare,"", 
NSW,MILLTHORPE,2798,Calare,"", 
NSW,SPRING TERRACE,2798,Calare,"", 
NSW,TALLWOOD,2798,Calare,"", 
NSW,WALDEGRAVE,2798,Calare,"", 
NSW,BARRY,2799,Calare,"", 
NSW,BLAYNEY,2799,Calare,"", 
NSW,BROWNS CREEK,2799,Calare,"", 
NSW,FITZGERALDS MOUNT,2799,Calare,"", 
NSW,KINGS PLAINS,2799,Calare,"", 
NSW,NEVILLE,2799,Calare,"", 
NSW,NEVILLE,2799,Riverina,"", 
NSW,VITTORIA,2799,Calare,"", 
NSW,BELGRAVIA,2800,Calare,"", 
NSW,BORENORE,2800,Calare,"", 
NSW,CADIA,2800,Calare,"", 
NSW,CANOBOLAS,2800,Calare,"", 
NSW,CARGO,2800,Calare,"", 
NSW,CLERGATE,2800,Calare,"", 
NSW,CLIFTON GROVE,2800,Calare,"", 
NSW,EMU SWAMP,2800,Calare,"", 
NSW,FOUR MILE CREEK,2800,Calare,"", 
NSW,HUNTLEY,2800,Calare,"", 
NSW,KANGAROOBIE,2800,Calare,"", 
NSW,KERRS CREEK,2800,Calare,"", 
NSW,LEWIS PONDS,2800,Calare,"", 
NSW,LIDSTER,2800,Calare,"", 
NSW,LOWER LEWIS PONDS,2800,Calare,"", 
NSW,LUCKNOW,2800,Calare,"", 
NSW,MARCH,2800,Calare,"", 
NSW,MULLION CREEK,2800,Calare,"", 
NSW,NASHDALE,2800,Calare,"", 
NSW,OPHIR,2800,Calare,"", 
NSW,ORANGE,2800,Calare,"", 
NSW,PANUARA,2800,Calare,"", 
NSW,SHADFORTH,2800,Calare,"", 
NSW,SPRING CREEK,2800,Calare,"", 
NSW,SPRING HILL,2800,Calare,"", 
NSW,SPRINGSIDE,2800,Calare,"", 
NSW,SUMMER HILL CREEK,2800,Calare,"", 
NSW,WINDERA,2800,Calare,"", 
NSW,BENDICK MURRELL,2803,Riverina,"", 
NSW,CROWTHER,2803,Riverina,"", 
NSW,WIRRIMAH,2803,Riverina,"", 
NSW,BILLIMARI,2804,Riverina,"", 
NSW,CANOWINDRA,2804,Calare,"", 
NSW,CANOWINDRA,2804,Riverina,"", 
NSW,MOORBEL,2804,Calare,"", 
NSW,NYRANG CREEK,2804,Calare,"", 
NSW,GOOLOOGONG,2805,Calare,"", 
NSW,GOOLOOGONG,2805,Riverina,"", 
NSW,EUGOWRA,2806,Calare,"", 
NSW,EUGOWRA,2806,Riverina,"", 
NSW,KOORAWATHA,2807,Riverina,"", 
NSW,WYANGALA,2808,Hume,"", 
NSW,WYANGALA,2808,Riverina,"", 
NSW,GREENETHORPE,2809,Riverina,"", 
NSW,BIMBI,2810,Riverina,"", 
NSW,CARAGABAL,2810,Riverina,"", 
NSW,GLENELG,2810,Riverina,"", 
NSW,GRENFELL,2810,Riverina,"", 
NSW,PINEY RANGE,2810,Riverina,"", 
NSW,PINNACLE,2810,Riverina,"", 
NSW,PULLABOOKA,2810,Riverina,"", 
NSW,WARRADERRY,2810,Riverina,"", 
NSW,TONDERBURINE,2817,Parkes,"", 
NSW,TOORAWEENAH,2817,Parkes,"", 
NSW,GEURIE,2818,Calare,"", 
NSW,APSLEY,2820,Calare,"", 
NSW,ARTHURVILLE,2820,Calare,"", 
NSW,BAKERS SWAMP,2820,Calare,"", 
NSW,BODANGORA,2820,Calare,"", 
NSW,COMOBELLA,2820,Calare,"", 
NSW,CURRA CREEK,2820,Calare,"", 
NSW,DRIPSTONE,2820,Calare,"", 
NSW,FARNHAM,2820,Calare,"", 
NSW,GOLLAN,2820,Calare,"", 
NSW,LAKE BURRENDONG,2820,Calare,"", 
NSW,MARYVALE,2820,Calare,"", 
NSW,MEDWAY,2820,Calare,"", 
NSW,MONTEFIORES,2820,Calare,"", 
NSW,MOOKERAWA,2820,Calare,"", 
NSW,MOUNT AQUILA,2820,Calare,"", 
NSW,MOUNT ARTHUR,2820,Calare,"", 
NSW,MUMBIL,2820,Calare,"", 
NSW,NEUREA,2820,Calare,"", 
NSW,SPICERS CREEK,2820,Calare,"", 
NSW,STUART TOWN,2820,Calare,"", 
NSW,SUNTOP,2820,Calare,"", 
NSW,WALMER,2820,Calare,"", 
NSW,WELLINGTON,2820,Calare,"", 
NSW,WUULUMAN,2820,Calare,"", 
NSW,YARRAGAL,2820,Calare,"", 
NSW,BURROWAY,2821,Parkes,"", 
NSW,NARROMINE,2821,Parkes,"", 
NSW,BALLADORAN,2822,Parkes,"", 
NSW,EUMUNGERIE,2822,Parkes,"", 
NSW,BUNDEMAR,2823,Parkes,"", 
NSW,CATHUNDRAL,2823,Parkes,"", 
NSW,DANDALOO,2823,Parkes,"", 
NSW,GIN GIN,2823,Parkes,"", 
NSW,TRANGIE,2823,Parkes,"", 
NSW,BEEMUNNEL,2824,Parkes,"", 
NSW,EENAWEENA,2824,Parkes,"", 
NSW,MARTHAGUY,2824,Parkes,"", 
NSW,MOUNT FOSTER,2824,Parkes,"", 
NSW,MOUNT HARRIS,2824,Parkes,"", 
NSW,MUMBLEBONE PLAIN,2824,Parkes,"", 
NSW,OXLEY,2824,Parkes,"", 
NSW,PIGEONBAH,2824,Parkes,"", 
NSW,RAVENSWOOD,2824,Parkes,"", 
NSW,RED HILL,2824,Parkes,"", 
NSW,SNAKES PLAIN,2824,Parkes,"", 
NSW,TENANDRA,2824,Parkes,"", 
NSW,WARREN,2824,Parkes,"", 
NSW,BUDDABADAH,2825,Parkes,"", 
NSW,CANONBA,2825,Parkes,"", 
NSW,HONEYBUGLE,2825,Parkes,"", 
NSW,MIANDETTA,2825,Parkes,"", 
NSW,MULLA,2825,Parkes,"", 
NSW,MULLENGUDGERY,2825,Parkes,"", 
NSW,NYNGAN,2825,Parkes,"", 
NSW,PANGEE,2825,Parkes,"", 
NSW,BOGAN,2826,Parkes,"", 
NSW,NEVERTIRE,2826,Parkes,"", 
NSW,BEARBONG,2827,Parkes,"", 
NSW,BIDDON,2827,Parkes,"", 
NSW,BREELONG,2827,Parkes,"", 
NSW,COLLIE,2827,Parkes,"", 
NSW,CURBAN,2827,Parkes,"", 
NSW,GILGANDRA,2827,Parkes,"", 
NSW,MERRIGAL,2827,Parkes,"", 
NSW,ARMATREE,2828,Parkes,"", 
NSW,BLACK HOLLOW,2828,Parkes,"", 
NSW,BOURBAH,2828,Parkes,"", 
NSW,GULARGAMBONE,2828,Parkes,"", 
NSW,MOUNT TENANDRA,2828,Parkes,"", 
NSW,QUANDA,2828,Parkes,"", 
NSW,WARRUMBUNGLE,2828,Parkes,"", 
NSW,BILLEROY,2829,Parkes,"", 
NSW,COMBARA,2829,Parkes,"", 
NSW,CONIMBIA,2829,Parkes,"", 
NSW,COONAMBLE,2829,Parkes,"", 
NSW,GILGOOMA,2829,Parkes,"", 
NSW,GUNGALMAN,2829,Parkes,"", 
NSW,MAGOMETON,2829,Parkes,"", 
NSW,NEBEA,2829,Parkes,"", 
NSW,PINE GROVE,2829,Parkes,"", 
NSW,TERIDGERIE,2829,Parkes,"", 
NSW,TOOLOON,2829,Parkes,"", 
NSW,URAWILKIE,2829,Parkes,"", 
NSW,WINGADEE,2829,Parkes,"", 
NSW,BALLIMORE,2830,Calare,"", 
NSW,BALLIMORE,2830,Parkes,"", 
NSW,BENI,2830,Parkes,"", 
NSW,BENOLONG,2830,Parkes,"", 
NSW,BROCKLEHURST,2830,Parkes,"", 
NSW,DUBBO,2830,Parkes,"", 
NSW,ESCHOL,2830,Parkes,"", 
NSW,GOONOO FOREST,2830,Parkes,"", 
NSW,KICKABIL,2830,Parkes,"", 
NSW,MINORE,2830,Parkes,"", 
NSW,MOGRIGUY,2830,Parkes,"", 
NSW,RAWSONVILLE,2830,Parkes,"", 
NSW,TERRAMUNGAMINE,2830,Parkes,"", 
NSW,TOONGI,2830,Parkes,"", 
NSW,WAMBANGALANG,2830,Parkes,"", 
NSW,BABINDA,2831,Parkes,"", 
NSW,BULLAGREEN,2831,Parkes,"", 
NSW,BYROCK,2831,Parkes,"", 
NSW,CARINDA,2831,Parkes,"", 
NSW,COOLABAH,2831,Parkes,"", 
NSW,ELONG ELONG,2831,Calare,"", 
NSW,ELONG ELONG,2831,Parkes,"", 
NSW,GIRILAMBONE,2831,Parkes,"", 
NSW,HERMIDALE,2831,Parkes,"", 
NSW,MACQUARIE MARSHES,2831,Parkes,"", 
NSW,MERRYGOEN,2831,Parkes,"", 
NSW,MURRAWOMBIE,2831,Parkes,"", 
NSW,NEILREX,2831,Parkes,"", 
NSW,NYMAGEE,2831,Parkes,"", 
NSW,PINE CLUMP,2831,Parkes,"", 
NSW,PONTO,2831,Calare,"", 
NSW,QUAMBONE,2831,Parkes,"", 
NSW,TERRABELLA,2831,Calare,"", 
NSW,THE MARRA,2831,Parkes,"", 
NSW,WONGARBON,2831,Parkes,"", 
NSW,ANGLEDOOL,2832,Parkes,"", 
NSW,COME BY CHANCE,2832,Parkes,"", 
NSW,CRYON,2832,Parkes,"", 
NSW,CUMBORAH,2832,Parkes,"", 
NSW,GRAWIN OPAL FIELDS,2832,Parkes,"", 
NSW,WALGETT,2832,Parkes,"", 
NSW,COLLARENEBRI,2833,Parkes,"", 
NSW,LIGHTNING RIDGE,2834,Parkes,"", 
NSW,BULLA,2835,Parkes,"", 
NSW,CANBELEGO,2835,Parkes,"", 
NSW,COBAR,2835,Parkes,"", 
NSW,CUBBA,2835,Parkes,"", 
NSW,GILGUNNIA,2835,Parkes,"", 
NSW,IRYMPLE,2835,Parkes,"", 
NSW,KERRIGUNDI,2835,Parkes,"", 
NSW,KULWIN,2835,Parkes,"", 
NSW,NOONA,2835,Parkes,"", 
NSW,SANDY CREEK,2835,Parkes,"", 
NSW,TINDAREY,2835,Parkes,"", 
NSW,WHITE CLIFFS,2836,Parkes,"", 
NSW,WILCANNIA,2836,Parkes,"", 
NSW,GOODOOGA,2838,Parkes,"", 
NSW,BREWARRINA,2839,Parkes,"", 
NSW,COLLERINA,2839,Parkes,"", 
NSW,GONGOLGON,2839,Parkes,"", 
NSW,NARRAN LAKE,2839,Parkes,"", 
NSW,TALAWANTA,2839,Parkes,"", 
NSW,WEILMORINGLE,2839,Parkes,"", 
NSW,BARRINGUN,2840,Parkes,"", 
NSW,BOURKE,2840,Parkes,"", 
NSW,ENNGONIA,2840,Parkes,"", 
NSW,FORDS BRIDGE,2840,Parkes,"", 
NSW,GUMBALIE,2840,Parkes,"", 
NSW,GUNDERBOOKA,2840,Parkes,"", 
NSW,HUNGERFORD,2840,Parkes,"", 
NSW,LOUTH,2840,Parkes,"", 
NSW,NORTH BOURKE,2840,Parkes,"", 
NSW,TILPA,2840,Parkes,"", 
NSW,WANAARING,2840,Parkes,"", 
NSW,YANTABULLA,2840,Parkes,"", 
NSW,MENDOORAN,2842,Parkes,"", 
NSW,MOLLYAN,2842,Parkes,"", 
NSW,YARRAGRIN,2842,Parkes,"", 
NSW,COOLAH,2843,Parkes,"", 
NSW,BIRRIWA,2844,Calare,"", 
NSW,COBBORA,2844,Parkes,"", 
NSW,CRABOON,2844,Parkes,"", 
NSW,DUNEDOO,2844,Calare,"", 
NSW,DUNEDOO,2844,Parkes,"", 
NSW,LEADVILLE,2844,Parkes,"", 
NSW,MEROTHERIE,2844,Calare,"", 
NSW,WALLERAWANG,2845,Calare,"", 
NSW,CAPERTEE,2846,Calare,"", 
NSW,GLEN DAVIS,2846,Calare,"", 
NSW,ROUND SWAMP,2846,Calare,"", 
NSW,PIPERS FLAT,2847,Calare,"",PORTLAND
NSW,PORTLAND,2847,Calare,"", 
NSW,BROGANS CREEK,2848,Calare,"", 
NSW,CHARBON,2848,Calare,"", 
NSW,CLANDULLA,2848,Calare,"", 
NSW,KANDOS,2848,Calare,"", 
NSW,BOGEE,2849,Calare,"", 
NSW,BREAKFAST CREEK,2849,Calare,"", 
NSW,BUDDEN,2849,Calare,"", 
NSW,BYLONG,2849,Calare,"", 
NSW,CAMBOON,2849,Calare,"", 
NSW,CARWELL,2849,Calare,"", 
NSW,COGGAN,2849,Calare,"", 
NSW,COXS CREEK,2849,Calare,"", 
NSW,COXS CROWN,2849,Calare,"", 
NSW,DABEE,2849,Calare,"", 
NSW,DUNGEREE,2849,Calare,"", 
NSW,DUNVILLE LOOP,2849,Calare,"", 
NSW,GINGHI,2849,Calare,"", 
NSW,GLEN ALICE,2849,Calare,"", 
NSW,GROWEE,2849,Calare,"", 
NSW,KELGOOLA,2849,Calare,"", 
NSW,LEE CREEK,2849,Calare,"", 
NSW,MOUNT MARSDEN,2849,Calare,"", 
NSW,MURRUMBO,2849,Calare,"", 
NSW,NULLO MOUNTAIN,2849,Calare,"", 
NSW,OLINDA,2849,Calare,"", 
NSW,PINNACLE SWAMP,2849,Calare,"", 
NSW,RYLSTONE,2849,Calare,"", 
NSW,UPPER BYLONG,2849,Calare,"", 
NSW,UPPER GROWEE,2849,Calare,"", 
NSW,UPPER NILE,2849,Calare,"", 
NSW,AARONS PASS,2850,Calare,"", 
NSW,APPLE TREE FLAT,2850,Calare,"", 
NSW,AVISFORD,2850,Calare,"", 
NSW,BARA,2850,Calare,"", 
NSW,BARIGAN,2850,Calare,"", 
NSW,BEN BUCKLEY,2850,Calare,"", 
NSW,BOCOBLE,2850,Calare,"", 
NSW,BOMBIRA,2850,Calare,"", 
NSW,BOTOBOLAR,2850,Calare,"", 
NSW,BUCKAROO,2850,Calare,"", 
NSW,BUDGEE BUDGEE,2850,Calare,"", 
NSW,BURRUNDULLA,2850,Calare,"", 
NSW,CAERLEON,2850,Calare,"", 
NSW,CANADIAN LEAD,2850,Calare,"", 
NSW,CARCALGONG,2850,Calare,"", 
NSW,COLLINGWOOD,2850,Calare,"", 
NSW,COOKS GAP,2850,Calare,"", 
NSW,COOYAL,2850,Calare,"", 
NSW,CROSS ROADS,2850,Calare,"", 
NSW,CUDGEGONG,2850,Calare,"", 
NSW,CULLENBONE,2850,Calare,"", 
NSW,CUMBO,2850,Calare,"", 
NSW,ERUDGERE,2850,Calare,"", 
NSW,EURUNDEREE,2850,Calare,"", 
NSW,FROG ROCK,2850,Calare,"", 
NSW,GALAMBINE,2850,Calare,"", 
NSW,GRATTAI,2850,Calare,"", 
NSW,GREEN GULLY,2850,Calare,"", 
NSW,HARGRAVES,2850,Calare,"", 
NSW,HAVILAH,2850,Calare,"", 
NSW,HAYES GAP,2850,Calare,"", 
NSW,HILL END,2850,Calare,"", 
NSW,HOME RULE,2850,Calare,"", 
NSW,ILFORD,2850,Calare,"", 
NSW,KAINS FLAT,2850,Calare,"", 
NSW,LINBURN,2850,Calare,"", 
NSW,LUE,2850,Calare,"", 
NSW,MAITLAND BAR,2850,Calare,"", 
NSW,MENAH,2850,Calare,"", 
NSW,MEROO,2850,Calare,"", 
NSW,MILROY,2850,Calare,"", 
NSW,MOGO,2850,Calare,"", 
NSW,MONIVAE,2850,Calare,"", 
NSW,MOOLARBEN,2850,Calare,"", 
NSW,MOUNT FROME,2850,Calare,"", 
NSW,MOUNT KNOWLES,2850,Calare,"", 
NSW,MUDGEE,2850,Calare,"", 
NSW,MULLAMUDDY,2850,Calare,"", 
NSW,MUNGHORN,2850,Calare,"", 
NSW,PIAMBONG,2850,Calare,"", 
NSW,PUTTA BUCCA,2850,Calare,"", 
NSW,PYANGLE,2850,Calare,"", 
NSW,PYRAMUL,2850,Calare,"", 
NSW,QUEENS PINCH,2850,Calare,"", 
NSW,RIVERLEA,2850,Calare,"", 
NSW,RUNNING STREAM,2850,Calare,"", 
NSW,SALLYS FLAT,2850,Calare,"", 
NSW,SPRING FLAT,2850,Calare,"", 
NSW,ST FILLANS,2850,Calare,"", 
NSW,STONY CREEK,2850,Calare,"", 
NSW,TAMBAROORA,2850,Calare,"", 
NSW,TICHULAR,2850,Calare,"", 
NSW,TOTNES VALLEY,2850,Calare,"", 
NSW,TRIAMBLE,2850,Calare,"", 
NSW,TURILL,2850,Calare,"", 
NSW,TURILL,2850,New England,"", 
NSW,TWELVE MILE,2850,Calare,"", 
NSW,TWO MILE FLAT,2850,Calare,"", 
NSW,ULAN,2850,Calare,"", 
NSW,ULLAMALLA,2850,Calare,"", 
NSW,WILBETREE,2850,Calare,"", 
NSW,WILPINJONG,2850,Calare,"", 
NSW,WINDEYER,2850,Calare,"", 
NSW,WOLLAR,2850,Calare,"", 
NSW,WORLDS END,2850,Calare,"", 
NSW,YARRABIN,2850,Calare,"", 
NSW,YARRAWONGA,2850,Calare,"", 
NSW,BARNEYS REEF,2852,Calare,"", 
NSW,BERYL,2852,Calare,"", 
NSW,BUNGABA,2852,Calare,"", 
NSW,COPE,2852,Calare,"", 
NSW,CUMBANDRY,2852,Calare,"", 
NSW,GOOLMA,2852,Calare,"", 
NSW,GOOLMA,2852,Parkes,"", 
NSW,GULGONG,2852,Calare,"", 
NSW,GUNTAWANG,2852,Calare,"", 
NSW,MEBUL,2852,Calare,"", 
NSW,MEROTHERIE,2852,Calare,"", 
NSW,STUBBO,2852,Calare,"", 
NSW,TALLAWANG,2852,Calare,"", 
NSW,TWO MILE FLAT,2852,Calare,"", 
NSW,BOREE,2864,Calare,"", 
NSW,BOWAN PARK,2864,Calare,"", 
NSW,CUDAL,2864,Calare,"", 
NSW,MURGA,2864,Calare,"", 
NSW,TOOGONG,2864,Calare,"", 
NSW,BOCOBRA,2865,Calare,"", 
NSW,GUMBLE,2865,Calare,"", 
NSW,MANILDRA,2865,Calare,"", 
NSW,AMAROO,2866,Calare,"", 
NSW,BOOMEY,2866,Calare,"", 
NSW,CUNDUMBUL,2866,Calare,"", 
NSW,EUCHAREENA,2866,Calare,"", 
NSW,GARRA,2866,Calare,"", 
NSW,LARRAS LEE,2866,Calare,"", 
NSW,MOLONG,2866,Calare,"", 
NSW,BALDRY,2867,Calare,"", 
NSW,CUMNOCK,2867,Calare,"", 
NSW,EURIMBLA,2867,Calare,"", 
NSW,YULLUNDRY,2867,Calare,"", 
NSW,BOURNEWOOD,2868,Calare,"", 
NSW,LOOMBAH,2868,Calare,"", 
NSW,NORTH YEOVAL,2868,Calare,"", 
NSW,OBLEY,2868,Calare,"", 
NSW,YEOVAL,2868,Calare,"", 
NSW,PEAK HILL,2869,Riverina,"", 
NSW,TOMINGLEY,2869,Parkes,"", 
NSW,TREWILGA,2869,Riverina,"", 
NSW,ALECTOWN,2870,Riverina,"", 
NSW,BUMBERRY,2870,Calare,"", 
NSW,COOKAMIDGERA,2870,Riverina,"", 
NSW,COOKS MYALLS,2870,Riverina,"", 
NSW,DAROOBALGIE,2870,Riverina,"", 
NSW,GOONUMBLA,2870,Riverina,"", 
NSW,MANDAGERY,2870,Calare,"", 
NSW,MANDAGERY,2870,Riverina,"", 
NSW,PARKES,2870,Riverina,"", 
NSW,PARKESBOROUGH,2870,Riverina,"", 
NSW,TICHBORNE,2870,Riverina,"", 
NSW,BEDGERABONG,2871,Riverina,"", 
NSW,CORINELLA,2871,Parkes,"", 
NSW,CORINELLA,2871,Riverina,"", 
NSW,FORBES,2871,Riverina,"", 
NSW,GAREMA,2871,Riverina,"", 
NSW,GUNNING GAP,2871,Riverina,"", 
NSW,JEMALONG,2871,Riverina,"", 
NSW,MULYANDRY,2871,Riverina,"", 
NSW,OOMA,2871,Riverina,"", 
NSW,PAYTENS BRIDGE,2871,Riverina,"", 
NSW,WARROO,2871,Parkes,"", 
NSW,WARROO,2871,Riverina,"", 
NSW,WIRRINYA,2871,Riverina,"", 
NSW,ALBERT,2873,Parkes,"", 
NSW,FIVE WAYS,2873,Parkes,"", 
NSW,MIAMLEY,2873,Parkes,"", 
NSW,TOTTENHAM,2873,Parkes,"", 
NSW,BOONA MOUNT,2874,Parkes,"", 
NSW,TULLAMORE,2874,Parkes,"", 
NSW,TULLAMORE,2874,Riverina,"", 
NSW,BRUIE PLAINS,2875,Riverina,"", 
NSW,FIFIELD,2875,Parkes,"", 
NSW,KADUNGLE,2875,Riverina,"",TRUNDLE
NSW,OOTHA,2875,Parkes,"", 
NSW,OOTHA,2875,Riverina,"", 
NSW,TRUNDLE,2875,Riverina,"", 
NSW,YARRABANDAI,2875,Riverina,"", 
NSW,BOGAN GATE,2876,Riverina,"", 
NSW,GUNNINGBLAND,2876,Riverina,"", 
NSW,NELUNGALOO,2876,Riverina,"", 
NSW,BOBADAH,2877,Parkes,"", 
NSW,CONDOBOLIN,2877,Parkes,"", 
NSW,DERRIWONG,2877,Parkes,"", 
NSW,DERRIWONG,2877,Riverina,"", 
NSW,EREMERANG,2877,Parkes,"", 
NSW,EUABALONG,2877,Parkes,"", 
NSW,EUABALONG WEST,2877,Parkes,"", 
NSW,FAIRHOLME,2877,Parkes,"", 
NSW,KIACATOO,2877,Parkes,"", 
NSW,MOUNT HOPE,2877,Parkes,"", 
NSW,MULGUTHRIE,2877,Riverina,"", 
NSW,CONOBLE,2878,Parkes,"", 
NSW,IVANHOE,2878,Farrer,"", 
NSW,IVANHOE,2878,Parkes,"", 
NSW,MOSSGIEL,2878,Farrer,"", 
NSW,MOSSGIEL,2878,Parkes,"", 
NSW,MENINDEE,2879,Parkes,"", 
NSW,SUNSET STRIP,2879,Parkes,"", 
NSW,BROKEN HILL,2880,Parkes,"", 
NSW,BROUGHAMS GATE,2880,Parkes,"", 
NSW,FOWLERS GAP,2880,Parkes,"", 
NSW,LITTLE TOPAR,2880,Parkes,"", 
NSW,MILPARINKA,2880,Parkes,"", 
NSW,MUTAWINTJI,2880,Parkes,"", 
NSW,PACKSADDLE,2880,Parkes,"", 
NSW,SILVERTON,2880,Parkes,"", 
NSW,TIBOOBURRA,2880,Parkes,"", 
ACT,NORFOLK ISLAND,2899,Bean,"", 
ACT,GREENWAY,2900,Bean,"", 
ACT,KAMBAH,2902,Bean,"", 
ACT,OXLEY,2903,Bean,"", 
ACT,WANNIASSA,2903,Bean,"", 
ACT,FADDEN,2904,Bean,"", 
ACT,GOWRIE,2904,Bean,"", 
ACT,MACARTHUR,2904,Bean,"", 
ACT,MONASH,2904,Bean,"", 
ACT,BONYTHON,2905,Bean,"", 
ACT,CALWELL,2905,Bean,"", 
ACT,CHISHOLM,2905,Bean,"", 
ACT,GILMORE,2905,Bean,"", 
ACT,ISABELLA PLAINS,2905,Bean,"", 
ACT,RICHARDSON,2905,Bean,"", 
ACT,THEODORE,2905,Bean,"", 
ACT,BANKS,2906,Bean,"", 
ACT,CONDER,2906,Bean,"", 
ACT,GORDON,2906,Bean,"", 
ACT,CRACE,2911,Fenner,"", 
ACT,MITCHELL,2911,Fenner,"", 
ACT,GUNGAHLIN,2912,Fenner,"", 
ACT,GUNGAHLIN DISTRICT,2912,Fenner,"", 
ACT,CASEY,2913,Fenner,"", 
ACT,FRANKLIN,2913,Fenner,"", 
ACT,NGUNNAWAL,2913,Fenner,"", 
ACT,NICHOLLS,2913,Fenner,"", 
ACT,PALMERSTON,2913,Fenner,"", 
ACT,TAYLOR,2913,Fenner,"", 
ACT,AMAROO,2914,Fenner,"", 
ACT,BONNER,2914,Fenner,"", 
ACT,FORDE,2914,Fenner,"", 
ACT,HARRISON,2914,Fenner,"", 
ACT,JACKA,2914,Fenner,"", 
ACT,MONCRIEFF,2914,Fenner,"", 
ACT,THROSBY,2914,Fenner,"", 
VIC,MELBOURNE,3000,Melbourne,"", 
VIC,EAST MELBOURNE,3002,Melbourne,"", 
VIC,WEST MELBOURNE,3003,Melbourne,"", 
VIC,MELBOURNE,3004,Macnamara,"", 
VIC,SOUTH WHARF,3006,Macnamara,"", 
VIC,SOUTHBANK,3006,Macnamara,"", 
VIC,DOCKLANDS,3008,Macnamara,"", 
VIC,DOCKLANDS,3008,Melbourne,"", 
VIC,FOOTSCRAY,3011,Fraser,"", 
VIC,SEDDON,3011,Fraser,"", 
VIC,BROOKLYN,3012,Fraser,"", 
VIC,BROOKLYN,3012,Gellibrand,"", 
VIC,KINGSVILLE,3012,Fraser,"", 
VIC,MAIDSTONE,3012,Fraser,"", 
VIC,TOTTENHAM,3012,Fraser,"", 
VIC,WEST FOOTSCRAY,3012,Fraser,"", 
VIC,KINGSVILLE WEST,3013,Gellibrand,"",SPOTSWOOD
VIC,YARRAVILLE,3013,Fraser,"", 
VIC,YARRAVILLE,3013,Gellibrand,"", 
VIC,NEWPORT,3015,Gellibrand,"", 
VIC,SOUTH KINGSVILLE,3015,Gellibrand,"", 
VIC,SPOTSWOOD,3015,Gellibrand,"", 
VIC,WILLIAMSTOWN,3016,Gellibrand,"", 
VIC,WILLIAMSTOWN NORTH,3016,Gellibrand,"", 
VIC,ALTONA,3018,Gellibrand,"", 
VIC,SEAHOLME,3018,Gellibrand,"", 
VIC,BRAYBROOK,3019,Fraser,"", 
VIC,ALBION,3020,Fraser,"", 
VIC,SUNSHINE,3020,Fraser,"", 
VIC,SUNSHINE NORTH,3020,Fraser,"", 
VIC,SUNSHINE WEST,3020,Fraser,"", 
VIC,ALBANVALE,3021,Gorton,"", 
VIC,KEALBA,3021,Fraser,"", 
VIC,KINGS PARK,3021,Gorton,"", 
VIC,ST ALBANS,3021,Fraser,"", 
VIC,ARDEER,3022,Fraser,"", 
VIC,BURNSIDE,3023,Gorton,"", 
VIC,BURNSIDE HEIGHTS,3023,Gorton,"", 
VIC,CAIRNLEA,3023,Fraser,"", 
VIC,CAROLINE SPRINGS,3023,Gorton,"", 
VIC,DEER PARK,3023,Fraser,"", 
VIC,DEER PARK,3023,Gorton,"", 
VIC,DEER PARK NORTH,3023,Fraser,"",DEER PARK
VIC,DEER PARK NORTH,3023,Gorton,"",DEER PARK
VIC,RAVENHALL,3023,Gorton,"", 
VIC,FIELDSTONE,3024,Gorton,"", 
VIC,MAMBOURIN,3024,Lalor,"", 
VIC,MANOR LAKES,3024,Lalor,"", 
VIC,MOUNT COTTRELL,3024,Gorton,"", 
VIC,MOUNT COTTRELL,3024,Hawke,"", 
VIC,MOUNT COTTRELL,3024,Lalor,"", 
VIC,WYNDHAM GREEN,3024,Lalor,"",WYNDHAM VALE
VIC,WYNDHAM VALE,3024,Lalor,"", 
VIC,ALTONA EAST,3025,Gellibrand,"",ALTONA NORTH
VIC,ALTONA GATE,3025,Gellibrand,"",ALTONA NORTH
VIC,ALTONA NORTH,3025,Gellibrand,"", 
VIC,DERRIMUT,3026,Fraser,"", 
VIC,DERRIMUT,3026,Gorton,"", 
VIC,LAVERTON NORTH,3026,Gellibrand,"", 
VIC,LAVERTON RAAF,3027,Gellibrand,"",LAVERTON
VIC,POINT COOK RAAF,3027,Gellibrand,"",POINT COOK
VIC,POINT COOK RAAF,3027,Lalor,"",POINT COOK
VIC,WILLIAMS LANDING,3027,Lalor,"", 
VIC,ALTONA MEADOWS,3028,Gellibrand,"", 
VIC,LAVERTON,3028,Gellibrand,"", 
VIC,LAVERTON SOUTH,3028,Gellibrand,"",ALTONA MEADOWS
VIC,SEABROOK,3028,Gellibrand,"", 
VIC,WESTERN GARDENS,3028,Gellibrand,"",SEABROOK
VIC,HOPPERS CROSSING,3029,Lalor,"", 
VIC,TARNEIT,3029,Lalor,"", 
VIC,TRUGANINA,3029,Gellibrand,"", 
VIC,TRUGANINA,3029,Gorton,"", 
VIC,TRUGANINA,3029,Lalor,"", 
VIC,POINT COOK,3030,Gellibrand,"", 
VIC,POINT COOK,3030,Lalor,"", 
VIC,QUANDONG,3030,Lalor,"", 
VIC,SANCTUARY LAKES,3030,Gellibrand,"",POINT COOK
VIC,SANCTUARY LAKES,3030,Lalor,"",POINT COOK
VIC,WERRIBEE,3030,Lalor,"", 
VIC,WERRIBEE SOUTH,3030,Lalor,"", 
VIC,FLEMINGTON,3031,Maribyrnong,"", 
VIC,KENSINGTON,3031,Maribyrnong,"", 
VIC,KENSINGTON SOUTH,3031,Maribyrnong,"",KENSINGTON
VIC,ASCOT VALE,3032,Maribyrnong,"", 
VIC,MARIBYRNONG,3032,Fraser,"", 
VIC,TRAVANCORE,3032,Maribyrnong,"", 
VIC,KEILOR EAST,3033,Maribyrnong,"", 
VIC,AVONDALE HEIGHTS,3034,Maribyrnong,"", 
VIC,KEILOR,3036,Gorton,"", 
VIC,KEILOR,3036,Maribyrnong,"", 
VIC,KEILOR NORTH,3036,Gorton,"", 
VIC,DELAHEY,3037,Gorton,"", 
VIC,HILLSIDE,3037,Gorton,"", 
VIC,HILLSIDE,3037,Hawke,"", 
VIC,SYDENHAM,3037,Gorton,"", 
VIC,TAYLORS HILL,3037,Gorton,"", 
VIC,KEILOR DOWNS,3038,Gorton,"", 
VIC,KEILOR LODGE,3038,Gorton,"", 
VIC,TAYLORS LAKES,3038,Gorton,"", 
VIC,MOONEE PONDS,3039,Maribyrnong,"", 
VIC,ABERFELDIE,3040,Maribyrnong,"", 
VIC,ESSENDON,3040,Maribyrnong,"", 
VIC,ESSENDON WEST,3040,Maribyrnong,"", 
VIC,ESSENDON FIELDS,3041,Maribyrnong,"", 
VIC,ESSENDON NORTH,3041,Maribyrnong,"", 
VIC,STRATHMORE,3041,Maribyrnong,"", 
VIC,STRATHMORE HEIGHTS,3041,Maribyrnong,"", 
VIC,AIRPORT WEST,3042,Maribyrnong,"", 
VIC,KEILOR PARK,3042,Maribyrnong,"", 
VIC,NIDDRIE,3042,Maribyrnong,"", 
VIC,GLADSTONE PARK,3043,Maribyrnong,"", 
VIC,GOWANBRAE,3043,Maribyrnong,"", 
VIC,TULLAMARINE,3043,Maribyrnong,"", 
VIC,PASCOE VALE,3044,Wills,"", 
VIC,PASCOE VALE SOUTH,3044,Wills,"", 
VIC,MELBOURNE AIRPORT,3045,Maribyrnong,"", 
VIC,GLENROY,3046,Wills,"", 
VIC,HADFIELD,3046,Wills,"", 
VIC,OAK PARK,3046,Wills,"", 
VIC,BROADMEADOWS,3047,Calwell,"", 
VIC,DALLAS,3047,Calwell,"", 
VIC,JACANA,3047,Calwell,"", 
VIC,UPFIELD,3047,Calwell,"",DALLAS
VIC,COOLAROO,3048,Calwell,"", 
VIC,MEADOW HEIGHTS,3048,Calwell,"", 
VIC,ATTWOOD,3049,Calwell,"", 
VIC,WESTMEADOWS,3049,Calwell,"", 
VIC,NORTH MELBOURNE,3051,Melbourne,"", 
VIC,PARKVILLE,3052,Melbourne,"", 
VIC,CARLTON,3053,Melbourne,"", 
VIC,CARLTON NORTH,3054,Melbourne,"", 
VIC,NORTH CARLTON,3054,Melbourne,"",CARLTON NORTH
VIC,PRINCES HILL,3054,Melbourne,"", 
VIC,BRUNSWICK WEST,3055,Wills,"", 
VIC,BRUNSWICK,3056,Wills,"", 
VIC,JEWELL,3056,Wills,"",BRUNSWICK
VIC,BRUNSWICK EAST,3057,Melbourne,"", 
VIC,BRUNSWICK EAST,3057,Wills,"", 
VIC,SUMNER,3057,Melbourne,"",BRUNSWICK EAST
VIC,SUMNER,3057,Wills,"",BRUNSWICK EAST
VIC,COBURG,3058,Cooper,"", 
VIC,COBURG,3058,Wills,"", 
VIC,COBURG NORTH,3058,Cooper,"", 
VIC,COBURG NORTH,3058,Wills,"", 
VIC,MERLYNSTON,3058,Cooper,"",COBURG
VIC,MERLYNSTON,3058,Wills,"",COBURG
VIC,MORELAND,3058,Cooper,"",COBURG
VIC,MORELAND,3058,Wills,"",COBURG
VIC,GREENVALE,3059,Calwell,"", 
VIC,FAWKNER,3060,Calwell,"", 
VIC,FAWKNER,3060,Wills,"", 
VIC,CAMPBELLFIELD,3061,Calwell,"", 
VIC,SOMERTON,3062,Calwell,"", 
VIC,OAKLANDS JUNCTION,3063,Calwell,"", 
VIC,OAKLANDS JUNCTION,3063,Hawke,"", 
VIC,YUROKE,3063,Calwell,"", 
VIC,CRAIGIEBURN,3064,Calwell,"", 
VIC,DONNYBROOK,3064,McEwen,"", 
VIC,KALKALLO,3064,Calwell,"", 
VIC,MICKLEHAM,3064,Calwell,"", 
VIC,ROXBURGH PARK,3064,Calwell,"", 
VIC,FITZROY,3065,Melbourne,"", 
VIC,COLLINGWOOD,3066,Melbourne,"", 
VIC,ABBOTSFORD,3067,Melbourne,"", 
VIC,CLIFTON HILL,3068,Melbourne,"", 
VIC,FITZROY NORTH,3068,Melbourne,"", 
VIC,FITZROY NORTH,3068,Wills,"", 
VIC,MERRI,3068,Melbourne,"",FITZROY
VIC,MERRI,3068,Cooper,"",NORTHCOTE
VIC,NORTH FITZROY,3068,Melbourne,"",FITZROY NORTH
VIC,NORTH FITZROY,3068,Wills,"",FITZROY NORTH
VIC,CROXTON,3070,Cooper,"",THORNBURY
VIC,DENNIS,3070,Cooper,"",NORTHCOTE
VIC,NORTHCOTE,3070,Cooper,"", 
VIC,WESTGARTH,3070,Cooper,"",NORTHCOTE
VIC,THORNBURY,3071,Cooper,"", 
VIC,BELL,3072,Cooper,"",PRESTON
VIC,PRESTON,3072,Cooper,"", 
VIC,PRESTON SOUTH,3072,Cooper,"",PRESTON
VIC,PRESTON WEST,3072,Cooper,"",PRESTON
VIC,KEON PARK,3073,Cooper,"",RESERVOIR
VIC,REGENT,3073,Cooper,"",RESERVOIR
VIC,RESERVOIR,3073,Cooper,"", 
VIC,THOMASTOWN,3074,Scullin,"", 
VIC,LALOR,3075,Scullin,"", 
VIC,EPPING,3076,Scullin,"", 
VIC,ALPHINGTON,3078,Cooper,"", 
VIC,FAIRFIELD,3078,Cooper,"", 
VIC,IVANHOE,3079,Jagajaga,"", 
VIC,IVANHOE EAST,3079,Jagajaga,"", 
VIC,BELLFIELD,3081,Jagajaga,"", 
VIC,HEIDELBERG HEIGHTS,3081,Jagajaga,"", 
VIC,HEIDELBERG WEST,3081,Jagajaga,"", 
VIC,BLOSSOM PARK,3082,Scullin,"",MILL PARK
VIC,MILL PARK,3082,Scullin,"", 
VIC,BUNDOORA,3083,Cooper,"", 
VIC,BUNDOORA,3083,Jagajaga,"", 
VIC,BUNDOORA,3083,Scullin,"", 
VIC,KINGSBURY,3083,Cooper,"", 
VIC,UNIVERSITY HILL,3083,Cooper,"",BUNDOORA
VIC,UNIVERSITY HILL,3083,Jagajaga,"",BUNDOORA
VIC,UNIVERSITY HILL,3083,Scullin,"",BUNDOORA
VIC,EAGLEMONT,3084,Jagajaga,"", 
VIC,HEIDELBERG,3084,Jagajaga,"", 
VIC,ROSANNA,3084,Jagajaga,"", 
VIC,VIEWBANK,3084,Jagajaga,"", 
VIC,MACLEOD,3085,Cooper,"", 
VIC,MACLEOD,3085,Jagajaga,"", 
VIC,YALLAMBIE,3085,Jagajaga,"", 
VIC,WATSONIA,3087,Jagajaga,"", 
VIC,WATSONIA NORTH,3087,Jagajaga,"", 
VIC,BRIAR HILL,3088,Jagajaga,"", 
VIC,GREENSBOROUGH,3088,Jagajaga,"", 
VIC,ST HELENA,3088,Jagajaga,"", 
VIC,DIAMOND CREEK,3089,McEwen,"", 
VIC,PLENTY,3090,McEwen,"", 
VIC,YARRAMBAT,3091,McEwen,"", 
VIC,LOWER PLENTY,3093,Jagajaga,"", 
VIC,MONTMORENCY,3094,Jagajaga,"", 
VIC,ELTHAM,3095,Jagajaga,"", 
VIC,ELTHAM NORTH,3095,Jagajaga,"", 
VIC,RESEARCH,3095,Jagajaga,"", 
VIC,WATTLE GLEN,3096,McEwen,"", 
VIC,BEND OF ISLANDS,3097,McEwen,"", 
VIC,KANGAROO GROUND,3097,Jagajaga,"", 
VIC,KANGAROO GROUND,3097,McEwen,"", 
VIC,WATSONS CREEK,3097,Jagajaga,"", 
VIC,WATSONS CREEK,3097,McEwen,"", 
VIC,ARTHURS CREEK,3099,McEwen,"", 
VIC,COTTLES BRIDGE,3099,McEwen,"", 
VIC,HURSTBRIDGE,3099,McEwen,"", 
VIC,NUTFIELD,3099,McEwen,"", 
VIC,STRATHEWEN,3099,McEwen,"", 
VIC,KEW,3101,Kooyong,"", 
VIC,KEW EAST,3102,Kooyong,"", 
VIC,BALWYN,3103,Kooyong,"", 
VIC,DEEPDENE,3103,Kooyong,"", 
VIC,BALWYN NORTH,3104,Kooyong,"", 
VIC,BULLEEN,3105,Menzies,"", 
VIC,TEMPLESTOWE,3106,Menzies,"", 
VIC,LOWER TEMPLESTOWE,3107,Menzies,"",TEMPLESTOWE LOWER
VIC,TEMPLESTOWE LOWER,3107,Menzies,"", 
VIC,DONCASTER,3108,Menzies,"", 
VIC,DONCASTER EAST,3109,Menzies,"", 
VIC,EAST DONCASTER,3109,Menzies,"",DONCASTER EAST
VIC,DONVALE,3111,Menzies,"", 
VIC,NORTH WARRANDYTE,3113,Jagajaga,"", 
VIC,NORTH WARRANDYTE,3113,Menzies,"", 
VIC,WARRANDYTE,3113,Menzies,"", 
VIC,PARK ORCHARDS,3114,Deakin,"", 
VIC,PARK ORCHARDS,3114,Menzies,"", 
VIC,WONGA PARK,3115,Casey,"", 
VIC,WONGA PARK,3115,Deakin,"", 
VIC,WONGA PARK,3115,Menzies,"", 
VIC,CHIRNSIDE PARK,3116,Casey,"", 
VIC,BURNLEY,3121,Melbourne,"", 
VIC,CREMORNE,3121,Melbourne,"", 
VIC,RICHMOND,3121,Melbourne,"", 
VIC,HAWTHORN,3122,Kooyong,"", 
VIC,HAWTHORN EAST,3123,Higgins,"", 
VIC,HAWTHORN EAST,3123,Kooyong,"", 
VIC,CAMBERWELL,3124,Higgins,"", 
VIC,CAMBERWELL,3124,Kooyong,"", 
VIC,RIVERSDALE,3124,Higgins,"",CAMBERWELL
VIC,RIVERSDALE,3124,Kooyong,"",CAMBERWELL
VIC,BENNETTSWOOD,3125,Chisholm,"",BURWOOD
VIC,BURWOOD,3125,Chisholm,"", 
VIC,CANTERBURY,3126,Kooyong,"", 
VIC,MONT ALBERT,3127,Kooyong,"", 
VIC,SURREY HILLS,3127,Kooyong,"", 
VIC,BOX HILL,3128,Chisholm,"", 
VIC,BOX HILL,3128,Menzies,"", 
VIC,BOX HILL SOUTH,3128,Chisholm,"", 
VIC,WATTLE PARK,3128,Chisholm,"",BOX HILL SOUTH
VIC,BOX HILL NORTH,3129,Menzies,"", 
VIC,KERRIMUIR,3129,Menzies,"",BOX HILL NORTH
VIC,MONT ALBERT NORTH,3129,Kooyong,"", 
VIC,BLACKBURN,3130,Chisholm,"", 
VIC,BLACKBURN,3130,Deakin,"", 
VIC,BLACKBURN,3130,Menzies,"", 
VIC,BLACKBURN NORTH,3130,Menzies,"", 
VIC,BLACKBURN SOUTH,3130,Chisholm,"", 
VIC,BLACKBURN SOUTH,3130,Deakin,"", 
VIC,LABURNUM,3130,Chisholm,"",BLACKBURN
VIC,LABURNUM,3130,Deakin,"",BLACKBURN
VIC,LABURNUM,3130,Menzies,"",BLACKBURN
VIC,NORTH BLACKBURN,3130,Menzies,"",BLACKBURN NORTH
VIC,FOREST HILL,3131,Deakin,"", 
VIC,NUNAWADING,3131,Deakin,"", 
VIC,NUNAWADING,3131,Menzies,"", 
VIC,HEATHERDALE,3132,Deakin,"",MITCHAM
VIC,HEATHERDALE,3132,Menzies,"",MITCHAM
VIC,MITCHAM,3132,Deakin,"", 
VIC,MITCHAM,3132,Menzies,"", 
VIC,SOUTH VERMONT,3133,Deakin,"",VERMONT SOUTH
VIC,VERMONT,3133,Deakin,"", 
VIC,VERMONT SOUTH,3133,Deakin,"", 
VIC,NORTH RINGWOOD,3134,Deakin,"",RINGWOOD NORTH
VIC,NORTH RINGWOOD,3134,Menzies,"",RINGWOOD NORTH
VIC,RINGWOOD,3134,Deakin,"", 
VIC,RINGWOOD NORTH,3134,Deakin,"", 
VIC,RINGWOOD NORTH,3134,Menzies,"", 
VIC,SOUTH WARRANDYTE,3134,Menzies,"",WARRANDYTE SOUTH
VIC,WARRANDYTE SOUTH,3134,Menzies,"", 
VIC,WARRANWOOD,3134,Deakin,"", 
VIC,EAST RINGWOOD,3135,Deakin,"",RINGWOOD EAST
VIC,HEATHMONT,3135,Deakin,"", 
VIC,RINGWOOD EAST,3135,Deakin,"", 
VIC,CROYDON,3136,Deakin,"", 
VIC,CROYDON HILLS,3136,Deakin,"", 
VIC,CROYDON NORTH,3136,Deakin,"", 
VIC,CROYDON SOUTH,3136,Deakin,"", 
VIC,NORTH CROYDON,3136,Deakin,"",CROYDON NORTH
VIC,SOUTH CROYDON,3136,Deakin,"",CROYDON SOUTH
VIC,KILSYTH,3137,Casey,"", 
VIC,KILSYTH,3137,Deakin,"", 
VIC,KILSYTH SOUTH,3137,Deakin,"", 
VIC,SOUTH KILSYTH,3137,Deakin,"",KILSYTH SOUTH
VIC,MOOROOLBARK,3138,Casey,"", 
VIC,BEENAK,3139,Casey,"", 
VIC,DON VALLEY,3139,Casey,"", 
VIC,EAST SEVILLE,3139,Casey,"",SEVILLE EAST
VIC,EAST WANDIN,3139,Casey,"",WANDIN EAST
VIC,HODDLES CREEK,3139,Casey,"", 
VIC,LAUNCHING PLACE,3139,Casey,"", 
VIC,NORTH WANDIN,3139,Casey,"",WANDIN NORTH
VIC,SEVILLE,3139,Casey,"", 
VIC,SEVILLE EAST,3139,Casey,"", 
VIC,WANDIN EAST,3139,Casey,"", 
VIC,WANDIN NORTH,3139,Casey,"", 
VIC,WOORI YALLOCK,3139,Casey,"", 
VIC,YELLINGBO,3139,Casey,"", 
VIC,LILYDALE,3140,Casey,"", 
VIC,SOUTH YARRA,3141,Higgins,"", 
VIC,SOUTH YARRA,3141,Macnamara,"", 
VIC,HAWKSBURN,3142,Higgins,"",TOORAK
VIC,HEYINGTON,3142,Higgins,"",TOORAK
VIC,TOORAK,3142,Higgins,"", 
VIC,ARMADALE,3143,Higgins,"", 
VIC,KOOYONG,3144,Higgins,"", 
VIC,MALVERN,3144,Higgins,"", 
VIC,TOORONGA,3144,Higgins,"",MALVERN
VIC,CAULFIELD EAST,3145,Macnamara,"", 
VIC,CENTRAL PARK,3145,Higgins,"",MALVERN EAST
VIC,DARLING,3145,Higgins,"",MALVERN EAST
VIC,EAST CAULFIELD,3145,Macnamara,"",CAULFIELD EAST
VIC,MALVERN EAST,3145,Higgins,"", 
VIC,GLEN IRIS,3146,Higgins,"", 
VIC,GLEN IRIS,3146,Kooyong,"", 
VIC,ALAMEIN,3147,Higgins,"",ASHBURTON
VIC,ALAMEIN,3147,Kooyong,"",ASHBURTON
VIC,ASHBURTON,3147,Higgins,"", 
VIC,ASHBURTON,3147,Kooyong,"", 
VIC,ASHWOOD,3147,Chisholm,"", 
VIC,STOCKSVILLE,3147,Higgins,"",ASHBURTON
VIC,STOCKSVILLE,3147,Kooyong,"",ASHBURTON
VIC,CHADSTONE,3148,Chisholm,"", 
VIC,MOUNT WAVERLEY,3149,Chisholm,"", 
VIC,PINEWOOD,3149,Chisholm,"",MOUNT WAVERLEY
VIC,SYNDAL,3149,Chisholm,"",GLEN WAVERLEY
VIC,GLEN WAVERLEY,3150,Chisholm,"", 
VIC,SYNDAL EAST,3150,Chisholm,"",GLEN WAVERLEY
VIC,WHEELERS HILL,3150,Chisholm,"", 
VIC,BURWOOD EAST,3151,Chisholm,"", 
VIC,BURWOOD HEIGHTS,3151,Chisholm,"",BURWOOD EAST
VIC,EAST BURWOOD,3151,Chisholm,"",BURWOOD EAST
VIC,HARCREST,3152,Aston,"",WANTIRNA SOUTH
VIC,KNOX,3152,Aston,"",WANTIRNA SOUTH
VIC,STUDFIELD,3152,Aston,"",WANTIRNA SOUTH
VIC,WANTIRNA,3152,Aston,"", 
VIC,WANTIRNA SOUTH,3152,Aston,"", 
VIC,BAYSWATER,3153,Aston,"", 
VIC,BAYSWATER NORTH,3153,Deakin,"", 
VIC,NORTH BAYSWATER,3153,Deakin,"",BAYSWATER NORTH
VIC,THE BASIN,3154,Aston,"", 
VIC,BORONIA,3155,Aston,"", 
VIC,FERNTREE GULLY,3156,Aston,"", 
VIC,FERNTREE GULLY UPPER,3156,Aston,"",UPPER FERNTREE GULLY
VIC,FERNTREE GULLY UPPER,3156,Casey,"",UPPER FERNTREE GULLY
VIC,LYSTERFIELD,3156,Aston,"", 
VIC,LYSTERFIELD,3156,Casey,"", 
VIC,LYSTERFIELD SOUTH,3156,Bruce,"", 
VIC,MOUNTAIN GATE,3156,Aston,"",FERNTREE GULLY
VIC,SOUTH LYSTERFIELD,3156,Bruce,"",LYSTERFIELD SOUTH
VIC,UPPER FERNTREE GULLY,3156,Aston,"", 
VIC,UPPER FERNTREE GULLY,3156,Casey,"", 
VIC,UPWEY,3158,Casey,"", 
VIC,MENZIES CREEK,3159,Casey,"", 
VIC,SELBY,3159,Casey,"", 
VIC,BELGRAVE,3160,Casey,"", 
VIC,BELGRAVE HEIGHTS,3160,Casey,"", 
VIC,BELGRAVE SOUTH,3160,Casey,"", 
VIC,TECOMA,3160,Casey,"", 
VIC,CAULFIELD NORTH,3161,Macnamara,"", 
VIC,NORTH CAULFIELD,3161,Macnamara,"",CAULFIELD NORTH
VIC,CAULFIELD,3162,Macnamara,"", 
VIC,CAULFIELD SOUTH,3162,Goldstein,"", 
VIC,CARNEGIE,3163,Higgins,"", 
VIC,GLEN HUNTLY,3163,Goldstein,"", 
VIC,GLEN HUNTLY,3163,Macnamara,"", 
VIC,MURRUMBEENA,3163,Higgins,"", 
VIC,BENTLEIGH EAST,3165,Hotham,"", 
VIC,COATESVILLE,3165,Hotham,"",BENTLEIGH EAST
VIC,EAST BENTLEIGH,3165,Hotham,"",BENTLEIGH EAST
VIC,EAST OAKLEIGH,3166,Hotham,"",OAKLEIGH EAST
VIC,HUGHESDALE,3166,Hotham,"", 
VIC,HUNTINGDALE,3166,Hotham,"", 
VIC,OAKLEIGH,3166,Chisholm,"", 
VIC,OAKLEIGH,3166,Hotham,"", 
VIC,OAKLEIGH EAST,3166,Hotham,"", 
VIC,OAKLEIGH SOUTH,3167,Hotham,"", 
VIC,SOUTH OAKLEIGH,3167,Hotham,"",OAKLEIGH SOUTH
VIC,CLAYTON,3168,Chisholm,"", 
VIC,CLAYTON,3168,Hotham,"", 
VIC,NOTTING HILL,3168,Chisholm,"", 
VIC,CLARINDA,3169,Hotham,"", 
VIC,CLAYTON SOUTH,3169,Hotham,"", 
VIC,WESTALL,3169,Hotham,"",CLAYTON SOUTH
VIC,MULGRAVE,3170,Bruce,"", 
VIC,MULGRAVE,3170,Chisholm,"", 
VIC,MULGRAVE,3170,Hotham,"", 
VIC,WAVERLEY PARK,3170,Bruce,"",MULGRAVE
VIC,WAVERLEY PARK,3170,Chisholm,"",MULGRAVE
VIC,WAVERLEY PARK,3170,Hotham,"",MULGRAVE
VIC,SPRINGVALE,3171,Hotham,"", 
VIC,DINGLEY,3172,Isaacs,"",DINGLEY VILLAGE
VIC,DINGLEY VILLAGE,3172,Isaacs,"", 
VIC,SPRINGVALE SOUTH,3172,Hotham,"", 
VIC,KEYSBOROUGH,3173,Hotham,"", 
VIC,KEYSBOROUGH,3173,Isaacs,"", 
VIC,HARRISFIELD,3174,Bruce,"",NOBLE PARK
VIC,HARRISFIELD,3174,Hotham,"",NOBLE PARK
VIC,NOBLE PARK,3174,Bruce,"", 
VIC,NOBLE PARK,3174,Hotham,"", 
VIC,NOBLE PARK NORTH,3174,Bruce,"", 
VIC,NOBLE PARK NORTH,3174,Hotham,"", 
VIC,NORTH NOBLE PARK,3174,Bruce,"",NOBLE PARK NORTH
VIC,NORTH NOBLE PARK,3174,Hotham,"",NOBLE PARK NORTH
VIC,YARRAMAN,3174,Bruce,"",NOBLE PARK
VIC,YARRAMAN,3174,Hotham,"",NOBLE PARK
VIC,BANGHOLME,3175,Isaacs,"", 
VIC,DANDENONG,3175,Bruce,"", 
VIC,DANDENONG,3175,Isaacs,"", 
VIC,DANDENONG NORTH,3175,Bruce,"", 
VIC,DANDENONG SOUTH,3175,Isaacs,"", 
VIC,DANDENONG WEST,3175,Bruce,"",DANDENONG
VIC,DANDENONG WEST,3175,Isaacs,"",DANDENONG
VIC,LYNDALE,3175,Bruce,"",DANDENONG NORTH
VIC,NORTH DANDENONG,3175,Bruce,"",DANDENONG NORTH
VIC,DOVETON,3177,Bruce,"", 
VIC,EUMEMMERRING,3177,Bruce,"", 
VIC,ROWVILLE,3178,Aston,"", 
VIC,STUD PARK,3178,Aston,"",ROWVILLE
VIC,SCORESBY,3179,Aston,"", 
VIC,KNOXFIELD,3180,Aston,"", 
VIC,PRAHRAN,3181,Higgins,"", 
VIC,WINDSOR,3181,Higgins,"", 
VIC,WINDSOR,3181,Macnamara,"", 
VIC,ST KILDA,3182,Macnamara,"", 
VIC,ST KILDA WEST,3182,Macnamara,"", 
VIC,WEST ST KILDA,3182,Macnamara,"",ST KILDA WEST
VIC,BALACLAVA,3183,Macnamara,"", 
VIC,EAST ST KILDA,3183,Macnamara,"",ST KILDA EAST
VIC,ST KILDA EAST,3183,Macnamara,"", 
VIC,ELWOOD,3184,Macnamara,"", 
VIC,ELSTERNWICK,3185,Goldstein,"", 
VIC,ELSTERNWICK,3185,Macnamara,"", 
VIC,GARDENVALE,3185,Goldstein,"", 
VIC,RIPPONLEA,3185,Macnamara,"", 
VIC,BRIGHTON,3186,Goldstein,"", 
VIC,BRIGHTON EAST,3187,Goldstein,"", 
VIC,HAMPTON,3188,Goldstein,"", 
VIC,HAMPTON,3188,Holt,"", 
VIC,HAMPTON EAST,3188,Goldstein,"", 
VIC,MOORABBIN,3189,Isaacs,"", 
VIC,HIGHETT,3190,Goldstein,"", 
VIC,HIGHETT,3190,Isaacs,"", 
VIC,SANDRINGHAM,3191,Goldstein,"", 
VIC,CHELTENHAM,3192,Goldstein,"", 
VIC,CHELTENHAM,3192,Isaacs,"", 
VIC,BEAUMARIS,3193,Goldstein,"", 
VIC,BLACK ROCK,3193,Goldstein,"", 
VIC,MENTONE,3194,Isaacs,"", 
VIC,MOORABBIN AIRPORT,3194,Isaacs,"", 
VIC,ASPENDALE,3195,Isaacs,"", 
VIC,ASPENDALE GARDENS,3195,Isaacs,"", 
VIC,BRAESIDE,3195,Isaacs,"", 
VIC,MORDIALLOC,3195,Isaacs,"", 
VIC,PARKDALE,3195,Isaacs,"", 
VIC,WATERWAYS,3195,Isaacs,"", 
VIC,BONBEACH,3196,Isaacs,"", 
VIC,CHELSEA,3196,Isaacs,"", 
VIC,CHELSEA HEIGHTS,3196,Isaacs,"", 
VIC,EDITHVALE,3196,Isaacs,"", 
VIC,CARRUM,3197,Isaacs,"", 
VIC,PATTERSON LAKES,3197,Isaacs,"", 
VIC,SEAFORD,3198,Dunkley,"", 
VIC,FRANKSTON,3199,Dunkley,"", 
VIC,FRANKSTON SOUTH,3199,Dunkley,"", 
VIC,KARINGAL,3199,Dunkley,"",FRANKSTON
VIC,FRANKSTON NORTH,3200,Dunkley,"", 
VIC,CARRUM DOWNS,3201,Dunkley,"", 
VIC,HEATHERTON,3202,Isaacs,"", 
VIC,BENTLEIGH,3204,Goldstein,"", 
VIC,BENTLEIGH,3204,Hotham,"", 
VIC,MCKINNON,3204,Goldstein,"", 
VIC,MCKINNON,3204,Hotham,"", 
VIC,ORMOND,3204,Goldstein,"", 
VIC,ORMOND,3204,Higgins,"", 
VIC,ORMOND,3204,Hotham,"", 
VIC,PATTERSON,3204,Goldstein,"",BENTLEIGH
VIC,PATTERSON,3204,Hotham,"",BENTLEIGH
VIC,SOUTH MELBOURNE,3205,Macnamara,"", 
VIC,ALBERT PARK,3206,Macnamara,"", 
VIC,MIDDLE PARK,3206,Macnamara,"", 
VIC,FISHERMANS BEND,3207,Macnamara,"",PORT MELBOURNE
VIC,PORT MELBOURNE,3207,Macnamara,"", 
VIC,LITTLE RIVER,3211,Corio,"", 
VIC,LITTLE RIVER,3211,Lalor,"", 
VIC,AVALON,3212,Corio,"", 
VIC,LARA,3212,Corio,"", 
VIC,ANAKIE,3213,Ballarat,"", 
VIC,ANAKIE,3213,Corio,"", 
VIC,BATESFORD,3213,Corangamite,"", 
VIC,BATESFORD,3213,Corio,"", 
VIC,LOVELY BANKS,3213,Corio,"", 
VIC,MOORABOOL,3213,Corio,"", 
VIC,CORIO,3214,Corio,"", 
VIC,NORLANE,3214,Corio,"", 
VIC,NORLANE WEST,3214,Corio,"",NORLANE
VIC,NORTH SHORE,3214,Corio,"", 
VIC,BELL PARK,3215,Corio,"", 
VIC,BELL POST HILL,3215,Corio,"", 
VIC,DRUMCONDRA,3215,Corio,"", 
VIC,HAMLYN HEIGHTS,3215,Corio,"", 
VIC,NORTH GEELONG,3215,Corio,"", 
VIC,RIPPLESIDE,3215,Corio,"", 
VIC,BELMONT,3216,Corio,"", 
VIC,GROVEDALE,3216,Corangamite,"", 
VIC,HIGHTON,3216,Corangamite,"", 
VIC,HIGHTON,3216,Corio,"", 
VIC,MARSHALL,3216,Corangamite,"", 
VIC,WANDANA HEIGHTS,3216,Corangamite,"", 
VIC,WANDANA HEIGHTS,3216,Corio,"", 
VIC,WAURN PONDS,3216,Corangamite,"", 
VIC,ARMSTRONG CREEK,3217,Corangamite,"", 
VIC,CHARLEMONT,3217,Corangamite,"", 
VIC,FRESHWATER CREEK,3217,Corangamite,"", 
VIC,MOUNT DUNEED,3217,Corangamite,"", 
VIC,FYANSFORD,3218,Corio,"", 
VIC,GEELONG WEST,3218,Corio,"", 
VIC,HERNE HILL,3218,Corio,"", 
VIC,MANIFOLD HEIGHTS,3218,Corio,"", 
VIC,MURGHEBOLUC,3218,Corangamite,"", 
VIC,STONEHAVEN,3218,Corangamite,"", 
VIC,WEST GEELONG,3218,Corio,"",GEELONG WEST
VIC,BREAKWATER,3219,Corio,"", 
VIC,EAST GEELONG,3219,Corio,"", 
VIC,GEELONG EAST,3219,Corio,"",EAST GEELONG
VIC,NEWCOMB,3219,Corio,"", 
VIC,ST ALBANS PARK,3219,Corio,"", 
VIC,THOMSON,3219,Corio,"", 
VIC,WHITTINGTON,3219,Corio,"", 
VIC,GEELONG,3220,Corio,"", 
VIC,GEELONG SOUTH,3220,Corio,"",SOUTH GEELONG
VIC,NEWTOWN,3220,Corio,"", 
VIC,SOUTH GEELONG,3220,Corio,"", 
VIC,BARRABOOL,3221,Corangamite,"", 
VIC,CERES,3221,Corangamite,"", 
VIC,GNARWARRE,3221,Corangamite,"", 
VIC,CLIFTON SPRINGS,3222,Corangamite,"", 
VIC,CURLEWIS,3222,Corangamite,"", 
VIC,DRYSDALE,3222,Corangamite,"", 
VIC,MANNERIM,3222,Corangamite,"", 
VIC,MARCUS HILL,3222,Corangamite,"", 
VIC,WALLINGTON,3222,Corangamite,"", 
VIC,BELLARINE,3223,Corangamite,"", 
VIC,INDENTED HEAD,3223,Corangamite,"", 
VIC,INDENTED HEADS,3223,Corangamite,"",INDENTED HEAD
VIC,PORTARLINGTON,3223,Corangamite,"", 
VIC,ST LEONARDS,3223,Corangamite,"", 
VIC,LEOPOLD,3224,Corangamite,"", 
VIC,MOOLAP,3224,Corangamite,"", 
VIC,POINT LONSDALE,3225,Corangamite,"", 
VIC,QUEENSCLIFF,3225,Corangamite,"", 
VIC,SWAN BAY,3225,Corangamite,"", 
VIC,SWAN ISLAND,3225,Corangamite,"", 
VIC,COLLENDINA,3226,Corangamite,"",OCEAN GROVE
VIC,OCEAN GROVE,3226,Corangamite,"", 
VIC,BARWON HEADS,3227,Corangamite,"", 
VIC,BREAMLEA,3227,Corangamite,"", 
VIC,CONNEWARRE,3227,Corangamite,"", 
VIC,BELLBRAE,3228,Corangamite,"", 
VIC,BELLS BEACH,3228,Corangamite,"", 
VIC,JAN JUC,3228,Corangamite,"", 
VIC,TORQUAY,3228,Corangamite,"", 
VIC,ANGLESEA,3230,Wannon,"", 
VIC,POINT ADDIS,3230,Corangamite,"",BELLS BEACH
VIC,AIREYS INLET,3231,Wannon,"", 
VIC,BIG HILL,3231,Wannon,"", 
VIC,EASTERN VIEW,3231,Wannon,"", 
VIC,FAIRHAVEN,3231,Wannon,"", 
VIC,MOGGS CREEK,3231,Wannon,"", 
VIC,LORNE,3232,Wannon,"", 
VIC,APOLLO BAY,3233,Wannon,"", 
VIC,CAPE OTWAY,3233,Wannon,"", 
VIC,MARENGO,3233,Wannon,"", 
VIC,PETTICOAT CREEK,3233,Wannon,"", 
VIC,SKENES CREEK,3233,Wannon,"", 
VIC,SKENES CREEK NORTH,3233,Wannon,"", 
VIC,GREY RIVER,3234,Wannon,"", 
VIC,KENNETT RIVER,3234,Wannon,"", 
VIC,SEPARATION CREEK,3234,Wannon,"", 
VIC,SUGARLOAF,3234,Wannon,"", 
VIC,WONGARRA,3234,Wannon,"", 
VIC,WYE RIVER,3234,Wannon,"", 
VIC,BENWERRIN,3235,Wannon,"", 
VIC,BOONAH,3235,Wannon,"", 
VIC,DEANS MARSH,3235,Wannon,"", 
VIC,PENNYROYAL,3235,Wannon,"", 
VIC,FORREST,3236,Wannon,"", 
VIC,MT SABINE,3236,Wannon,"",BEECH FOREST
VIC,BEECH FOREST,3237,Wannon,"", 
VIC,CHARLEYS CREEK,3237,Wannon,"",BEECH FOREST
VIC,FERGUSON,3237,Wannon,"", 
VIC,GELLIBRAND LOWER,3237,Wannon,"", 
VIC,WATTLE HILL,3237,Wannon,"", 
VIC,WEEAPROINAH,3237,Wannon,"", 
VIC,WYELANGTA,3237,Wannon,"", 
VIC,YUULONG,3237,Wannon,"", 
VIC,GLENAIRE,3238,Wannon,"", 
VIC,HORDERN VALE,3238,Wannon,"", 
VIC,JOHANNA,3238,Wannon,"", 
VIC,LAVERS HILL,3238,Wannon,"", 
VIC,CARLISLE RIVER,3239,Wannon,"", 
VIC,CHAPPLE VALE,3239,Wannon,"", 
VIC,GELLIBRAND,3239,Wannon,"", 
VIC,KENNEDYS CREEK,3239,Wannon,"", 
VIC,BUCKLEY,3240,Corangamite,"", 
VIC,GHERANG,3240,Corangamite,"", 
VIC,MODEWARRE,3240,Corangamite,"", 
VIC,MORIAC,3240,Corangamite,"", 
VIC,MOUNT MORIAC,3240,Corangamite,"", 
VIC,PARAPARAP,3240,Corangamite,"", 
VIC,BAMBRA,3241,Wannon,"", 
VIC,OMBERSLEY,3241,Wannon,"", 
VIC,WENSLEYDALE,3241,Wannon,"", 
VIC,WINCHELSEA,3241,Wannon,"", 
VIC,WINCHELSEA SOUTH,3241,Wannon,"", 
VIC,WURDIBOLUC,3241,Corangamite,"", 
VIC,BIRREGURRA,3242,Wannon,"", 
VIC,BARWON DOWNS,3243,Wannon,"", 
VIC,MURROON,3243,Wannon,"", 
VIC,WARNCOORT,3243,Wannon,"", 
VIC,WHOOREL,3243,Wannon,"", 
VIC,ALVIE,3249,Wannon,"", 
VIC,BALINTORE,3249,Wannon,"", 
VIC,BARONGAROOK,3249,Wannon,"", 
VIC,BARONGAROOK WEST,3249,Wannon,"", 
VIC,BARRAMUNGA,3249,Wannon,"", 
VIC,CORAGULAC,3249,Wannon,"", 
VIC,CORUNNUN,3249,Wannon,"", 
VIC,DREEITE,3249,Wannon,"", 
VIC,DREEITE SOUTH,3249,Wannon,"", 
VIC,GERANGAMETE,3249,Wannon,"", 
VIC,IRREWARRA,3249,Wannon,"", 
VIC,IRREWILLIPE,3249,Wannon,"", 
VIC,IRREWILLIPE EAST,3249,Wannon,"", 
VIC,KAWARREN,3249,Wannon,"", 
VIC,LARPENT,3249,Wannon,"", 
VIC,NALANGIL,3249,Wannon,"", 
VIC,ONDIT,3249,Wannon,"", 
VIC,PIRRON YALLOCK,3249,Wannon,"", 
VIC,POMBORNEIT EAST,3249,Wannon,"", 
VIC,SWAN MARSH,3249,Wannon,"", 
VIC,TANYBRYN,3249,Wannon,"", 
VIC,WARRION,3249,Wannon,"", 
VIC,WOOL WOOL,3249,Wannon,"", 
VIC,YEO,3249,Wannon,"", 
VIC,YEODENE,3249,Wannon,"", 
VIC,COLAC,3250,Wannon,"", 
VIC,COLAC EAST,3250,Wannon,"", 
VIC,COLAC WEST,3250,Wannon,"", 
VIC,ELLIMINYT,3250,Wannon,"", 
VIC,BEEAC,3251,Wannon,"", 
VIC,CUNDARE,3251,Wannon,"", 
VIC,CUNDARE NORTH,3251,Wannon,"", 
VIC,EURACK,3251,Wannon,"", 
VIC,WEERING,3251,Wannon,"", 
VIC,COROROOKE,3254,Wannon,"", 
VIC,BOOKAAR,3260,Wannon,"", 
VIC,BOSTOCKS CREEK,3260,Wannon,"", 
VIC,BUNGADOR,3260,Wannon,"", 
VIC,CAMPERDOWN,3260,Wannon,"", 
VIC,CARPENDEIT,3260,Wannon,"", 
VIC,CHOCOLYN,3260,Wannon,"", 
VIC,CORADJIL,3260,Wannon,"",SIMPSON
VIC,GNOTUK,3260,Wannon,"", 
VIC,KARIAH,3260,Wannon,"", 
VIC,KOALLAH,3260,Wannon,"", 
VIC,LESLIE MANOR,3260,Wannon,"", 
VIC,POMBORNEIT,3260,Wannon,"", 
VIC,POMBORNEIT NORTH,3260,Wannon,"", 
VIC,SKIBO,3260,Wannon,"", 
VIC,SOUTH PURRUMBETE,3260,Wannon,"", 
VIC,STONYFORD,3260,Wannon,"", 
VIC,TANDAROOK,3260,Wannon,"", 
VIC,TANDAROOK SOUTH,3260,Wannon,"",COBDEN
VIC,TESBURY,3260,Wannon,"", 
VIC,WEERITE,3260,Wannon,"", 
VIC,TERANG,3264,Wannon,"", 
VIC,BOORCAN,3265,Wannon,"", 
VIC,CUDGEE,3265,Wannon,"", 
VIC,DIXIE,3265,Wannon,"", 
VIC,ECKLIN SOUTH,3265,Wannon,"", 
VIC,ELLERSLIE,3265,Wannon,"", 
VIC,FRAMLINGHAM,3265,Wannon,"", 
VIC,FRAMLINGHAM EAST,3265,Wannon,"", 
VIC,GARVOC,3265,Wannon,"", 
VIC,GLENORMISTON,3265,Wannon,"",GLENORMISTON NORTH
VIC,GLENORMISTON NORTH,3265,Wannon,"", 
VIC,GLENORMISTON SOUTH,3265,Wannon,"", 
VIC,KOLORA,3265,Wannon,"", 
VIC,LAANG,3265,Wannon,"", 
VIC,NOORAT,3265,Wannon,"", 
VIC,NOORAT EAST,3265,Wannon,"", 
VIC,PANMURE,3265,Wannon,"", 
VIC,TAROON,3265,Wannon,"", 
VIC,THE SISTERS,3265,Wannon,"", 
VIC,BULLAHARRE,3266,Wannon,"", 
VIC,COBDEN,3266,Wannon,"", 
VIC,COBRICO,3266,Wannon,"", 
VIC,ELINGAMITE,3266,Wannon,"", 
VIC,ELINGAMITE NORTH,3266,Wannon,"", 
VIC,GLENFYNE,3266,Wannon,"", 
VIC,JANCOURT,3266,Wannon,"", 
VIC,JANCOURT EAST,3266,Wannon,"", 
VIC,NAROGHID,3266,Wannon,"", 
VIC,SIMPSON,3266,Wannon,"", 
VIC,SCOTTS CREEK,3267,Wannon,"", 
VIC,AYRFORD,3268,Wannon,"", 
VIC,BRUCKNELL,3268,Wannon,"", 
VIC,COORIEMUNGLE,3268,Wannon,"", 
VIC,COWLEYS CREEK,3268,Wannon,"", 
VIC,CURDIES RIVER,3268,Wannon,"", 
VIC,CURDIEVALE,3268,Wannon,"", 
VIC,HEYTESBURY LOWER,3268,Wannon,"", 
VIC,NEWFIELD,3268,Wannon,"", 
VIC,NIRRANDA,3268,Wannon,"", 
VIC,NIRRANDA EAST,3268,Wannon,"", 
VIC,NIRRANDA SOUTH,3268,Wannon,"", 
VIC,NULLAWARRE,3268,Wannon,"", 
VIC,NULLAWARRE NORTH,3268,Wannon,"", 
VIC,PAARATTE,3268,Wannon,"", 
VIC,THE COVE,3268,Wannon,"", 
VIC,TIMBOON,3268,Wannon,"", 
VIC,TIMBOON WEST,3268,Wannon,"", 
VIC,PORT CAMPBELL,3269,Wannon,"", 
VIC,PRINCETOWN,3269,Wannon,"", 
VIC,WAARRE,3269,Wannon,"", 
VIC,PETERBOROUGH,3270,Wannon,"", 
VIC,DARLINGTON,3271,Wannon,"", 
VIC,DUNDONNELL,3271,Wannon,"", 
VIC,PURA PURA,3271,Wannon,"", 
VIC,MORTLAKE,3272,Wannon,"", 
VIC,WOORNDOO,3272,Wannon,"", 
VIC,HEXHAM,3273,Wannon,"", 
VIC,CARAMUT,3274,Wannon,"", 
VIC,MAILORS FLAT,3275,Wannon,"", 
VIC,MINJAH,3276,Wannon,"", 
VIC,WOOLSTHORPE,3276,Wannon,"", 
VIC,ALLANSFORD,3277,Wannon,"", 
VIC,MEPUNGA,3277,Wannon,"", 
VIC,MEPUNGA EAST,3277,Wannon,"", 
VIC,MEPUNGA WEST,3277,Wannon,"", 
VIC,NARINGAL,3277,Wannon,"", 
VIC,NARINGAL EAST,3277,Wannon,"", 
VIC,PURNIM,3278,Wannon,"", 
VIC,PURNIM WEST,3278,Wannon,"", 
VIC,BALLANGEICH,3279,Wannon,"", 
VIC,WANGOOM,3279,Wannon,"", 
VIC,DENNINGTON,3280,Wannon,"", 
VIC,WARRNAMBOOL,3280,Wannon,"", 
VIC,BUSHFIELD,3281,Wannon,"", 
VIC,GRASSMERE,3281,Wannon,"", 
VIC,WINSLOW,3281,Wannon,"", 
VIC,WOODFORD,3281,Wannon,"", 
VIC,GRASSMERE NORTH,3282,Wannon,"",GRASSMERE
VIC,ILLOWA,3282,Wannon,"", 
VIC,KOROIT,3282,Wannon,"", 
VIC,CROSSLEY,3283,Wannon,"", 
VIC,KILLARNEY,3283,Wannon,"", 
VIC,KIRKSTALL,3283,Wannon,"", 
VIC,SOUTHERN CROSS,3283,Wannon,"", 
VIC,TARRONE,3283,Wannon,"", 
VIC,TOWER HILL,3283,Wannon,"", 
VIC,WARRONG,3283,Wannon,"", 
VIC,WILLATOOK,3283,Wannon,"", 
VIC,YANGERY,3283,Wannon,"", 
VIC,YARPTURK,3283,Wannon,"", 
VIC,ORFORD,3284,Wannon,"", 
VIC,PORT FAIRY,3284,Wannon,"", 
VIC,CODRINGTON,3285,Wannon,"", 
VIC,NARRAWONG,3285,Wannon,"", 
VIC,ROSEBROOK,3285,Wannon,"", 
VIC,ST HELENS,3285,Wannon,"", 
VIC,TOOLONG,3285,Wannon,"", 
VIC,TYRENDARRA,3285,Wannon,"", 
VIC,TYRENDARRA EAST,3285,Wannon,"", 
VIC,YAMBUK,3285,Wannon,"", 
VIC,CONDAH SWAMP,3286,Wannon,"", 
VIC,KNEBSWORTH,3286,Wannon,"", 
VIC,MACARTHUR,3286,Wannon,"", 
VIC,RIPPONHURST,3286,Wannon,"",MACARTHUR
VIC,WARRABKOOK,3286,Wannon,"", 
VIC,HAWKESDALE,3287,Wannon,"", 
VIC,MINHAMITE,3287,Wannon,"", 
VIC,GAZETTE,3289,Wannon,"", 
VIC,GERRIGERRUP,3289,Wannon,"", 
VIC,PENSHURST,3289,Wannon,"", 
VIC,PURDEET,3289,Wannon,"", 
VIC,TABOR,3289,Wannon,"", 
VIC,NELSON,3292,Wannon,"", 
VIC,GLENTHOMPSON,3293,Wannon,"", 
VIC,NAREEB,3293,Wannon,"", 
VIC,NARRAPUMELAP SOUTH,3293,Wannon,"", 
VIC,DUNKELD,3294,Wannon,"", 
VIC,KARABEAL,3294,Wannon,"", 
VIC,MIRRANATWA,3294,Wannon,"", 
VIC,MOUTAJUP,3294,Wannon,"", 
VIC,VICTORIA POINT,3294,Wannon,"", 
VIC,VICTORIA VALLEY,3294,Wannon,"", 
VIC,WOODHOUSE,3294,Wannon,"", 
VIC,BYADUK NORTH,3300,Wannon,"", 
VIC,HAMILTON,3300,Wannon,"", 
VIC,BOCHARA,3301,Wannon,"", 
VIC,BROADWATER,3301,Wannon,"", 
VIC,BUCKLEY SWAMP,3301,Wannon,"", 
VIC,BYADUK,3301,Wannon,"", 
VIC,CROXTON EAST,3301,Wannon,"", 
VIC,HENSLEY PARK,3301,Wannon,"", 
VIC,MORGIANA,3301,Wannon,"", 
VIC,MOUNT NAPIER,3301,Wannon,"", 
VIC,STRATHKELLAR,3301,Wannon,"", 
VIC,TAHARA,3301,Wannon,"", 
VIC,TARRINGTON,3301,Wannon,"", 
VIC,WANNON,3301,Wannon,"", 
VIC,WARRAYURE,3301,Wannon,"", 
VIC,YATCHAW,3301,Wannon,"", 
VIC,YULECART,3301,Wannon,"", 
VIC,BRANXHOLME,3302,Wannon,"", 
VIC,GRASSDALE,3302,Wannon,"", 
VIC,BREAKAWAY CREEK,3303,Wannon,"", 
VIC,CONDAH,3303,Wannon,"", 
VIC,HOTSPUR,3303,Wannon,"", 
VIC,LAKE CONDAH,3303,Wannon,"", 
VIC,WALLACEDALE,3303,Wannon,"", 
VIC,BESSIEBELLE,3304,Wannon,"", 
VIC,DARTMOOR,3304,Wannon,"", 
VIC,DRIK DRIK,3304,Wannon,"", 
VIC,DRUMBORG,3304,Wannon,"", 
VIC,GREENWALD,3304,Wannon,"", 
VIC,HEYWOOD,3304,Wannon,"", 
VIC,HOMERTON,3304,Wannon,"", 
VIC,LYONS,3304,Wannon,"", 
VIC,MILLTOWN,3304,Wannon,"", 
VIC,MUMBANNAR,3304,Wannon,"", 
VIC,MYAMYN,3304,Wannon,"", 
VIC,WINNAP,3304,Wannon,"", 
VIC,ALLESTREE,3305,Wannon,"", 
VIC,BOLWARRA,3305,Wannon,"", 
VIC,CAPE BRIDGEWATER,3305,Wannon,"", 
VIC,CASHMORE,3305,Wannon,"", 
VIC,DUTTON WAY,3305,Wannon,"", 
VIC,GORAE,3305,Wannon,"", 
VIC,GORAE WEST,3305,Wannon,"", 
VIC,HEATHMERE,3305,Wannon,"", 
VIC,MOUNT RICHMOND,3305,Wannon,"", 
VIC,PORTLAND,3305,Wannon,"", 
VIC,PORTLAND NORTH,3305,Wannon,"", 
VIC,PORTLAND WEST,3305,Wannon,"", 
VIC,TARRAGAL,3305,Wannon,"",CAPE BRIDGEWATER
VIC,DIGBY,3309,Wannon,"", 
VIC,MERINO,3310,Wannon,"", 
VIC,TAHARA WEST,3310,Wannon,"", 
VIC,CASTERTON,3311,Wannon,"", 
VIC,CORNDALE,3311,Wannon,"", 
VIC,BAHGALLAH,3312,Wannon,"", 
VIC,BRIMBOAL,3312,Wannon,"", 
VIC,CARAPOOK,3312,Wannon,"", 
VIC,CHETWYND,3312,Mallee,"", 
VIC,CHETWYND,3312,Wannon,"", 
VIC,DERGHOLM,3312,Mallee,"", 
VIC,DERGHOLM,3312,Wannon,"", 
VIC,DORODONG,3312,Mallee,"", 
VIC,DUNROBIN,3312,Wannon,"", 
VIC,HENTY,3312,Wannon,"", 
VIC,KILLARA,3312,Wannon,"", 
VIC,LAKE MUNDI,3312,Wannon,"", 
VIC,LINDSAY,3312,Wannon,"", 
VIC,NANGEELA,3312,Wannon,"", 
VIC,POOLAIJELO,3312,Mallee,"", 
VIC,POWERS CREEK,3312,Mallee,"", 
VIC,SANDFORD,3312,Wannon,"", 
VIC,STRATHDOWNIE,3312,Wannon,"", 
VIC,WANDO BRIDGE,3312,Wannon,"", 
VIC,WANDO VALE,3312,Wannon,"", 
VIC,WARROCK,3312,Wannon,"", 
VIC,BULART,3314,Wannon,"", 
VIC,CAVENDISH,3314,Wannon,"", 
VIC,GLENISLA,3314,Wannon,"", 
VIC,MOORALLA,3314,Wannon,"", 
VIC,WOOHLPOOER,3314,Wannon,"",MOORALLA
VIC,BRIT BRIT,3315,Wannon,"", 
VIC,CLOVER FLAT,3315,Wannon,"", 
VIC,COLERAINE,3315,Wannon,"", 
VIC,COOJAR,3315,Wannon,"", 
VIC,CULLA,3315,Wannon,"", 
VIC,GRINGEGALGONA,3315,Wannon,"", 
VIC,GRITJURK,3315,Wannon,"", 
VIC,HILGAY,3315,Wannon,"", 
VIC,KONONGWOOTONG,3315,Wannon,"", 
VIC,KONONGWOOTONG NORTH,3315,Wannon,"",KONONGWOOTONG
VIC,MELVILLE FOREST,3315,Wannon,"", 
VIC,MUNTHAM,3315,Wannon,"", 
VIC,NAREEN,3315,Wannon,"", 
VIC,PASCHENDALE,3315,Wannon,"", 
VIC,TAHARA BRIDGE,3315,Wannon,"", 
VIC,TARRAYOUKYAN,3315,Mallee,"", 
VIC,TARRAYOUKYAN,3315,Wannon,"", 
VIC,TARRENLEA,3315,Wannon,"", 
VIC,WANDO HEIGHTS,3315,Wannon,"",WANDO VALE
VIC,WOOTONG VALE,3315,Wannon,"", 
VIC,HARROW,3317,Mallee,"", 
VIC,HARROW,3317,Wannon,"", 
VIC,CHARAM,3318,Mallee,"", 
VIC,CONNEWIRRICOO,3318,Mallee,"", 
VIC,EDENHOPE,3318,Mallee,"", 
VIC,KADNOOK,3318,Mallee,"", 
VIC,LANGKOOP,3318,Mallee,"", 
VIC,PATYAH,3318,Mallee,"", 
VIC,ULLSWATER,3318,Mallee,"", 
VIC,APSLEY,3319,Mallee,"", 
VIC,BENAYEO,3319,Mallee,"", 
VIC,BRINGALBERT,3319,Mallee,"", 
VIC,HESSE,3321,Corangamite,"", 
VIC,INVERLEIGH,3321,Corangamite,"", 
VIC,WINGEEL,3321,Corangamite,"", 
VIC,WINGEEL,3321,Wannon,"", 
VIC,CRESSY,3322,Ballarat,"", 
VIC,CRESSY,3322,Wannon,"", 
VIC,BERRYBANK,3323,Wannon,"", 
VIC,DUVERNEY,3323,Wannon,"", 
VIC,FOXHOW,3323,Wannon,"", 
VIC,LISMORE,3324,Wannon,"", 
VIC,MINGAY,3324,Wannon,"", 
VIC,MOUNT BUTE,3324,Wannon,"", 
VIC,DERRINALLUM,3325,Wannon,"", 
VIC,LARRALEA,3325,Wannon,"", 
VIC,VITE VITE,3325,Wannon,"", 
VIC,VITE VITE NORTH,3325,Wannon,"", 
VIC,TEESDALE,3328,Ballarat,"", 
VIC,BARUNAH PARK,3329,Ballarat,"", 
VIC,BARUNAH PLAINS,3329,Wannon,"", 
VIC,SHELFORD,3329,Ballarat,"", 
VIC,ROKEWOOD,3330,Ballarat,"", 
VIC,BANNOCKBURN,3331,Corangamite,"", 
VIC,GHERINGHAP,3331,Corangamite,"", 
VIC,MAUDE,3331,Ballarat,"", 
VIC,RUSSELLS BRIDGE,3331,Corangamite,"", 
VIC,SHE OAKS,3331,Ballarat,"", 
VIC,STEIGLITZ,3331,Ballarat,"", 
VIC,SUTHERLANDS CREEK,3331,Ballarat,"", 
VIC,LETHBRIDGE,3332,Ballarat,"", 
VIC,BAMGANIE,3333,Ballarat,"", 
VIC,MEREDITH,3333,Ballarat,"", 
VIC,BUNGAL,3334,Ballarat,"", 
VIC,CARGERIE,3334,Ballarat,"", 
VIC,ELAINE,3334,Ballarat,"", 
VIC,MORRISONS,3334,Ballarat,"", 
VIC,MOUNT DORAN,3334,Ballarat,"", 
VIC,BONNIE BROOK,3335,Gorton,"", 
VIC,GRANGEFIELDS,3335,Gorton,"", 
VIC,PLUMPTON,3335,Hawke,"", 
VIC,ROCKBANK,3335,Gorton,"", 
VIC,THORNHILL PARK,3335,Gorton,"", 
VIC,AINTREE,3336,Gorton,"", 
VIC,DEANSIDE,3336,Gorton,"", 
VIC,FRASER RISE,3336,Gorton,"", 
VIC,HARKNESS,3337,Hawke,"", 
VIC,KURUNJANG,3337,Hawke,"", 
VIC,MELTON,3337,Hawke,"", 
VIC,MELTON WEST,3337,Hawke,"", 
VIC,TOOLERN VALE,3337,Hawke,"", 
VIC,TOOLERN VALE,3337,McEwen,"", 
VIC,BROOKFIELD,3338,Hawke,"", 
VIC,COBBLEBANK,3338,Hawke,"", 
VIC,EXFORD,3338,Hawke,"", 
VIC,EYNESBURY,3338,Hawke,"", 
VIC,MELTON SOUTH,3338,Hawke,"", 
VIC,STRATHTULLOH,3338,Hawke,"", 
VIC,WEIR VIEWS,3338,Hawke,"", 
VIC,BACCHUS MARSH,3340,Hawke,"", 
VIC,BALLIANG,3340,Corio,"", 
VIC,BALLIANG,3340,Hawke,"", 
VIC,BALLIANG EAST,3340,Hawke,"", 
VIC,COIMADAI,3340,Hawke,"", 
VIC,DARLEY,3340,Hawke,"", 
VIC,GLENMORE,3340,Hawke,"", 
VIC,HOPETOUN PARK,3340,Hawke,"", 
VIC,LONG FOREST,3340,Hawke,"", 
VIC,MADDINGLEY,3340,Hawke,"", 
VIC,MERRIMU,3340,Hawke,"", 
VIC,PARWAN,3340,Hawke,"", 
VIC,ROWSLEY,3340,Hawke,"", 
VIC,STAUGHTON VALE,3340,Corio,"", 
VIC,DALES CREEK,3341,Hawke,"", 
VIC,GREENDALE,3341,Hawke,"", 
VIC,KOROBEIT,3341,Hawke,"", 
VIC,MYRNIONG,3341,Hawke,"", 
VIC,PENTLAND HILLS,3341,Hawke,"", 
VIC,BALLAN,3342,Hawke,"", 
VIC,BEREMBOKE,3342,Hawke,"", 
VIC,BLAKEVILLE,3342,Ballarat,"", 
VIC,BLAKEVILLE,3342,Hawke,"", 
VIC,BUNDING,3342,Ballarat,"", 
VIC,COLBROOK,3342,Hawke,"", 
VIC,DURDIDWARRAH,3342,Ballarat,"", 
VIC,FISKVILLE,3342,Hawke,"", 
VIC,INGLISTON,3342,Hawke,"", 
VIC,MOUNT WALLACE,3342,Hawke,"", 
VIC,GORDON,3345,Ballarat,"", 
VIC,ALFREDTON,3350,Ballarat,"", 
VIC,BAKERY HILL,3350,Ballarat,"", 
VIC,BALLARAT,3350,Ballarat,"",SOLDIERS HILL
VIC,BALLARAT CENTRAL,3350,Ballarat,"", 
VIC,BALLARAT EAST,3350,Ballarat,"", 
VIC,BALLARAT NORTH,3350,Ballarat,"", 
VIC,BLACK HILL,3350,Ballarat,"", 
VIC,BROWN HILL,3350,Ballarat,"", 
VIC,CANADIAN,3350,Ballarat,"", 
VIC,EAST BALLARAT,3350,Ballarat,"",BALLARAT EAST
VIC,EUREKA,3350,Ballarat,"", 
VIC,GOLDEN POINT,3350,Ballarat,"", 
VIC,INVERMAY PARK,3350,Ballarat,"", 
VIC,LAKE WENDOUREE,3350,Ballarat,"", 
VIC,LUCAS,3350,Ballarat,"", 
VIC,MOUNT CLEAR,3350,Ballarat,"", 
VIC,MOUNT HELEN,3350,Ballarat,"", 
VIC,MOUNT PLEASANT,3350,Ballarat,"", 
VIC,NERRINA,3350,Ballarat,"", 
VIC,NEWINGTON,3350,Ballarat,"", 
VIC,NORTH BALLARAT,3350,Ballarat,"",BALLARAT NORTH
VIC,REDAN,3350,Ballarat,"", 
VIC,SOLDIERS HILL,3350,Ballarat,"", 
VIC,BERRINGA,3351,Ballarat,"", 
VIC,BO PEEP,3351,Ballarat,"", 
VIC,BO PEEP,3351,Wannon,"", 
VIC,CAPE CLEAR,3351,Ballarat,"", 
VIC,CARNGHAM,3351,Wannon,"", 
VIC,CHEPSTOWE,3351,Wannon,"", 
VIC,HADDON,3351,Ballarat,"", 
VIC,HILLCREST,3351,Wannon,"", 
VIC,ILLABAROOK,3351,Ballarat,"", 
VIC,LAKE BOLAC,3351,Wannon,"", 
VIC,MININERA,3351,Wannon,"", 
VIC,MOUNT EMU,3351,Wannon,"", 
VIC,NERRIN NERRIN,3351,Wannon,"", 
VIC,NEWTOWN,3351,Ballarat,"", 
VIC,NINTINGBOOL,3351,Ballarat,"", 
VIC,PIGGOREET,3351,Ballarat,"", 
VIC,PITFIELD,3351,Ballarat,"", 
VIC,ROKEWOOD JUNCTION,3351,Ballarat,"", 
VIC,ROSS CREEK,3351,Ballarat,"", 
VIC,SCARSDALE,3351,Ballarat,"", 
VIC,SMYTHES CREEK,3351,Ballarat,"", 
VIC,SMYTHESDALE,3351,Ballarat,"", 
VIC,SMYTHESDALE,3351,Wannon,"", 
VIC,SNAKE VALLEY,3351,Wannon,"", 
VIC,SPRINGDALLAH,3351,Ballarat,"", 
VIC,STAFFORDSHIRE REEF,3351,Ballarat,"", 
VIC,STREATHAM,3351,Wannon,"", 
VIC,WALLINDUC,3351,Ballarat,"", 
VIC,WESTMERE,3351,Wannon,"", 
VIC,ADDINGTON,3352,Ballarat,"", 
VIC,BLOWHARD,3352,Ballarat,"", 
VIC,BOLWARRAH,3352,Ballarat,"", 
VIC,BONSHAW,3352,Ballarat,"", 
VIC,BREWSTER,3352,Wannon,"", 
VIC,BULLAROOK,3352,Ballarat,"", 
VIC,BUNGAREE,3352,Ballarat,"", 
VIC,BUNKERS HILL,3352,Ballarat,"", 
VIC,BURRUMBEET,3352,Ballarat,"", 
VIC,BURRUMBEET,3352,Wannon,"", 
VIC,CAMBRIAN HILL,3352,Ballarat,"", 
VIC,CARDIGAN,3352,Ballarat,"", 
VIC,CARDIGAN VILLAGE,3352,Ballarat,"", 
VIC,CLARENDON,3352,Ballarat,"", 
VIC,CLARETOWN,3352,Ballarat,"", 
VIC,CLARKES HILL,3352,Ballarat,"", 
VIC,CORINDHAP,3352,Ballarat,"", 
VIC,DEREEL,3352,Ballarat,"", 
VIC,DUNNSTOWN,3352,Ballarat,"", 
VIC,DURHAM LEAD,3352,Ballarat,"", 
VIC,ENFIELD,3352,Ballarat,"", 
VIC,ERCILDOUNE,3352,Ballarat,"", 
VIC,ERCILDOUNE,3352,Wannon,"", 
VIC,GARIBALDI,3352,Ballarat,"", 
VIC,GLEN PARK,3352,Ballarat,"", 
VIC,GLENBRAE,3352,Wannon,"", 
VIC,GONG GONG,3352,Ballarat,"", 
VIC,GRENVILLE,3352,Ballarat,"", 
VIC,INVERMAY,3352,Ballarat,"", 
VIC,LAL LAL,3352,Ballarat,"", 
VIC,LAMPLOUGH,3352,Mallee,"", 
VIC,LANGI KAL KAL,3352,Wannon,"", 
VIC,LEARMONTH,3352,Ballarat,"", 
VIC,LEIGH CREEK,3352,Ballarat,"", 
VIC,LEXTON,3352,Wannon,"", 
VIC,MAGPIE,3352,Ballarat,"", 
VIC,MILLBROOK,3352,Ballarat,"", 
VIC,MINERS REST,3352,Ballarat,"", 
VIC,MOLLONGGHIP,3352,Ballarat,"", 
VIC,MOUNT BOLTON,3352,Ballarat,"", 
VIC,MOUNT EGERTON,3352,Ballarat,"", 
VIC,MOUNT MERCER,3352,Ballarat,"", 
VIC,MOUNT ROWAN,3352,Ballarat,"", 
VIC,NAPOLEONS,3352,Ballarat,"", 
VIC,NAVIGATORS,3352,Ballarat,"", 
VIC,POOTILLA,3352,Ballarat,"", 
VIC,SCOTCHMANS LEAD,3352,Ballarat,"", 
VIC,SCOTSBURN,3352,Ballarat,"", 
VIC,SPRINGBANK,3352,Ballarat,"", 
VIC,SULKY,3352,Ballarat,"", 
VIC,WALLACE,3352,Ballarat,"", 
VIC,WARRENHEIP,3352,Ballarat,"", 
VIC,WATTLE FLAT,3352,Ballarat,"", 
VIC,WAUBRA,3352,Ballarat,"", 
VIC,WAUBRA,3352,Wannon,"", 
VIC,WEATHERBOARD,3352,Ballarat,"", 
VIC,WERNETH,3352,Ballarat,"", 
VIC,WERNETH,3352,Wannon,"", 
VIC,WINDERMERE,3352,Ballarat,"", 
VIC,YENDON,3352,Ballarat,"", 
VIC,LAKE GARDENS,3355,Ballarat,"", 
VIC,MITCHELL PARK,3355,Ballarat,"", 
VIC,WENDOUREE,3355,Ballarat,"", 
VIC,DELACOMBE,3356,Ballarat,"", 
VIC,SEBASTOPOL,3356,Ballarat,"", 
VIC,BUNINYONG,3357,Ballarat,"", 
VIC,WINTER VALLEY,3358,Ballarat,"", 
VIC,HAPPY VALLEY,3360,Ballarat,"", 
VIC,LINTON,3360,Ballarat,"", 
VIC,LINTON,3360,Wannon,"", 
VIC,MANNIBADAR,3360,Ballarat,"", 
VIC,PITTONG,3360,Ballarat,"", 
VIC,PITTONG,3360,Wannon,"", 
VIC,WILLOWVALE,3360,Ballarat,"", 
VIC,BRADVALE,3361,Wannon,"", 
VIC,CARRANBALLAC,3361,Wannon,"", 
VIC,SKIPTON,3361,Wannon,"", 
VIC,CRESWICK,3363,Ballarat,"", 
VIC,CRESWICK NORTH,3363,Ballarat,"", 
VIC,DEAN,3363,Ballarat,"", 
VIC,GLENDARUEL,3363,Ballarat,"", 
VIC,LANGDONS HILL,3363,Ballarat,"", 
VIC,MOUNT BECKWORTH,3363,Ballarat,"", 
VIC,TOURELLO,3363,Ballarat,"", 
VIC,ALLENDALE,3364,Ballarat,"", 
VIC,ASCOT,3364,Ballarat,"", 
VIC,BALD HILLS,3364,Ballarat,"", 
VIC,BARKSTEAD,3364,Ballarat,"", 
VIC,BLAMPIED,3364,Ballarat,"", 
VIC,BROOMFIELD,3364,Ballarat,"", 
VIC,CABBAGE TREE,3364,Ballarat,"", 
VIC,CAMPBELLTOWN,3364,Ballarat,"", 
VIC,CAMPBELLTOWN,3364,Bendigo,"", 
VIC,CAMPBELLTOWN,3364,Mallee,"", 
VIC,COGHILLS CREEK,3364,Ballarat,"", 
VIC,GLENDONALD,3364,Ballarat,"", 
VIC,JOYCES CREEK,3364,Bendigo,"", 
VIC,JOYCES CREEK,3364,Mallee,"", 
VIC,KINGSTON,3364,Ballarat,"", 
VIC,KOOROOCHEANG,3364,Ballarat,"", 
VIC,LAWRENCE,3364,Ballarat,"", 
VIC,MOUNT PROSPECT,3364,Ballarat,"", 
VIC,NEWLYN,3364,Ballarat,"", 
VIC,NEWLYN NORTH,3364,Ballarat,"", 
VIC,ROCKLYN,3364,Ballarat,"", 
VIC,SMEATON,3364,Ballarat,"", 
VIC,SMOKEYTOWN,3364,Ballarat,"", 
VIC,SPRINGMOUNT,3364,Ballarat,"", 
VIC,STRATHLEA,3364,Bendigo,"", 
VIC,STRATHLEA,3364,Mallee,"", 
VIC,WERONA,3364,Ballarat,"", 
VIC,WERONA,3364,Bendigo,"", 
VIC,CLUNES,3370,Ballarat,"", 
VIC,GLENGOWER,3370,Ballarat,"", 
VIC,GLENGOWER,3370,Mallee,"", 
VIC,MOUNT CAMERON,3370,Mallee,"", 
VIC,ULLINA,3370,Ballarat,"", 
VIC,AMHERST,3371,Mallee,"", 
VIC,BURNBANK,3371,Wannon,"", 
VIC,CARALULUP,3371,Mallee,"", 
VIC,DUNACH,3371,Ballarat,"", 
VIC,DUNACH,3371,Mallee,"", 
VIC,EVANSFORD,3371,Ballarat,"", 
VIC,EVANSFORD,3371,Wannon,"", 
VIC,LILLICUR,3371,Mallee,"", 
VIC,MOUNT GLASGOW,3371,Mallee,"", 
VIC,RED LION,3371,Mallee,"", 
VIC,STONY CREEK,3371,Mallee,"", 
VIC,TALBOT,3371,Mallee,"", 
VIC,BEAUFORT,3373,Wannon,"", 
VIC,CHUTE,3373,Wannon,"", 
VIC,CROSS ROADS,3373,Wannon,"", 
VIC,LAKE GOLDSMITH,3373,Wannon,"", 
VIC,LAKE WONGAN,3373,Wannon,"", 
VIC,MAIN LEAD,3373,Wannon,"", 
VIC,MENA PARK,3373,Wannon,"", 
VIC,NERRING,3373,Wannon,"", 
VIC,RAGLAN,3373,Wannon,"", 
VIC,SHIRLEY,3373,Wannon,"",RAGLAN
VIC,STOCKYARD HILL,3373,Wannon,"", 
VIC,STONELEIGH,3373,Wannon,"", 
VIC,TRAWALLA,3373,Wannon,"", 
VIC,WATERLOO,3373,Wannon,"", 
VIC,GREAT WESTERN,3374,Mallee,"", 
VIC,GREAT WESTERN,3374,Wannon,"", 
VIC,BALLYROGAN,3375,Wannon,"", 
VIC,BAYINDEEN,3375,Wannon,"", 
VIC,BUANGOR,3375,Wannon,"", 
VIC,MIDDLE CREEK,3375,Wannon,"", 
VIC,ARARAT,3377,Wannon,"", 
VIC,ARMSTRONG,3377,Wannon,"", 
VIC,BEN NEVIS,3377,Wannon,"",EVERSLEY
VIC,BULGANA,3377,Mallee,"", 
VIC,CATHCART,3377,Wannon,"", 
VIC,CROWLANDS,3377,Mallee,"", 
VIC,CROWLANDS,3377,Wannon,"", 
VIC,DENICULL CREEK,3377,Wannon,"", 
VIC,DOBIE,3377,Wannon,"", 
VIC,DUNNEWORTHY,3377,Mallee,"", 
VIC,DUNNEWORTHY,3377,Wannon,"", 
VIC,EVERSLEY,3377,Wannon,"", 
VIC,LANGI LOGAN,3377,Wannon,"", 
VIC,MAROONA,3377,Wannon,"", 
VIC,MOUNT COLE,3377,Wannon,"", 
VIC,MOUNT COLE CREEK,3377,Wannon,"", 
VIC,MOYSTON,3377,Wannon,"", 
VIC,NORVAL,3377,Wannon,"", 
VIC,RHYMNEY,3377,Wannon,"", 
VIC,RHYMNEY REEF,3377,Wannon,"",RHYMNEY
VIC,ROCKY POINT,3377,Wannon,"", 
VIC,ROSSBRIDGE,3377,Wannon,"", 
VIC,SHAYS FLAT,3377,Mallee,"", 
VIC,WARRAK,3377,Wannon,"", 
VIC,TATYOON,3378,Wannon,"", 
VIC,TATYOON EAST,3378,Wannon,"",TATYOON
VIC,YALLA-Y-POORA,3378,Wannon,"", 
VIC,BERRAMBOOL,3379,Wannon,"",WICKLIFFE
VIC,BORNES HILL,3379,Wannon,"", 
VIC,CHATSWORTH,3379,Wannon,"", 
VIC,MAFEKING,3379,Wannon,"", 
VIC,STAVELY,3379,Wannon,"", 
VIC,WATGANIA,3379,Wannon,"",MAFEKING
VIC,WICKLIFFE,3379,Wannon,"", 
VIC,WICKLIFFE NORTH,3379,Wannon,"",WICKLIFFE
VIC,WILLAURA,3379,Wannon,"", 
VIC,WILLAURA NORTH,3379,Wannon,"", 
VIC,STAWELL,3380,Mallee,"", 
VIC,BELLELLEN,3381,Mallee,"", 
VIC,BLACK RANGE,3381,Mallee,"", 
VIC,BLACK RANGE,3381,Wannon,"", 
VIC,FYANS CREEK,3381,Mallee,"", 
VIC,GOLTON SOUTH,3381,Mallee,"",DADSWELLS BRIDGE
VIC,HALLS GAP,3381,Mallee,"", 
VIC,ILLAWARRA,3381,Mallee,"", 
VIC,LAKE FYANS,3381,Mallee,"", 
VIC,LAKE LONSDALE,3381,Mallee,"", 
VIC,MOKEPILLY,3381,Mallee,"", 
VIC,MORRL MORRL,3381,Mallee,"", 
VIC,MOUNT DRYDEN,3381,Mallee,"", 
VIC,POMONAL,3381,Mallee,"", 
VIC,POMONAL,3381,Wannon,"", 
VIC,BARKLY,3384,Mallee,"", 
VIC,CONCONGELLA,3384,Mallee,"", 
VIC,FRENCHMANS,3384,Mallee,"", 
VIC,JOEL JOEL,3384,Mallee,"", 
VIC,JOEL SOUTH,3384,Mallee,"", 
VIC,LANDSBOROUGH,3384,Mallee,"", 
VIC,LANDSBOROUGH WEST,3384,Mallee,"", 
VIC,NAVARRE,3384,Mallee,"", 
VIC,TULKARA,3384,Mallee,"", 
VIC,WATTLE CREEK,3384,Mallee,"", 
VIC,DADSWELLS BRIDGE,3385,Mallee,"", 
VIC,DEEP LEAD,3385,Mallee,"", 
VIC,GLENORCHY,3385,Mallee,"", 
VIC,LEDCOURT,3385,Mallee,"", 
VIC,LUBECK,3385,Mallee,"", 
VIC,RIACHELLA,3385,Mallee,"", 
VIC,ROSES GAP,3385,Mallee,"", 
VIC,WAL WAL,3385,Mallee,"", 
VIC,BOLANGUM,3387,Mallee,"", 
VIC,CALLAWADDA,3387,Mallee,"", 
VIC,CAMPBELLS BRIDGE,3387,Mallee,"", 
VIC,GERMANIA,3387,Mallee,"", 
VIC,GREENS CREEK,3387,Mallee,"", 
VIC,KANYA,3387,Mallee,"", 
VIC,MARNOO,3387,Mallee,"", 
VIC,MARNOO WEST,3387,Mallee,"", 
VIC,WALLALOO,3387,Mallee,"", 
VIC,WALLALOO EAST,3387,Mallee,"", 
VIC,BANYENA,3388,Mallee,"", 
VIC,RUPANYUP,3388,Mallee,"", 
VIC,KEWELL,3390,Mallee,"", 
VIC,MURTOA,3390,Mallee,"", 
VIC,BRIM,3391,Mallee,"", 
VIC,BOOLITE,3392,Mallee,"", 
VIC,MINYIP,3392,Mallee,"", 
VIC,SHEEP HILLS,3392,Mallee,"", 
VIC,AUBREY,3393,Mallee,"", 
VIC,BANGERANG,3393,Mallee,"", 
VIC,CANNUM,3393,Mallee,"", 
VIC,CRYMELON,3393,Mallee,"", 
VIC,KELLALAC,3393,Mallee,"", 
VIC,LAH,3393,Mallee,"", 
VIC,WARRACKNABEAL,3393,Mallee,"", 
VIC,WILKUR,3393,Mallee,"", 
VIC,WILLENABRINA,3393,Mallee,"", 
VIC,BEULAH,3395,Mallee,"", 
VIC,KENMARE,3395,Mallee,"", 
VIC,REEDY DAM,3395,Mallee,"", 
VIC,ROSEBERY,3395,Mallee,"", 
VIC,HOPETOUN,3396,Mallee,"", 
VIC,HORSHAM,3400,Mallee,"", 
VIC,BLACKHEATH,3401,Mallee,"", 
VIC,BRIMPAEN,3401,Mallee,"", 
VIC,BUNGALALLY,3401,Mallee,"", 
VIC,CHERRYPOOL,3401,Wannon,"", 
VIC,DOOEN,3401,Mallee,"", 
VIC,DRUNG,3401,Mallee,"", 
VIC,GYMBOWEN,3401,Mallee,"", 
VIC,HAVEN,3401,Mallee,"", 
VIC,JUNG,3401,Mallee,"", 
VIC,KALKEE,3401,Mallee,"", 
VIC,KANAGULK,3401,Mallee,"", 
VIC,KARNAK,3401,Mallee,"", 
VIC,LAHARUM,3401,Mallee,"", 
VIC,LONGERENONG,3401,Mallee,"", 
VIC,LOWER NORTON,3401,Mallee,"", 
VIC,MCKENZIE CREEK,3401,Mallee,"", 
VIC,MOCKINYA,3401,Mallee,"", 
VIC,MURRA WARRA,3401,Mallee,"", 
VIC,NURCOUNG,3401,Mallee,"", 
VIC,NURRABIEL,3401,Mallee,"", 
VIC,PIMPINIO,3401,Mallee,"", 
VIC,QUANTONG,3401,Mallee,"", 
VIC,RIVERSIDE,3401,Mallee,"", 
VIC,ROCKLANDS,3401,Wannon,"", 
VIC,ST HELENS PLAINS,3401,Mallee,"", 
VIC,TELANGATUK EAST,3401,Mallee,"", 
VIC,TOOLONDO,3401,Mallee,"", 
VIC,VECTIS,3401,Mallee,"", 
VIC,WAIL,3401,Mallee,"", 
VIC,WALLUP,3401,Mallee,"", 
VIC,WARTOOK,3401,Mallee,"", 
VIC,WONWONDAH,3401,Mallee,"", 
VIC,ZUMSTEINS,3401,Mallee,"", 
VIC,BALMORAL,3407,Wannon,"", 
VIC,ENGLEFIELD,3407,Wannon,"", 
VIC,GATUM,3407,Wannon,"", 
VIC,PIGEON PONDS,3407,Wannon,"", 
VIC,VASEY,3407,Wannon,"", 
VIC,ARAPILES,3409,Mallee,"", 
VIC,CLEAR LAKE,3409,Mallee,"", 
VIC,DOUGLAS,3409,Mallee,"", 
VIC,DUCHEMBEGARRA,3409,Mallee,"", 
VIC,GRASS FLAT,3409,Mallee,"", 
VIC,JILPANGER,3409,Mallee,"", 
VIC,MIGA LAKE,3409,Mallee,"", 
VIC,MITRE,3409,Mallee,"", 
VIC,NATIMUK,3409,Mallee,"", 
VIC,NORADJUHA,3409,Mallee,"", 
VIC,TOOAN,3409,Mallee,"", 
VIC,WOMBELANO,3409,Mallee,"", 
VIC,GOROKE,3412,Mallee,"", 
VIC,MINIMAY,3413,Mallee,"", 
VIC,NEUARPURR,3413,Mallee,"", 
VIC,OZENKADNOOK,3413,Mallee,"", 
VIC,PERONNE,3413,Mallee,"", 
VIC,ANTWERP,3414,Mallee,"", 
VIC,DIMBOOLA,3414,Mallee,"", 
VIC,TARRANYURK,3414,Mallee,"", 
VIC,MIRAM,3415,Mallee,"", 
VIC,BROUGHTON,3418,Mallee,"", 
VIC,GERANG GERUNG,3418,Mallee,"", 
VIC,GLENLEE,3418,Mallee,"", 
VIC,KIATA,3418,Mallee,"", 
VIC,LAWLOIT,3418,Mallee,"", 
VIC,LITTLE DESERT,3418,Mallee,"", 
VIC,LORQUON,3418,Mallee,"", 
VIC,NETHERBY,3418,Mallee,"", 
VIC,NHILL,3418,Mallee,"", 
VIC,YANAC,3418,Mallee,"", 
VIC,KANIVA,3419,Mallee,"", 
VIC,LEMON SPRINGS,3419,Mallee,"",KANIVA
VIC,SANDSMERE,3419,Mallee,"",KANIVA
VIC,LILLIMUR,3420,Mallee,"", 
VIC,SERVICETON,3420,Mallee,"", 
VIC,TELOPEA DOWNS,3420,Mallee,"", 
VIC,JEPARIT,3423,Mallee,"", 
VIC,ALBACUTYA,3424,Mallee,"", 
VIC,RAINBOW,3424,Mallee,"", 
VIC,YAAPEET,3424,Mallee,"", 
VIC,DIGGERS REST,3427,Hawke,"", 
VIC,BULLA,3428,Hawke,"", 
VIC,SUNBURY,3429,Hawke,"", 
VIC,WILDWOOD,3429,Hawke,"", 
VIC,CLARKEFIELD,3430,Hawke,"", 
VIC,CLARKEFIELD,3430,McEwen,"", 
VIC,RIDDELLS CREEK,3431,McEwen,"", 
VIC,BOLINDA,3432,McEwen,"", 
VIC,MONEGEETTA,3433,McEwen,"", 
VIC,CHEROKEE,3434,McEwen,"", 
VIC,KERRIE,3434,McEwen,"", 
VIC,ROMSEY,3434,McEwen,"", 
VIC,SPRINGFIELD,3434,McEwen,"", 
VIC,BENLOCH,3435,Bendigo,"", 
VIC,GOLDIE,3435,McEwen,"", 
VIC,LANCEFIELD,3435,McEwen,"", 
VIC,NULLA VALE,3435,Nicholls,"", 
VIC,BULLENGAROOK,3437,McEwen,"", 
VIC,GISBORNE,3437,McEwen,"", 
VIC,GISBORNE SOUTH,3437,McEwen,"", 
VIC,NEW GISBORNE,3438,McEwen,"", 
VIC,MACEDON,3440,McEwen,"", 
VIC,MOUNT MACEDON,3441,McEwen,"", 
VIC,ASHBOURNE,3442,Bendigo,"", 
VIC,ASHBOURNE,3442,McEwen,"", 
VIC,CADELLO,3442,Bendigo,"", 
VIC,CADELLO,3442,McEwen,"", 
VIC,CARLSRUHE,3442,Bendigo,"", 
VIC,CARLSRUHE,3442,McEwen,"", 
VIC,COBAW,3442,McEwen,"", 
VIC,HESKET,3442,McEwen,"", 
VIC,NEWHAM,3442,McEwen,"", 
VIC,ROCHFORD,3442,McEwen,"", 
VIC,WOODEND,3442,Bendigo,"", 
VIC,WOODEND,3442,McEwen,"", 
VIC,WOODEND NORTH,3442,McEwen,"", 
VIC,BARFOLD,3444,Bendigo,"", 
VIC,BAYNTON,3444,Bendigo,"", 
VIC,BAYNTON EAST,3444,Bendigo,"", 
VIC,EDGECOMBE,3444,Bendigo,"", 
VIC,GLENHOPE,3444,Bendigo,"", 
VIC,GREENHILL,3444,Bendigo,"", 
VIC,KYNETON,3444,Bendigo,"", 
VIC,KYNETON SOUTH,3444,Bendigo,"", 
VIC,LANGLEY,3444,Bendigo,"", 
VIC,LAURISTON,3444,Bendigo,"", 
VIC,LYAL,3444,Bendigo,"", 
VIC,METCALFE EAST,3444,Bendigo,"", 
VIC,MIA MIA,3444,Bendigo,"", 
VIC,PASTORIA,3444,Bendigo,"", 
VIC,PASTORIA EAST,3444,Bendigo,"", 
VIC,PIPERS CREEK,3444,Bendigo,"", 
VIC,REDESDALE,3444,Bendigo,"", 
VIC,SIDONIA,3444,Bendigo,"", 
VIC,SPRING HILL,3444,Ballarat,"", 
VIC,SPRING HILL,3444,Bendigo,"", 
VIC,TYLDEN,3444,Ballarat,"", 
VIC,TYLDEN,3444,Bendigo,"", 
VIC,TYLDEN SOUTH,3444,Ballarat,"", 
VIC,DRUMMOND NORTH,3446,Ballarat,"", 
VIC,MALMSBURY,3446,Ballarat,"", 
VIC,MALMSBURY,3446,Bendigo,"", 
VIC,TARADALE,3447,Ballarat,"", 
VIC,TARADALE,3447,Bendigo,"", 
VIC,ELPHINSTONE,3448,Bendigo,"", 
VIC,METCALFE,3448,Bendigo,"", 
VIC,SUTTON GRANGE,3448,Bendigo,"", 
VIC,CASTLEMAINE,3450,Bendigo,"", 
VIC,MOONLIGHT FLAT,3450,Bendigo,"", 
VIC,BARKERS CREEK,3451,Bendigo,"", 
VIC,CAMPBELLS CREEK,3451,Bendigo,"", 
VIC,CHEWTON,3451,Bendigo,"", 
VIC,CHEWTON BUSHLANDS,3451,Bendigo,"", 
VIC,FARADAY,3451,Bendigo,"", 
VIC,FRYERSTOWN,3451,Bendigo,"", 
VIC,GLENLUCE,3451,Bendigo,"", 
VIC,GOLDEN POINT,3451,Bendigo,"", 
VIC,GOWER,3451,Bendigo,"", 
VIC,GUILDFORD,3451,Ballarat,"", 
VIC,GUILDFORD,3451,Bendigo,"", 
VIC,IRISHTOWN,3451,Bendigo,"", 
VIC,MCKENZIE HILL,3451,Bendigo,"", 
VIC,MUCKLEFORD,3451,Bendigo,"", 
VIC,TARILTA,3451,Ballarat,"", 
VIC,TARILTA,3451,Bendigo,"", 
VIC,VAUGHAN,3451,Bendigo,"", 
VIC,YAPEEN,3451,Bendigo,"", 
VIC,HARCOURT,3453,Bendigo,"", 
VIC,HARCOURT NORTH,3453,Bendigo,"", 
VIC,RAVENSWOOD,3453,Bendigo,"", 
VIC,RAVENSWOOD SOUTH,3453,Bendigo,"", 
VIC,BARRYS REEF,3458,Hawke,"", 
VIC,BLACKWOOD,3458,Hawke,"", 
VIC,BLACKWOOD NORTH,3458,Ballarat,"",NORTH BLACKWOOD
VIC,FERN HILL,3458,Ballarat,"", 
VIC,FERN HILL,3458,Bendigo,"", 
VIC,FERN HILL,3458,McEwen,"", 
VIC,LERDERDERG,3458,Hawke,"", 
VIC,LITTLE HAMPTON,3458,Ballarat,"", 
VIC,NEWBURY,3458,Ballarat,"", 
VIC,NORTH BLACKWOOD,3458,Ballarat,"", 
VIC,TRENTHAM,3458,Ballarat,"", 
VIC,TRENTHAM EAST,3458,Ballarat,"", 
VIC,TRENTHAM EAST,3458,McEwen,"", 
VIC,BASALT,3460,Ballarat,"", 
VIC,DAYLESFORD,3460,Ballarat,"", 
VIC,BULLARTO,3461,Ballarat,"", 
VIC,BULLARTO SOUTH,3461,Ballarat,"", 
VIC,CLYDESDALE,3461,Ballarat,"", 
VIC,COOMOORA,3461,Ballarat,"", 
VIC,DENVER,3461,Ballarat,"", 
VIC,DRUMMOND,3461,Ballarat,"", 
VIC,DRUMMOND,3461,Bendigo,"", 
VIC,DRUMMOND NORTH,3461,Bendigo,"", 
VIC,DRY DIGGINGS,3461,Ballarat,"", 
VIC,EGANSTOWN,3461,Ballarat,"", 
VIC,ELEVATED PLAINS,3461,Ballarat,"", 
VIC,FRANKLINFORD,3461,Ballarat,"", 
VIC,FRANKLINFORD,3461,Bendigo,"", 
VIC,GLENLYON,3461,Ballarat,"", 
VIC,HEPBURN,3461,Ballarat,"", 
VIC,HEPBURN SPRINGS,3461,Ballarat,"", 
VIC,KORWEINGUBOORA,3461,Ballarat,"", 
VIC,LEONARDS HILL,3461,Ballarat,"", 
VIC,LYONVILLE,3461,Ballarat,"", 
VIC,MOUNT FRANKLIN,3461,Ballarat,"", 
VIC,MUSK,3461,Ballarat,"", 
VIC,MUSK VALE,3461,Ballarat,"", 
VIC,PORCUPINE RIDGE,3461,Ballarat,"", 
VIC,SAILORS FALLS,3461,Ballarat,"", 
VIC,SAILORS HILL,3461,Ballarat,"", 
VIC,SHEPHERDS FLAT,3461,Ballarat,"", 
VIC,SPARGO CREEK,3461,Ballarat,"", 
VIC,STRANGWAYS,3461,Ballarat,"", 
VIC,STRANGWAYS,3461,Bendigo,"", 
VIC,WHEATSHEAF,3461,Ballarat,"", 
VIC,YANDOIT,3461,Ballarat,"", 
VIC,YANDOIT HILLS,3461,Bendigo,"", 
VIC,GREEN GULLY,3462,Bendigo,"", 
VIC,MUCKLEFORD,3462,Bendigo,"", 
VIC,MUCKLEFORD SOUTH,3462,Bendigo,"", 
VIC,NEWSTEAD,3462,Bendigo,"", 
VIC,SANDON,3462,Bendigo,"", 
VIC,WELSHMANS REEF,3462,Bendigo,"", 
VIC,BARINGHUP,3463,Bendigo,"", 
VIC,BARINGHUP WEST,3463,Bendigo,"", 
VIC,BRADFORD,3463,Bendigo,"", 
VIC,EASTVILLE,3463,Bendigo,"", 
VIC,EASTVILLE,3463,Mallee,"", 
VIC,GOWER,3463,Bendigo,"", 
VIC,LAANECOORIE,3463,Mallee,"", 
VIC,MALDON,3463,Bendigo,"", 
VIC,MUCKLEFORD,3463,Bendigo,"", 
VIC,NEEREMAN,3463,Bendigo,"", 
VIC,NUGGETTY,3463,Bendigo,"", 
VIC,TARRENGOWER,3463,Bendigo,"", 
VIC,WALMER,3463,Bendigo,"", 
VIC,WOODSTOCK WEST,3463,Mallee,"", 
VIC,CARISBROOK,3464,Bendigo,"", 
VIC,CARISBROOK,3464,Mallee,"", 
VIC,ADELAIDE LEAD,3465,Mallee,"", 
VIC,ALMA,3465,Mallee,"", 
VIC,BOWENVALE,3465,Mallee,"", 
VIC,BUNG BONG,3465,Mallee,"", 
VIC,COTSWOLD,3465,Mallee,"", 
VIC,CRAIGIE,3465,Mallee,"", 
VIC,DAISY HILL,3465,Mallee,"", 
VIC,FLAGSTAFF,3465,Mallee,"", 
VIC,GOLDEN POINT,3465,Mallee,"", 
VIC,HAVELOCK,3465,Mallee,"", 
VIC,HOMEBUSH,3465,Mallee,"", 
VIC,MAJORCA,3465,Mallee,"", 
VIC,MARYBOROUGH,3465,Mallee,"", 
VIC,MOOLORT,3465,Mallee,"", 
VIC,MOONLIGHT FLAT,3465,Mallee,"", 
VIC,NATTE YALLOCK,3465,Mallee,"", 
VIC,RATHSCAR,3465,Mallee,"", 
VIC,RATHSCAR WEST,3465,Mallee,"", 
VIC,SIMSON,3465,Mallee,"", 
VIC,TIMOR,3465,Mallee,"", 
VIC,TIMOR WEST,3465,Mallee,"", 
VIC,WAREEK,3465,Mallee,"", 
VIC,AVOCA,3467,Mallee,"", 
VIC,AMPHITHEATRE,3468,Mallee,"", 
VIC,MOUNT LONARCH,3468,Wannon,"", 
VIC,ELMHURST,3469,Mallee,"", 
VIC,ELMHURST,3469,Wannon,"", 
VIC,GLENLOFTY,3469,Mallee,"", 
VIC,GLENLOGIE,3469,Wannon,"", 
VIC,GLENPATRICK,3469,Mallee,"", 
VIC,NOWHERE CREEK,3469,Mallee,"", 
VIC,BET BET,3472,Mallee,"", 
VIC,BETLEY,3472,Mallee,"", 
VIC,BROMLEY,3472,Mallee,"", 
VIC,DUNLUCE,3472,Mallee,"", 
VIC,DUNOLLY,3472,Mallee,"", 
VIC,EDDINGTON,3472,Bendigo,"", 
VIC,EDDINGTON,3472,Mallee,"", 
VIC,GOLDSBOROUGH,3472,Mallee,"", 
VIC,INKERMAN,3472,Mallee,"", 
VIC,MCINTYRE,3472,Mallee,"", 
VIC,MOLIAGUL,3472,Mallee,"", 
VIC,MOUNT HOOGHLY,3472,Mallee,"", 
VIC,ARCHDALE,3475,Mallee,"", 
VIC,ARCHDALE JUNCTION,3475,Mallee,"", 
VIC,BEALIBA,3475,Mallee,"", 
VIC,BURKES FLAT,3475,Mallee,"", 
VIC,COCHRANES CREEK,3475,Mallee,"", 
VIC,EMU,3475,Mallee,"", 
VIC,LOGAN,3475,Mallee,"", 
VIC,AVON PLAINS,3477,Mallee,"", 
VIC,BEAZLEYS BRIDGE,3477,Mallee,"", 
VIC,CARAPOOEE,3477,Mallee,"", 
VIC,CARAPOOEE WEST,3477,Mallee,"", 
VIC,COONOOER BRIDGE,3477,Mallee,"", 
VIC,COONOOER WEST,3477,Mallee,"", 
VIC,DALYENONG,3477,Mallee,"", 
VIC,GOOROC,3477,Mallee,"", 
VIC,GOWAR EAST,3477,Mallee,"", 
VIC,GRAYS BRIDGE,3477,Mallee,"", 
VIC,GRE GRE,3477,Mallee,"", 
VIC,GRE GRE NORTH,3477,Mallee,"", 
VIC,GRE GRE SOUTH,3477,Mallee,"", 
VIC,KOOREH,3477,Mallee,"", 
VIC,MARNOO EAST,3477,Mallee,"", 
VIC,MOOLERR,3477,Mallee,"", 
VIC,MOYREISK,3477,Mallee,"", 
VIC,PARADISE,3477,Mallee,"", 
VIC,REDBANK,3477,Mallee,"", 
VIC,ROSTRON,3477,Mallee,"", 
VIC,SLATY CREEK,3477,Mallee,"", 
VIC,ST ARNAUD EAST,3477,Mallee,"", 
VIC,ST ARNAUD NORTH,3477,Mallee,"", 
VIC,STUART MILL,3477,Mallee,"", 
VIC,SUTHERLAND,3477,Mallee,"", 
VIC,SWANWATER,3477,Mallee,"", 
VIC,TOTTINGTON,3477,Mallee,"", 
VIC,TRAYNORS LAGOON,3477,Mallee,"", 
VIC,WINJALLOK,3477,Mallee,"", 
VIC,YORK PLAINS,3477,Mallee,"", 
VIC,DOOBOOBETIC,3478,Mallee,"", 
VIC,MOONAMBEL,3478,Mallee,"", 
VIC,PERCYDALE,3478,Mallee,"", 
VIC,ST ARNAUD,3478,Mallee,"", 
VIC,TANWOOD,3478,Mallee,"", 
VIC,WARRENMANG,3478,Mallee,"", 
VIC,YAWONG HILLS,3478,Mallee,"", 
VIC,AREEGRA,3480,Mallee,"", 
VIC,CARRON,3480,Mallee,"", 
VIC,COPE COPE,3480,Mallee,"", 
VIC,CORACK,3480,Mallee,"", 
VIC,CORACK EAST,3480,Mallee,"", 
VIC,DONALD,3480,Mallee,"", 
VIC,GIL GIL,3480,Mallee,"", 
VIC,JEFFCOTT,3480,Mallee,"", 
VIC,JEFFCOTT NORTH,3480,Mallee,"", 
VIC,LAEN,3480,Mallee,"", 
VIC,LAEN EAST,3480,Mallee,"", 
VIC,LAEN NORTH,3480,Mallee,"", 
VIC,LAWLER,3480,Mallee,"", 
VIC,LITCHFIELD,3480,Mallee,"", 
VIC,RICH AVON,3480,Mallee,"", 
VIC,RICH AVON EAST,3480,Mallee,"", 
VIC,RICH AVON WEST,3480,Mallee,"", 
VIC,SWANWATER WEST,3480,Mallee,"", 
VIC,MASSEY,3482,Mallee,"", 
VIC,MORTON PLAINS,3482,Mallee,"", 
VIC,WARMUR,3482,Mallee,"", 
VIC,WATCHEM,3482,Mallee,"", 
VIC,WATCHEM WEST,3482,Mallee,"", 
VIC,BALLAPUR,3483,Mallee,"", 
VIC,BIRCHIP,3483,Mallee,"", 
VIC,BIRCHIP WEST,3483,Mallee,"", 
VIC,CURYO,3483,Mallee,"", 
VIC,JIL JIL,3483,Mallee,"", 
VIC,KARYRIE,3483,Mallee,"", 
VIC,KINNABULLA,3483,Mallee,"", 
VIC,MARLBED,3483,Mallee,"", 
VIC,NARRAPORT,3483,Mallee,"", 
VIC,WHIRILY,3483,Mallee,"", 
VIC,BANYAN,3485,Mallee,"", 
VIC,WATCHUPGA,3485,Mallee,"", 
VIC,WILLANGIE,3485,Mallee,"", 
VIC,WOOMELANG,3485,Mallee,"", 
VIC,LASCELLES,3487,Mallee,"", 
VIC,SPEED,3488,Mallee,"", 
VIC,TURRIFF,3488,Mallee,"", 
VIC,TURRIFF EAST,3488,Mallee,"", 
VIC,TEMPY,3489,Mallee,"", 
VIC,BIG DESERT,3490,Mallee,"", 
VIC,BOINKA,3490,Mallee,"", 
VIC,KULWIN,3490,Mallee,"", 
VIC,MITTYACK,3490,Mallee,"", 
VIC,MURRAY-SUNSET,3490,Mallee,"", 
VIC,OUYEN,3490,Mallee,"", 
VIC,TORRITA,3490,Mallee,"", 
VIC,TUTYE,3490,Mallee,"", 
VIC,PATCHEWOLLOCK,3491,Mallee,"", 
VIC,CARWARP,3494,Mallee,"", 
VIC,COLIGNAN,3494,Mallee,"", 
VIC,IRAAK,3494,Mallee,"", 
VIC,NANGILOC,3494,Mallee,"", 
VIC,CARDROSS,3496,Mallee,"", 
VIC,CULLULLERAINE,3496,Mallee,"", 
VIC,KARADOC,3496,Mallee,"",RED CLIFFS
VIC,MERINGUR,3496,Mallee,"", 
VIC,MERRINEE,3496,Mallee,"", 
VIC,NEDS CORNER,3496,Mallee,"", 
VIC,RED CLIFFS,3496,Mallee,"", 
VIC,SUNNYCLIFFS,3496,Mallee,"",RED CLIFFS
VIC,WERRIMULL,3496,Mallee,"", 
VIC,IRYMPLE,3498,Mallee,"", 
VIC,MILDURA,3500,Mallee,"", 
VIC,HATTAH,3501,Mallee,"", 
VIC,KINGS BILLABONG,3501,Mallee,"",NICHOLS POINT
VIC,KOORLONG,3501,Mallee,"", 
VIC,NICHOLS POINT,3501,Mallee,"", 
VIC,BIRDWOODTON,3505,Mallee,"", 
VIC,CABARITA,3505,Mallee,"", 
VIC,MERBEIN,3505,Mallee,"", 
VIC,MERBEIN SOUTH,3505,Mallee,"", 
VIC,MERBEIN WEST,3505,Mallee,"", 
VIC,WARGAN,3505,Mallee,"", 
VIC,YELTA,3505,Mallee,"", 
VIC,COWANGIE,3506,Mallee,"", 
VIC,WALPEUP,3507,Mallee,"", 
VIC,LINGA,3509,Mallee,"", 
VIC,UNDERBOOL,3509,Mallee,"", 
VIC,CARINA,3512,Mallee,"", 
VIC,MURRAYVILLE,3512,Mallee,"", 
VIC,PANITYA,3512,Mallee,"", 
VIC,MARONG,3515,Bendigo,"", 
VIC,MARONG,3515,Mallee,"", 
VIC,SHELBOURNE,3515,Bendigo,"", 
VIC,SHELBOURNE,3515,Mallee,"", 
VIC,WILSONS HILL,3515,Bendigo,"", 
VIC,BRIDGEWATER,3516,Mallee,"", 
VIC,BRIDGEWATER NORTH,3516,Mallee,"", 
VIC,BRIDGEWATER ON LODDON,3516,Mallee,"", 
VIC,DERBY,3516,Mallee,"", 
VIC,LEICHARDT,3516,Bendigo,"", 
VIC,LEICHARDT,3516,Mallee,"", 
VIC,YARRABERB,3516,Mallee,"", 
VIC,BEARS LAGOON,3517,Mallee,"", 
VIC,BRENANAH,3517,Mallee,"", 
VIC,GLENALBYN,3517,Mallee,"", 
VIC,INGLEWOOD,3517,Mallee,"", 
VIC,JARKLIN,3517,Mallee,"", 
VIC,KINGOWER,3517,Mallee,"", 
VIC,KURTING,3517,Mallee,"", 
VIC,POWLETT PLAINS,3517,Mallee,"", 
VIC,RHEOLA,3517,Mallee,"", 
VIC,SALISBURY WEST,3517,Mallee,"", 
VIC,SERPENTINE,3517,Mallee,"", 
VIC,BERRIMAL,3518,Mallee,"", 
VIC,BORUNG,3518,Mallee,"", 
VIC,FENTONS CREEK,3518,Mallee,"", 
VIC,FERNIHURST,3518,Mallee,"", 
VIC,FIERY FLAT,3518,Mallee,"", 
VIC,KURRACA,3518,Mallee,"", 
VIC,KURRACA WEST,3518,Mallee,"", 
VIC,MYSIA,3518,Mallee,"", 
VIC,NINE MILE,3518,Mallee,"", 
VIC,RICHMOND PLAINS,3518,Mallee,"", 
VIC,SKINNERS FLAT,3518,Mallee,"", 
VIC,WEDDERBURN,3518,Mallee,"", 
VIC,WEDDERBURN JUNCTION,3518,Mallee,"", 
VIC,WEHLA,3518,Mallee,"", 
VIC,WOOLSHED FLAT,3518,Mallee,"", 
VIC,WOOSANG,3518,Mallee,"", 
VIC,KINYPANIAL,3520,Mallee,"", 
VIC,KORONG VALE,3520,Mallee,"", 
VIC,PYALONG,3521,Nicholls,"", 
VIC,GLENHOPE EAST,3522,Bendigo,"", 
VIC,TOOBORAC,3522,Nicholls,"", 
VIC,ARGYLE,3523,Bendigo,"", 
VIC,COSTERFIELD,3523,Bendigo,"", 
VIC,DERRINAL,3523,Bendigo,"", 
VIC,HEATHCOTE,3523,Bendigo,"", 
VIC,HEATHCOTE SOUTH,3523,Bendigo,"", 
VIC,KNOWSLEY,3523,Bendigo,"", 
VIC,LADYS PASS,3523,Bendigo,"", 
VIC,MOORMBOOL WEST,3523,Nicholls,"", 
VIC,MOUNT CAMEL,3523,Bendigo,"", 
VIC,REDCASTLE,3523,Bendigo,"", 
VIC,REDCASTLE,3523,Nicholls,"", 
VIC,BARRAKEE,3525,Mallee,"", 
VIC,BUCKRABANYULE,3525,Mallee,"", 
VIC,CHARLTON,3525,Mallee,"", 
VIC,CHIRRIP,3525,Mallee,"", 
VIC,GRANITE FLAT,3525,Mallee,"", 
VIC,LAKE MARMAL,3525,Mallee,"", 
VIC,NAREEWILLOCK,3525,Mallee,"", 
VIC,TERRAPPEE,3525,Mallee,"", 
VIC,WOOROONOOK,3525,Mallee,"", 
VIC,WYCHITELLA,3525,Mallee,"", 
VIC,WYCHITELLA NORTH,3525,Mallee,"", 
VIC,YEUNGROON,3525,Mallee,"", 
VIC,YEUNGROON EAST,3525,Mallee,"", 
VIC,BUNGULUKE,3527,Mallee,"", 
VIC,DUMOSA,3527,Mallee,"", 
VIC,GLENLOTH,3527,Mallee,"", 
VIC,GLENLOTH EAST,3527,Mallee,"", 
VIC,JERUK,3527,Mallee,"", 
VIC,NINYEUNOOK,3527,Mallee,"", 
VIC,TEDDYWADDY,3527,Mallee,"", 
VIC,TEDDYWADDY WEST,3527,Mallee,"", 
VIC,THALIA,3527,Mallee,"", 
VIC,TOWANINNY,3527,Mallee,"", 
VIC,TOWANINNY SOUTH,3527,Mallee,"", 
VIC,WYCHEPROOF,3527,Mallee,"", 
VIC,WYCHEPROOF SOUTH,3527,Mallee,"", 
VIC,KALPIENUNG,3529,Mallee,"", 
VIC,NULLAWIL,3529,Mallee,"", 
VIC,CULGOA,3530,Mallee,"", 
VIC,SUTTON,3530,Mallee,"", 
VIC,WANGIE,3530,Mallee,"", 
VIC,WARNE,3530,Mallee,"", 
VIC,BERRIWILLOCK,3531,Mallee,"", 
VIC,BOIGBEAT,3531,Mallee,"", 
VIC,BIMBOURIE,3533,Mallee,"", 
VIC,MYALL,3533,Mallee,"", 
VIC,NANDALY,3533,Mallee,"", 
VIC,NINDA,3533,Mallee,"", 
VIC,NYARRIN,3533,Mallee,"", 
VIC,PIER MILAN,3533,Mallee,"", 
VIC,SEA LAKE,3533,Mallee,"", 
VIC,STRATEN,3533,Mallee,"", 
VIC,TYENNA,3533,Mallee,"", 
VIC,TYRRELL,3533,Mallee,"", 
VIC,TYRRELL DOWNS,3533,Mallee,"", 
VIC,BARRAPORT,3537,Mallee,"", 
VIC,BARRAPORT WEST,3537,Mallee,"", 
VIC,BOORT,3537,Mallee,"", 
VIC,CANARY ISLAND,3537,Mallee,"", 
VIC,CATUMNAL,3537,Mallee,"", 
VIC,GREDGWIN,3537,Mallee,"", 
VIC,LEAGHUR,3537,Mallee,"", 
VIC,MINMINDIE,3537,Mallee,"", 
VIC,YANDO,3537,Mallee,"", 
VIC,CANNIE,3540,Mallee,"", 
VIC,OAKVALE,3540,Mallee,"", 
VIC,QUAMBATOOK,3540,Mallee,"", 
VIC,COKUM,3542,Mallee,"", 
VIC,LALBERT,3542,Mallee,"", 
VIC,TITTYBONG,3542,Mallee,"", 
VIC,CHINANGIN,3544,Mallee,"", 
VIC,GOWANFORD,3544,Mallee,"", 
VIC,MURNUNGIN,3544,Mallee,"", 
VIC,SPRINGFIELD,3544,Mallee,"", 
VIC,ULTIMA,3544,Mallee,"", 
VIC,ULTIMA EAST,3544,Mallee,"", 
VIC,WAITCHIE,3544,Mallee,"", 
VIC,BOLTON,3546,Mallee,"", 
VIC,CHINKAPOOK,3546,Mallee,"", 
VIC,COCAMBA,3546,Mallee,"", 
VIC,GERAHMIN,3546,Mallee,"", 
VIC,MANANGATANG,3546,Mallee,"", 
VIC,TUROAR,3546,Mallee,"", 
VIC,WINNAMBOOL,3546,Mallee,"", 
VIC,ANNUELLO,3549,Mallee,"", 
VIC,BANNERTON,3549,Mallee,"", 
VIC,HAPPY VALLEY,3549,Mallee,"", 
VIC,LIPAROO,3549,Mallee,"", 
VIC,ROBINVALE,3549,Mallee,"", 
VIC,TOL TOL,3549,Mallee,"", 
VIC,WANDOWN,3549,Mallee,"", 
VIC,WEMEN,3549,Mallee,"", 
VIC,BENDIGO,3550,Bendigo,"", 
VIC,EAST BENDIGO,3550,Bendigo,"", 
VIC,FLORA HILL,3550,Bendigo,"", 
VIC,IRONBARK,3550,Bendigo,"", 
VIC,KENNINGTON,3550,Bendigo,"", 
VIC,LONG GULLY,3550,Bendigo,"", 
VIC,NORTH BENDIGO,3550,Bendigo,"", 
VIC,QUARRY HILL,3550,Bendigo,"", 
VIC,SPRING GULLY,3550,Bendigo,"", 
VIC,STRATHDALE,3550,Bendigo,"", 
VIC,WEST BENDIGO,3550,Bendigo,"", 
VIC,WHITE HILLS,3550,Bendigo,"", 
VIC,ARNOLD,3551,Mallee,"", 
VIC,ARNOLD WEST,3551,Mallee,"", 
VIC,ASCOT,3551,Bendigo,"", 
VIC,AXE CREEK,3551,Bendigo,"", 
VIC,AXEDALE,3551,Bendigo,"", 
VIC,BAGSHOT,3551,Bendigo,"", 
VIC,BAGSHOT NORTH,3551,Bendigo,"", 
VIC,CORNELLA,3551,Nicholls,"", 
VIC,EMU CREEK,3551,Bendigo,"", 
VIC,EPPALOCK,3551,Bendigo,"", 
VIC,EPSOM,3551,Bendigo,"", 
VIC,HUNTLY,3551,Bendigo,"", 
VIC,HUNTLY NORTH,3551,Bendigo,"", 
VIC,JUNORTOUN,3551,Bendigo,"", 
VIC,KIMBOLTON,3551,Bendigo,"", 
VIC,KNOWSLEY,3551,Bendigo,"", 
VIC,LLANELLY,3551,Mallee,"", 
VIC,LOCKWOOD,3551,Bendigo,"", 
VIC,LOCKWOOD SOUTH,3551,Bendigo,"", 
VIC,LONGLEA,3551,Bendigo,"", 
VIC,MAIDEN GULLY,3551,Bendigo,"", 
VIC,MANDURANG,3551,Bendigo,"", 
VIC,MANDURANG SOUTH,3551,Bendigo,"", 
VIC,MURPHYS CREEK,3551,Mallee,"", 
VIC,MYOLA,3551,Nicholls,"", 
VIC,MYRTLE CREEK,3551,Bendigo,"", 
VIC,NEWBRIDGE,3551,Mallee,"", 
VIC,PAINSWICK,3551,Mallee,"", 
VIC,SEDGWICK,3551,Bendigo,"", 
VIC,STRATHFIELDSAYE,3551,Bendigo,"", 
VIC,TARNAGULLA,3551,Mallee,"", 
VIC,TOOLLEEN,3551,Bendigo,"", 
VIC,TOOLLEEN,3551,Nicholls,"", 
VIC,WAANYARRA,3551,Mallee,"", 
VIC,WELLSFORD,3551,Bendigo,"", 
VIC,WOODSTOCK ON LODDON,3551,Mallee,"", 
VIC,BIG HILL,3555,Bendigo,"", 
VIC,GOLDEN GULLY,3555,Bendigo,"", 
VIC,GOLDEN SQUARE,3555,Bendigo,"", 
VIC,KANGAROO FLAT,3555,Bendigo,"", 
VIC,MAIDEN GULLY,3555,Bendigo,"", 
VIC,WEST BENDIGO,3555,Bendigo,"", 
VIC,CALIFORNIA GULLY,3556,Bendigo,"", 
VIC,CAMPBELLS FOREST,3556,Mallee,"", 
VIC,EAGLEHAWK,3556,Bendigo,"", 
VIC,EAGLEHAWK NORTH,3556,Bendigo,"", 
VIC,JACKASS FLAT,3556,Bendigo,"", 
VIC,LONG GULLY,3556,Bendigo,"", 
VIC,MAIDEN GULLY,3556,Bendigo,"", 
VIC,MYERS FLAT,3556,Bendigo,"", 
VIC,NORTH BENDIGO,3556,Bendigo,"", 
VIC,SAILORS GULLY,3556,Bendigo,"", 
VIC,SEBASTIAN,3556,Bendigo,"", 
VIC,SEBASTIAN,3556,Mallee,"", 
VIC,WHIPSTICK,3556,Bendigo,"", 
VIC,WOODVALE,3556,Bendigo,"", 
VIC,BARNADOWN,3557,Bendigo,"", 
VIC,FOSTERVILLE,3557,Bendigo,"", 
VIC,GOORNONG,3557,Bendigo,"", 
VIC,MUSKERRY,3557,Nicholls,"", 
VIC,BURNEWANG,3558,Nicholls,"", 
VIC,CREEK VIEW,3558,Nicholls,"", 
VIC,ELMORE,3558,Bendigo,"", 
VIC,HUNTER,3558,Bendigo,"", 
VIC,RUNNYMEDE,3558,Nicholls,"", 
VIC,AVONMORE,3559,Bendigo,"", 
VIC,BURRAMBOOT,3559,Nicholls,"", 
VIC,COLBINABBIN,3559,Nicholls,"", 
VIC,COROP,3559,Nicholls,"", 
VIC,GOBARUP,3559,Nicholls,"", 
VIC,BALLENDELLA,3561,Nicholls,"", 
VIC,BAMAWM,3561,Nicholls,"", 
VIC,BONN,3561,Nicholls,"", 
VIC,DIGGORA,3561,Nicholls,"", 
VIC,FAIRY DELL,3561,Nicholls,"", 
VIC,NANNEELLA,3561,Nicholls,"", 
VIC,ROCHESTER,3561,Nicholls,"", 
VIC,TIMMERING,3561,Nicholls,"", 
VIC,TORRUMBARRY,3562,Nicholls,"", 
VIC,LOCKINGTON,3563,Nicholls,"", 
VIC,BAMAWM EXTENSION,3564,Nicholls,"", 
VIC,ECHUCA,3564,Nicholls,"", 
VIC,ECHUCA VILLAGE,3564,Nicholls,"", 
VIC,ECHUCA WEST,3564,Nicholls,"", 
VIC,KANYAPELLA,3564,Nicholls,"", 
VIC,PATHO,3564,Nicholls,"", 
VIC,ROSLYNMEAD,3564,Nicholls,"", 
VIC,WHARPARILLA,3564,Nicholls,"", 
VIC,KOTTA,3565,Nicholls,"", 
VIC,GUNBOWER,3566,Nicholls,"", 
VIC,HORFIELD,3567,Mallee,"", 
VIC,LEITCHVILLE,3567,Mallee,"", 
VIC,BURKES BRIDGE,3568,Mallee,"", 
VIC,COHUNA,3568,Mallee,"", 
VIC,CULLEN,3568,Mallee,"", 
VIC,DALTONS BRIDGE,3568,Mallee,"", 
VIC,GANNAWARRA,3568,Mallee,"", 
VIC,KEELY,3568,Mallee,"", 
VIC,MACORNA NORTH,3568,Mallee,"", 
VIC,MCMILLANS,3568,Mallee,"", 
VIC,MEAD,3568,Mallee,"", 
VIC,MINCHA WEST,3568,Mallee,"", 
VIC,WEE WEE RUP,3568,Mallee,"", 
VIC,AUCHMORE,3570,Mallee,"", 
VIC,DRUMMARTIN,3570,Bendigo,"", 
VIC,KAMAROOKA,3570,Bendigo,"", 
VIC,KAMAROOKA,3570,Mallee,"", 
VIC,NEILBOROUGH,3570,Bendigo,"", 
VIC,RAYWOOD,3570,Bendigo,"", 
VIC,RAYWOOD,3570,Mallee,"", 
VIC,DINGEE,3571,Mallee,"", 
VIC,KAMAROOKA NORTH,3571,Mallee,"", 
VIC,POMPAPIEL,3571,Mallee,"", 
VIC,TANDARRA,3571,Mallee,"", 
VIC,MILLOO,3572,Nicholls,"", 
VIC,PRAIRIE,3572,Mallee,"", 
VIC,TENNYSON,3572,Nicholls,"", 
VIC,CALIVIL,3573,Mallee,"", 
VIC,MITIAMO,3573,Mallee,"", 
VIC,MITIAMO,3573,Nicholls,"", 
VIC,PINE GROVE,3573,Nicholls,"", 
VIC,TERRICK TERRICK EAST,3573,Nicholls,"", 
VIC,GLADFIELD,3575,Mallee,"", 
VIC,JUNGABURRA,3575,Mallee,"", 
VIC,LODDON VALE,3575,Mallee,"", 
VIC,MINCHA,3575,Mallee,"", 
VIC,MOLOGA,3575,Mallee,"", 
VIC,PYRAMID HILL,3575,Mallee,"", 
VIC,SYLVATERRE,3575,Mallee,"", 
VIC,TERRICK TERRICK,3575,Mallee,"", 
VIC,YARRAWALLA,3575,Mallee,"", 
VIC,DURHAM OX,3576,Mallee,"", 
VIC,APPIN,3579,Mallee,"", 
VIC,APPIN SOUTH,3579,Mallee,"", 
VIC,BAEL BAEL,3579,Mallee,"", 
VIC,BEAUCHAMP,3579,Mallee,"", 
VIC,BENJEROOP,3579,Mallee,"", 
VIC,BUDGERUM EAST,3579,Mallee,"", 
VIC,CAPELS CROSSING,3579,Mallee,"", 
VIC,DINGWALL,3579,Mallee,"", 
VIC,FAIRLEY,3579,Mallee,"", 
VIC,GONN CROSSING,3579,Mallee,"", 
VIC,KERANG,3579,Mallee,"", 
VIC,KERANG EAST,3579,Mallee,"", 
VIC,KOROOP,3579,Mallee,"", 
VIC,LAKE MERAN,3579,Mallee,"", 
VIC,MACORNA,3579,Mallee,"", 
VIC,MEERING WEST,3579,Mallee,"", 
VIC,MILNES BRIDGE,3579,Mallee,"", 
VIC,MURRABIT,3579,Mallee,"", 
VIC,MURRABIT WEST,3579,Mallee,"", 
VIC,MYALL,3579,Mallee,"", 
VIC,MYSTIC PARK,3579,Mallee,"", 
VIC,NORMANVILLE,3579,Mallee,"", 
VIC,PINE VIEW,3579,Mallee,"", 
VIC,REEDY LAKE,3579,Mallee,"", 
VIC,SANDHILL LAKE,3579,Mallee,"", 
VIC,TEAL POINT,3579,Mallee,"", 
VIC,TRAGOWEL,3579,Mallee,"", 
VIC,WANDELLA,3579,Mallee,"", 
VIC,WESTBY,3579,Mallee,"", 
VIC,KOONDROOK,3580,Mallee,"", 
VIC,LAKE CHARM,3581,Mallee,"", 
VIC,TRESCO,3583,Mallee,"", 
VIC,LAKE BOGA,3584,Mallee,"", 
VIC,TRESCO WEST,3584,Mallee,"", 
VIC,CASTLE DONNINGTON,3585,Mallee,"", 
VIC,CHILLINGOLLAH,3585,Mallee,"", 
VIC,FISH POINT,3585,Mallee,"", 
VIC,GOSCHEN,3585,Mallee,"", 
VIC,KUNAT,3585,Mallee,"", 
VIC,MEATIAN,3585,Mallee,"", 
VIC,NOWIE,3585,Mallee,"", 
VIC,NYRRABY,3585,Mallee,"", 
VIC,PIRA,3585,Mallee,"", 
VIC,POLISBET,3585,Mallee,"", 
NSW,SPEEWA,3585,Farrer,"", 
VIC,SPEEWA,3585,Mallee,"", 
VIC,SWAN HILL,3585,Mallee,"", 
VIC,SWAN HILL WEST,3585,Mallee,"", 
VIC,WINLATON,3585,Mallee,"", 
VIC,BULGA,3586,Mallee,"", 
NSW,MALLAN,3586,Farrer,"", 
VIC,MURRAWEE,3586,Mallee,"", 
VIC,MURRAYDALE,3586,Mallee,"", 
VIC,PENTAL ISLAND,3586,Mallee,"", 
VIC,TYNTYNDER,3586,Mallee,"", 
VIC,TYNTYNDER SOUTH,3586,Mallee,"", 
VIC,WOORINEN SOUTH,3588,Mallee,"", 
VIC,WOORINEN,3589,Mallee,"", 
VIC,WOORINEN NORTH,3589,Mallee,"", 
VIC,BEVERFORD,3590,Mallee,"", 
VIC,VINIFERA,3591,Mallee,"", 
VIC,NYAH,3594,Mallee,"", 
VIC,NYAH WEST,3595,Mallee,"", 
VIC,MIRALIE,3596,Mallee,"", 
VIC,TOWAN,3596,Mallee,"", 
VIC,WOOD WOOD,3596,Mallee,"", 
VIC,KENLEY,3597,Mallee,"", 
VIC,KOOLOONONG,3597,Mallee,"", 
VIC,LAKE POWELL,3597,Mallee,"", 
VIC,NARRUNG,3597,Mallee,"", 
VIC,NATYA,3597,Mallee,"", 
VIC,PIANGIL,3597,Mallee,"", 
VIC,BOUNDARY BEND,3599,Mallee,"", 
VIC,TABILK,3607,Casey,"", 
VIC,TABILK,3607,Nicholls,"", 
VIC,BAILIESTON,3608,Nicholls,"", 
VIC,GOULBURN WEIR,3608,Nicholls,"", 
VIC,GRAYTOWN,3608,Nicholls,"", 
VIC,KIRWANS BRIDGE,3608,Nicholls,"", 
VIC,MITCHELLSTOWN,3608,Nicholls,"", 
VIC,NAGAMBIE,3608,Nicholls,"", 
VIC,WAHRING,3608,Nicholls,"", 
VIC,WIRRATE,3608,Nicholls,"", 
VIC,DHURRINGILE,3610,Nicholls,"", 
VIC,MOORILIM,3610,Nicholls,"", 
VIC,MURCHISON,3610,Nicholls,"", 
VIC,MURCHISON EAST,3610,Nicholls,"", 
VIC,MURCHISON NORTH,3610,Nicholls,"", 
VIC,MOORA,3612,Nicholls,"", 
VIC,RUSHWORTH,3612,Nicholls,"", 
VIC,WANALTA,3612,Nicholls,"", 
VIC,WARANGA SHORES,3612,Nicholls,"", 
VIC,WHROO,3612,Nicholls,"", 
VIC,TOOLAMBA,3614,Nicholls,"", 
VIC,TOOLAMBA WEST,3614,Nicholls,"", 
VIC,COOMA,3616,Nicholls,"", 
VIC,GILLIESTON,3616,Nicholls,"", 
VIC,GIRGARRE EAST,3616,Nicholls,"", 
VIC,HARSTON,3616,Nicholls,"", 
VIC,MOOROOPNA NORTH WEST,3616,Nicholls,"", 
VIC,TATURA,3616,Nicholls,"", 
VIC,TATURA EAST,3616,Nicholls,"", 
VIC,WARANGA,3616,Nicholls,"", 
VIC,BYRNESIDE,3617,Nicholls,"", 
VIC,MERRIGUM,3618,Nicholls,"", 
VIC,KYABRAM,3620,Nicholls,"", 
VIC,KYABRAM SOUTH,3620,Nicholls,"", 
VIC,LANCASTER,3620,Nicholls,"", 
VIC,ST GERMAINS,3620,Nicholls,"", 
VIC,WYUNA,3620,Nicholls,"", 
VIC,WYUNA EAST,3620,Nicholls,"", 
VIC,KYVALLEY,3621,Nicholls,"", 
VIC,TONGALA,3621,Nicholls,"", 
VIC,YAMBUNA,3621,Nicholls,"", 
VIC,KOYUGA,3622,Nicholls,"", 
VIC,STRATHALLAN,3622,Nicholls,"", 
VIC,CARAG CARAG,3623,Nicholls,"", 
VIC,STANHOPE,3623,Nicholls,"", 
VIC,STANHOPE SOUTH,3623,Nicholls,"", 
VIC,GIRGARRE,3624,Nicholls,"", 
VIC,ARDMONA,3629,Nicholls,"", 
VIC,COOMBOONA,3629,Nicholls,"", 
VIC,MOOROOPNA,3629,Nicholls,"", 
VIC,MOOROOPNA NORTH,3629,Nicholls,"", 
VIC,UNDERA,3629,Nicholls,"", 
VIC,CANIAMBO,3630,Nicholls,"", 
VIC,SHEPPARTON,3630,Nicholls,"", 
VIC,ARCADIA,3631,Nicholls,"", 
VIC,ARCADIA SOUTH,3631,Nicholls,"", 
VIC,COSGROVE,3631,Nicholls,"", 
VIC,COSGROVE SOUTH,3631,Nicholls,"", 
VIC,GRAHAMVALE,3631,Nicholls,"", 
VIC,KARRAMOMUS,3631,Nicholls,"", 
VIC,KIALLA,3631,Nicholls,"", 
VIC,KIALLA EAST,3631,Nicholls,"", 
VIC,KIALLA LAKES,3631,Nicholls,"",KIALLA
VIC,KIALLA WEST,3631,Nicholls,"", 
VIC,LEMNOS,3631,Nicholls,"", 
VIC,ORRVALE,3631,Nicholls,"", 
VIC,PINE LODGE,3631,Nicholls,"", 
VIC,SHEPPARTON EAST,3631,Nicholls,"", 
VIC,SHEPPARTON NORTH,3631,Nicholls,"", 
VIC,CONGUPNA,3633,Nicholls,"", 
VIC,BUNBARTHA,3634,Nicholls,"", 
VIC,INVERGORDON SOUTH,3634,Nicholls,"",KATANDRA WEST
VIC,KATANDRA,3634,Nicholls,"", 
VIC,KATANDRA WEST,3634,Nicholls,"", 
VIC,MARIONVALE,3634,Nicholls,"", 
VIC,MARUNGI,3634,Nicholls,"", 
VIC,TALLYGAROOPNA,3634,Nicholls,"", 
VIC,ZEERUST,3634,Nicholls,"", 
VIC,KAARIMBA,3635,Nicholls,"", 
VIC,MUNDOONA,3635,Nicholls,"", 
VIC,WUNGHNU,3635,Nicholls,"", 
VIC,DRUMANURE,3636,Nicholls,"", 
VIC,INVERGORDON,3636,Nicholls,"", 
VIC,NARING,3636,Nicholls,"", 
VIC,NUMURKAH,3636,Nicholls,"", 
VIC,WAAIA,3637,Nicholls,"", 
VIC,YALCA,3637,Nicholls,"", 
VIC,KOTUPNA,3638,Nicholls,"", 
VIC,NATHALIA,3638,Nicholls,"", 
VIC,YIELIMA,3638,Nicholls,"", 
VIC,BARMAH,3639,Nicholls,"", 
VIC,LOWER MOIRA,3639,Nicholls,"", 
VIC,PICOLA,3639,Nicholls,"", 
VIC,PICOLA WEST,3639,Nicholls,"", 
VIC,KATUNGA,3640,Nicholls,"", 
VIC,BEARII,3641,Nicholls,"", 
VIC,MYWEE,3641,Nicholls,"", 
VIC,STRATHMERTON,3641,Nicholls,"", 
VIC,ULUPNA,3641,Nicholls,"", 
NSW,BAROOGA,3644,Farrer,"", 
VIC,COBRAM,3644,Nicholls,"", 
VIC,COBRAM EAST,3644,Nicholls,"", 
VIC,KOONOOMOO,3644,Nicholls,"", 
NSW,LALALTY,3644,Farrer,"", 
VIC,MUCKATAH,3644,Nicholls,"", 
VIC,YARROWEYAH,3644,Nicholls,"", 
VIC,DOOKIE,3646,Nicholls,"", 
VIC,MOUNT MAJOR,3646,Nicholls,"", 
VIC,NALINGA,3646,Indi,"", 
VIC,NALINGA,3646,Nicholls,"", 
VIC,WAGGARANDALL,3646,Nicholls,"", 
VIC,WATTVILLE,3646,Nicholls,"",WAGGARANDALL
VIC,YABBA NORTH,3646,Nicholls,"", 
VIC,YABBA SOUTH,3646,Nicholls,"", 
VIC,YOUANMITE,3646,Nicholls,"", 
VIC,DOOKIE COLLEGE,3647,Nicholls,"", 
VIC,KATAMATITE,3649,Nicholls,"", 
VIC,KATAMATITE EAST,3649,Nicholls,"", 
VIC,BROADFORD,3658,Nicholls,"", 
VIC,CLONBINANE,3658,McEwen,"", 
VIC,HAZELDENE,3658,Indi,"",FLOWERDALE
VIC,REEDY CREEK,3658,Nicholls,"", 
VIC,STRATH CREEK,3658,Indi,"", 
VIC,SUGARLOAF CREEK,3658,Nicholls,"", 
VIC,SUNDAY CREEK,3658,Nicholls,"", 
VIC,TYAAK,3658,Nicholls,"", 
VIC,WATERFORD PARK,3658,McEwen,"", 
VIC,TALLAROOK,3659,Nicholls,"", 
VIC,CAVEAT,3660,Indi,"", 
VIC,DROPMORE,3660,Indi,"", 
VIC,HIGHLANDS,3660,Indi,"", 
VIC,HIGHLANDS,3660,Nicholls,"", 
VIC,HILLDENE,3660,Nicholls,"", 
VIC,KERRISDALE,3660,Indi,"", 
VIC,NORTHWOOD,3660,Nicholls,"", 
VIC,SEYMOUR,3660,Nicholls,"", 
VIC,TRAWOOL,3660,Indi,"", 
VIC,TRAWOOL,3660,Nicholls,"", 
VIC,WHITEHEADS CREEK,3660,Nicholls,"", 
VIC,PUCKAPUNYAL,3662,Nicholls,"", 
VIC,MANGALORE,3663,Nicholls,"", 
VIC,AVENEL,3664,Nicholls,"", 
VIC,UPTON HILL,3664,Nicholls,"", 
VIC,LOCKSLEY,3665,Nicholls,"", 
VIC,LONGWOOD,3665,Nicholls,"", 
VIC,BALMATTUM,3666,Indi,"", 
VIC,CREIGHTONS CREEK,3666,Indi,"", 
VIC,EUROA,3666,Indi,"", 
VIC,GOORAM,3666,Indi,"", 
VIC,KELVIN VIEW,3666,Indi,"", 
VIC,KITHBROOK,3666,Indi,"", 
VIC,LONGWOOD EAST,3666,Nicholls,"", 
VIC,MIEPOLL,3666,Nicholls,"", 
VIC,MOGLONEMBY,3666,Nicholls,"", 
VIC,MOLKA,3666,Nicholls,"", 
VIC,PRANJIP,3666,Nicholls,"", 
VIC,RIGGS CREEK,3666,Nicholls,"", 
VIC,RUFFY,3666,Indi,"", 
VIC,SHEANS CREEK,3666,Indi,"", 
VIC,STRATHBOGIE,3666,Indi,"", 
VIC,TARCOMBE,3666,Nicholls,"", 
VIC,BOHO,3669,Indi,"", 
VIC,BOHO SOUTH,3669,Indi,"", 
VIC,CREEK JUNCTION,3669,Indi,"", 
VIC,EARLSTON,3669,Indi,"", 
VIC,GOWANGARDIE,3669,Nicholls,"", 
VIC,KOONDA,3669,Indi,"", 
VIC,MARRAWEENEY,3669,Indi,"", 
VIC,TAMLEUGH,3669,Nicholls,"", 
VIC,TAMLEUGH NORTH,3669,Nicholls,"", 
VIC,UPOTIPOTPON,3669,Indi,"", 
VIC,VIOLET TOWN,3669,Indi,"", 
VIC,VIOLET TOWN,3669,Nicholls,"", 
VIC,BADDAGINNIE,3670,Indi,"", 
VIC,TARNOOK,3670,Indi,"", 
VIC,WARRENBAYNE,3670,Indi,"", 
VIC,BENALLA,3672,Indi,"", 
VIC,BROKEN CREEK,3673,Indi,"", 
VIC,GOOMALIBEE,3673,Indi,"", 
VIC,KILFEERA,3673,Indi,"",LURG
VIC,LAKE MOKOAN,3673,Indi,"",CHESNEY VALE
VIC,LIMA,3673,Indi,"", 
VIC,LIMA EAST,3673,Indi,"", 
VIC,LIMA SOUTH,3673,Indi,"", 
VIC,LURG,3673,Indi,"", 
VIC,MOKOAN,3673,Indi,"",CHESNEY VALE
VIC,MOLYULLAH,3673,Indi,"", 
VIC,MOORNGAG,3673,Indi,"", 
VIC,SAMARIA,3673,Indi,"", 
VIC,SWANPOOL,3673,Indi,"", 
VIC,TATONG,3673,Indi,"", 
VIC,UPPER LURG,3673,Indi,"", 
VIC,UPPER RYANS CREEK,3673,Indi,"", 
VIC,WINTON,3673,Indi,"", 
VIC,WINTON NORTH,3673,Indi,"", 
VIC,BOWEYA,3675,Indi,"", 
VIC,BOWEYA NORTH,3675,Nicholls,"", 
VIC,GLENROWAN,3675,Indi,"", 
VIC,GLENROWAN WEST,3675,Indi,"", 
VIC,GRETA,3675,Indi,"", 
VIC,GRETA SOUTH,3675,Indi,"", 
VIC,GRETA WEST,3675,Indi,"", 
VIC,HANSONVILLE,3675,Indi,"", 
VIC,MOUNT BRUNO,3675,Indi,"", 
VIC,TAMINICK,3675,Indi,"", 
VIC,WANGARATTA,3677,Indi,"", 
VIC,BOBINAWARRAH,3678,Indi,"", 
VIC,BOORHAMAN,3678,Indi,"", 
VIC,BOORHAMAN EAST,3678,Indi,"", 
VIC,BOWSER,3678,Indi,"", 
VIC,BYAWATHA,3678,Indi,"", 
VIC,BYRNE,3678,Indi,"",MOYHU
VIC,CARBOOR,3678,Indi,"", 
VIC,CHESHUNT,3678,Indi,"", 
VIC,CHESHUNT SOUTH,3678,Indi,"", 
VIC,DOCKER,3678,Indi,"", 
VIC,DOCKERS PLAINS,3678,Indi,"", 
VIC,EAST WANGARATTA,3678,Indi,"", 
VIC,EDI,3678,Indi,"", 
VIC,EDI UPPER,3678,Indi,"", 
VIC,EVERTON,3678,Indi,"", 
VIC,EVERTON UPPER,3678,Indi,"", 
VIC,KILLAWARRA,3678,Indi,"", 
VIC,KING VALLEY,3678,Indi,"", 
VIC,LACEBY,3678,Indi,"", 
VIC,LONDRIGAN,3678,Indi,"", 
VIC,MARKWOOD,3678,Indi,"", 
VIC,MEADOW CREEK,3678,Indi,"", 
VIC,MILAWA,3678,Indi,"", 
VIC,NORTH WANGARATTA,3678,Indi,"", 
VIC,OXLEY,3678,Indi,"", 
VIC,OXLEY FLATS,3678,Indi,"", 
VIC,PEECHELBA,3678,Indi,"", 
VIC,PEECHELBA,3678,Nicholls,"", 
VIC,PEECHELBA EAST,3678,Indi,"", 
VIC,ROSE RIVER,3678,Indi,"", 
VIC,TARRAWINGEE,3678,Indi,"", 
VIC,WALDARA,3678,Indi,"", 
VIC,WANGANDARY,3678,Indi,"", 
VIC,WANGARATTA SOUTH,3678,Indi,"", 
VIC,WHITLANDS,3678,Indi,"", 
VIC,BORALMA,3682,Indi,"", 
VIC,LILLIPUT,3682,Indi,"", 
VIC,NORONG,3682,Indi,"", 
VIC,SPRINGHURST,3682,Indi,"", 
VIC,CHILTERN,3683,Indi,"", 
VIC,CHILTERN VALLEY,3683,Indi,"", 
VIC,CORNISHTOWN,3683,Indi,"", 
VIC,BOORHAMAN NORTH,3685,Indi,"", 
VIC,BRIMIN,3685,Indi,"", 
VIC,BROWNS PLAINS,3685,Indi,"", 
VIC,CARLYLE,3685,Indi,"", 
VIC,GOORAMADDA,3685,Indi,"", 
VIC,RUTHERGLEN,3685,Indi,"", 
VIC,WAHGUNYAH,3687,Indi,"", 
VIC,BARNAWARTHA,3688,Indi,"", 
VIC,INDIGO VALLEY,3688,Indi,"", 
VIC,WEST WODONGA,3690,Indi,"", 
VIC,WODONGA,3690,Indi,"", 
VIC,WODONGA WEST,3690,Indi,"",WEST WODONGA
VIC,ALLANS FLAT,3691,Indi,"", 
VIC,BANDIANA,3691,Indi,"", 
VIC,BARANDUDA,3691,Indi,"", 
VIC,BARNAWARTHA NORTH,3691,Indi,"", 
VIC,BELLBRIDGE,3691,Indi,"", 
VIC,BERRINGAMA,3691,Indi,"", 
VIC,BETHANGA,3691,Indi,"", 
VIC,BONEGILLA,3691,Indi,"", 
VIC,BUNGIL,3691,Indi,"", 
VIC,CASTLE CREEK,3691,Indi,"", 
VIC,CORAL BANK,3691,Indi,"", 
VIC,DEDERANG,3691,Indi,"", 
VIC,EBDEN,3691,Indi,"", 
VIC,GATEWAY ISLAND,3691,Indi,"", 
VIC,GLEN CREEK,3691,Indi,"", 
VIC,GUNDOWRING,3691,Indi,"", 
VIC,GUNDOWRING NORTH,3691,Indi,"",GUNDOWRING
VIC,HUON CREEK,3691,Indi,"", 
VIC,KANCOONA,3691,Indi,"", 
VIC,KERGUNYAH,3691,Indi,"", 
VIC,KERGUNYAH SOUTH,3691,Indi,"", 
VIC,KIEWA,3691,Indi,"", 
VIC,KILLARA,3691,Indi,"", 
NSW,LAKE HUME VILLAGE,3691,Farrer,"", 
VIC,LENEVA,3691,Indi,"", 
VIC,LUCYVALE,3691,Indi,"", 
VIC,MONGANS BRIDGE,3691,Indi,"", 
VIC,OSBORNES FLAT,3691,Indi,"", 
VIC,PATRICE VALE,3691,Indi,"",STAGHORN FLAT
VIC,RUNNING CREEK,3691,Indi,"", 
VIC,STAGHORN FLAT,3691,Indi,"", 
VIC,TALGARNO,3691,Indi,"", 
VIC,TANGAMBALANGA,3691,Indi,"", 
VIC,THOLOGOLONG,3691,Indi,"", 
VIC,UPPER GUNDOWRING,3691,Indi,"", 
VIC,CHARLEROI,3695,Indi,"", 
VIC,HUON,3695,Indi,"", 
VIC,RED BLUFF,3695,Indi,"",TANGAMBALANGA
VIC,SANDY CREEK,3695,Indi,"", 
VIC,TAWONGA,3697,Indi,"", 
VIC,TAWONGA SOUTH,3698,Indi,"", 
VIC,BOGONG,3699,Indi,"", 
VIC,FALLS CREEK,3699,Indi,"", 
VIC,MOUNT BEAUTY,3699,Indi,"", 
VIC,BULLIOH,3700,Indi,"", 
VIC,GEORGES CREEK,3700,Indi,"", 
VIC,JARVIS CREEK,3700,Indi,"", 
VIC,TALLANGATTA,3700,Indi,"", 
VIC,TALLANGATTA EAST,3700,Indi,"", 
VIC,BULLHEAD,3701,Indi,"",TALLANGATTA SOUTH
VIC,DARTMOUTH,3701,Gippsland,"", 
VIC,DARTMOUTH,3701,Indi,"", 
VIC,ESKDALE,3701,Indi,"", 
VIC,FERNVALE,3701,Indi,"",TALLANGATTA SOUTH
VIC,GRANYA,3701,Indi,"", 
VIC,MITTA MITTA,3701,Indi,"", 
VIC,NOORONGONG,3701,Indi,"",TALLANGATTA SOUTH
VIC,OLD TALLANGATTA,3701,Indi,"", 
VIC,SHELLEY,3701,Indi,"", 
VIC,TALLANDOON,3701,Indi,"", 
VIC,TALLANGATTA SOUTH,3701,Indi,"", 
VIC,TALLANGATTA VALLEY,3701,Indi,"", 
VIC,KOETONG,3704,Indi,"", 
VIC,CUDGEWA,3705,Indi,"", 
VIC,BIGGARA,3707,Indi,"", 
NSW,BRINGENBRONG,3707,Eden-Monaro,"", 
VIC,COLAC COLAC,3707,Indi,"", 
VIC,CORRYONG,3707,Indi,"", 
VIC,NARIEL VALLEY,3707,Gippsland,"", 
VIC,NARIEL VALLEY,3707,Indi,"", 
VIC,THOWGLA VALLEY,3707,Indi,"", 
VIC,TOM GROGGIN,3707,Indi,"", 
VIC,TOWONG,3707,Indi,"", 
VIC,TOWONG UPPER,3707,Indi,"", 
VIC,TINTALDRA,3708,Indi,"", 
VIC,BURROWYE,3709,Indi,"", 
VIC,GUYS FOREST,3709,Indi,"", 
VIC,MOUNT ALFRED,3709,Indi,"", 
VIC,PINE MOUNTAIN,3709,Indi,"", 
VIC,WALWA,3709,Indi,"", 
VIC,BUXTON,3711,Indi,"", 
VIC,RUBICON,3712,Indi,"", 
VIC,THORNTON,3712,Indi,"", 
VIC,EILDON,3713,Indi,"", 
VIC,LAKE EILDON,3713,Indi,"", 
VIC,TAYLOR BAY,3713,Indi,"", 
VIC,ACHERON,3714,Indi,"", 
VIC,ALEXANDRA,3714,Indi,"", 
VIC,CATHKIN,3714,Indi,"", 
VIC,DEVILS RIVER,3714,Indi,"", 
VIC,FAWCETT,3714,Indi,"", 
VIC,KORIELLA,3714,Indi,"", 
VIC,MAINTONGOON,3714,Indi,"", 
VIC,TAGGERTY,3714,Indi,"", 
VIC,WHANREGARWEN,3714,Indi,"", 
VIC,ANCONA,3715,Indi,"", 
VIC,MERTON,3715,Indi,"", 
VIC,WOODFIELD,3715,Indi,"", 
VIC,FLOWERDALE,3717,Indi,"", 
VIC,GHIN GHIN,3717,Indi,"", 
VIC,GLENBURN,3717,Indi,"", 
VIC,HOMEWOOD,3717,Indi,"", 
VIC,KILLINGWORTH,3717,Indi,"", 
VIC,LIMESTONE,3717,Indi,"", 
VIC,MURRINDINDI,3717,Indi,"", 
VIC,YEA,3717,Indi,"", 
VIC,MOLESWORTH,3718,Indi,"", 
VIC,GOBUR,3719,Indi,"", 
VIC,KANUMBRA,3719,Indi,"", 
VIC,TERIP TERIP,3719,Indi,"", 
VIC,YARCK,3719,Indi,"", 
VIC,BONNIE DOON,3720,Indi,"", 
VIC,BARWITE,3722,Indi,"", 
VIC,MANSFIELD,3722,Indi,"", 
VIC,ARCHERTON,3723,Indi,"", 
VIC,BARJARG,3723,Indi,"", 
VIC,BOOROLITE,3723,Indi,"", 
VIC,BRIDGE CREEK,3723,Indi,"", 
VIC,DELATITE,3723,Indi,"", 
VIC,ENOCHS POINT,3723,Indi,"", 
VIC,GAFFNEYS CREEK,3723,Indi,"", 
VIC,GOUGHS BAY,3723,Indi,"", 
VIC,HOWES CREEK,3723,Indi,"", 
VIC,HOWQUA,3723,Indi,"", 
VIC,HOWQUA HILLS,3723,Indi,"", 
VIC,HOWQUA INLET,3723,Indi,"", 
VIC,JAMIESON,3723,Indi,"", 
VIC,KEVINGTON,3723,Indi,"", 
VIC,KNOCKWOOD,3723,Indi,"", 
VIC,MACS COVE,3723,Indi,"", 
VIC,MAINDAMPLE,3723,Indi,"", 
VIC,MATLOCK,3723,Casey,"", 
VIC,MATLOCK,3723,Indi,"", 
VIC,MERRIJIG,3723,Indi,"", 
VIC,MOUNT BULLER,3723,Indi,"", 
VIC,MOUNTAIN BAY,3723,Indi,"", 
VIC,PIRIES,3723,Indi,"", 
VIC,SAWMILL SETTLEMENT,3723,Indi,"", 
VIC,TOLMIE,3723,Indi,"", 
VIC,WOODS POINT,3723,Gippsland,"", 
VIC,WOODS POINT,3723,Indi,"", 
VIC,BOXWOOD,3725,Indi,"", 
VIC,BOXWOOD,3725,Nicholls,"", 
VIC,CHESNEY VALE,3725,Indi,"", 
VIC,GOORAMBAT,3725,Indi,"", 
VIC,MAJOR PLAINS,3725,Indi,"", 
VIC,MAJOR PLAINS,3725,Nicholls,"", 
VIC,STEWARTON,3725,Indi,"", 
VIC,STEWARTON,3725,Nicholls,"", 
VIC,BUNGEET,3726,Indi,"", 
VIC,BUNGEET WEST,3726,Indi,"", 
VIC,DEVENISH,3726,Indi,"", 
VIC,THOONA,3726,Indi,"", 
VIC,ALMONDS,3727,Nicholls,"", 
VIC,LAKE ROWAN,3727,Nicholls,"", 
VIC,PELLUEBLA,3727,Nicholls,"", 
VIC,ST JAMES,3727,Nicholls,"", 
VIC,YUNDOOL,3727,Nicholls,"", 
VIC,BOOMAHNOOMOONAH,3728,Nicholls,"", 
VIC,TUNGAMAH,3728,Nicholls,"", 
VIC,WILBY,3728,Nicholls,"", 
VIC,YOUARANG,3728,Nicholls,"", 
VIC,BATHUMI,3730,Nicholls,"", 
VIC,BOOSEY,3730,Nicholls,"", 
VIC,BUNDALONG,3730,Nicholls,"", 
VIC,BUNDALONG SOUTH,3730,Nicholls,"", 
VIC,BURRAMINE,3730,Nicholls,"", 
VIC,BURRAMINE SOUTH,3730,Nicholls,"", 
VIC,ESMOND,3730,Nicholls,"", 
VIC,TELFORD,3730,Nicholls,"", 
VIC,YARRAWONGA,3730,Nicholls,"", 
VIC,YARRAWONGA SOUTH,3730,Nicholls,"", 
VIC,CLAREMONT,3732,Indi,"",MOYHU
VIC,MOYHU,3732,Indi,"", 
VIC,MYRRHEE,3732,Indi,"", 
VIC,WHITFIELD,3733,Indi,"", 
VIC,BOWMANS FOREST,3735,Indi,"", 
VIC,WHOROULY,3735,Indi,"", 
VIC,WHOROULY EAST,3735,Indi,"", 
VIC,WHOROULY SOUTH,3735,Indi,"", 
VIC,ABBEYARD,3737,Indi,"", 
VIC,BARWIDGEE,3737,Indi,"", 
VIC,BUFFALO CREEK,3737,Indi,"",MYRTLEFORD
VIC,BUFFALO RIVER,3737,Indi,"", 
VIC,DANDONGADALE,3737,Indi,"", 
VIC,GAPSTED,3737,Indi,"", 
VIC,HAVILAH,3737,Indi,"", 
VIC,MERRIANG,3737,Indi,"", 
VIC,MERRIANG SOUTH,3737,Indi,"", 
VIC,MUDGEGONGA,3737,Indi,"", 
VIC,MYRTLEFORD,3737,Indi,"", 
VIC,NUG NUG,3737,Indi,"", 
VIC,ROSEWHITE,3737,Indi,"", 
VIC,OVENS,3738,Indi,"", 
VIC,EUROBIN,3739,Indi,"", 
VIC,BUCKLAND,3740,Indi,"", 
VIC,MOUNT BUFFALO,3740,Indi,"", 
VIC,POREPUNKAH,3740,Indi,"", 
VIC,BRIGHT,3741,Indi,"", 
VIC,FREEBURGH,3741,Indi,"", 
VIC,GERMANTOWN,3741,Indi,"", 
VIC,HARRIETVILLE,3741,Indi,"", 
VIC,HOTHAM HEIGHTS,3741,Indi,"", 
VIC,MT HOTHAM,3741,Indi,"",HOTHAM HEIGHTS
VIC,SMOKO,3741,Indi,"", 
VIC,WANDILIGONG,3744,Indi,"", 
VIC,CARRARAGARMUNGEE,3746,Indi,"",LONDRIGAN
VIC,ELDORADO,3746,Indi,"", 
VIC,BEECHWORTH,3747,Indi,"", 
VIC,MURMUNGEE,3747,Indi,"", 
VIC,SILVER CREEK,3747,Indi,"",BEECHWORTH
VIC,STANLEY,3747,Indi,"", 
VIC,WOORAGEE,3747,Indi,"", 
VIC,BACK CREEK,3749,Indi,"",YACKANDANDAH
VIC,BRUARONG,3749,Indi,"", 
VIC,YACKANDANDAH,3749,Indi,"", 
VIC,WOLLERT,3750,McEwen,"", 
VIC,WOLLERT,3750,Scullin,"", 
VIC,WOODSTOCK,3751,McEwen,"", 
VIC,MILL PARK LAKES,3752,Scullin,"",SOUTH MORANG
VIC,SOUTH MORANG,3752,Scullin,"", 
VIC,BEVERIDGE,3753,McEwen,"", 
VIC,DOREEN,3754,McEwen,"", 
VIC,MERNDA,3754,McEwen,"", 
VIC,MERNDA,3754,Scullin,"", 
VIC,YAN YEAN,3755,McEwen,"", 
VIC,CHINTIN,3756,McEwen,"", 
VIC,DARRAWEIT GUIM,3756,McEwen,"", 
VIC,HIDDEN VALLEY,3756,McEwen,"",WALLAN
VIC,UPPER PLENTY,3756,McEwen,"", 
VIC,WALLAN,3756,McEwen,"", 
VIC,EDEN PARK,3757,McEwen,"", 
VIC,HUMEVALE,3757,McEwen,"", 
VIC,KINGLAKE CENTRAL,3757,Indi,"", 
VIC,KINGLAKE WEST,3757,Indi,"", 
VIC,KINGLAKE WEST,3757,McEwen,"", 
VIC,PHEASANT CREEK,3757,Indi,"", 
VIC,WHITTLESEA,3757,McEwen,"", 
VIC,HEATHCOTE JUNCTION,3758,McEwen,"", 
VIC,WANDONG,3758,McEwen,"", 
VIC,PANTON HILL,3759,McEwen,"", 
VIC,SMITHS GULLY,3760,McEwen,"", 
VIC,ST ANDREWS,3761,McEwen,"", 
VIC,BYLANDS,3762,McEwen,"", 
VIC,KINGLAKE,3763,Indi,"", 
VIC,KINGLAKE,3763,McEwen,"", 
VIC,FORBES,3764,McEwen,"", 
VIC,GLENAROUA,3764,Nicholls,"", 
VIC,HIGH CAMP,3764,Nicholls,"", 
VIC,KILMORE,3764,McEwen,"", 
VIC,KILMORE EAST,3764,McEwen,"", 
VIC,MORANDING,3764,McEwen,"", 
VIC,TANTARABOO,3764,McEwen,"", 
VIC,WILLOWMAVIN,3764,McEwen,"", 
VIC,MONTROSE,3765,Casey,"", 
VIC,KALORAMA,3766,Casey,"", 
VIC,MOUNT DANDENONG,3767,Casey,"", 
VIC,MT DANDENONG,3767,Casey,"",MOUNT DANDENONG
VIC,COLDSTREAM,3770,Casey,"", 
VIC,GRUYERE,3770,Casey,"", 
VIC,YERING,3770,Casey,"", 
VIC,CHRISTMAS HILLS,3775,McEwen,"", 
VIC,DIXONS CREEK,3775,Casey,"", 
VIC,STEELS CREEK,3775,Casey,"", 
VIC,TARRAWARRA,3775,Casey,"", 
VIC,YARRA GLEN,3775,Casey,"", 
VIC,BADGER CREEK,3777,Casey,"", 
VIC,CASTELLA,3777,Indi,"", 
VIC,CHUM CREEK,3777,Casey,"", 
VIC,HEALESVILLE,3777,Casey,"", 
VIC,MOUNT TOOLEBEWONG,3777,Casey,"", 
VIC,TOOLANGI,3777,Casey,"", 
VIC,TOOLANGI,3777,Indi,"", 
VIC,NARBETHONG,3778,Indi,"", 
VIC,MARYSVILLE,3779,Indi,"", 
VIC,COCKATOO,3781,La Trobe,"", 
VIC,MOUNT BURNETT,3781,La Trobe,"", 
VIC,MT BURNETT,3781,La Trobe,"",MOUNT BURNETT
VIC,NANGANA,3781,La Trobe,"", 
VIC,AVONSLEIGH,3782,Casey,"", 
VIC,CLEMATIS,3782,Casey,"", 
VIC,EMERALD,3782,Casey,"", 
VIC,EMERALD,3782,La Trobe,"", 
VIC,MACCLESFIELD,3782,Casey,"", 
VIC,GEMBROOK,3783,La Trobe,"", 
VIC,TREMONT,3785,Casey,"", 
VIC,FERNY CREEK,3786,Casey,"", 
VIC,SASSAFRAS,3787,Aston,"", 
VIC,SASSAFRAS,3787,Casey,"", 
VIC,OLINDA,3788,Casey,"", 
VIC,SHERBROOKE,3789,Casey,"", 
VIC,KALLISTA,3791,Casey,"", 
VIC,THE PATCH,3792,Casey,"", 
VIC,MONBULK,3793,Casey,"", 
VIC,SILVAN,3795,Casey,"", 
VIC,MOUNT EVELYN,3796,Casey,"", 
VIC,MT EVELYN,3796,Casey,"",MOUNT EVELYN
VIC,GILDEROY,3797,Casey,"", 
VIC,GLADYSDALE,3797,Casey,"", 
VIC,POWELLTOWN,3797,Casey,"", 
VIC,THREE BRIDGES,3797,Casey,"", 
VIC,YARRA JUNCTION,3797,Casey,"", 
VIC,BIG PATS CREEK,3799,Casey,"", 
VIC,EAST WARBURTON,3799,Casey,"", 
VIC,MCMAHONS CREEK,3799,Casey,"", 
VIC,MILLGROVE,3799,Casey,"", 
VIC,REEFTON,3799,Casey,"", 
VIC,WARBURTON,3799,Casey,"", 
VIC,WARBURTON EAST,3799,Casey,"",EAST WARBURTON
VIC,WESBURN,3799,Casey,"", 
VIC,ENDEAVOUR HILLS,3802,Bruce,"", 
VIC,HALLAM,3803,Bruce,"", 
VIC,NARRE WARREN EAST,3804,Casey,"", 
VIC,NARRE WARREN NORTH,3804,Bruce,"", 
VIC,NORTH NARRE WARREN,3804,Bruce,"",NARRE WARREN NORTH
VIC,FOUNTAIN GATE,3805,Bruce,"",NARRE WARREN
VIC,NARRE WARREN,3805,Bruce,"", 
VIC,NARRE WARREN SOUTH,3805,Bruce,"", 
VIC,NARRE WARREN SOUTH,3805,Holt,"", 
VIC,NARREWARREN,3805,Bruce,"",NARRE WARREN
VIC,NARRE-WARREN,3805,Bruce,"",NARRE WARREN
VIC,SOUTH NARRE WARREN,3805,Bruce,"",NARRE WARREN SOUTH
VIC,SOUTH NARRE WARREN,3805,Holt,"",NARRE WARREN SOUTH
VIC,BERWICK,3806,Bruce,"", 
VIC,BERWICK,3806,La Trobe,"", 
VIC,HARKAWAY,3806,Bruce,"", 
VIC,HARKAWAY,3806,La Trobe,"", 
VIC,BEACONSFIELD,3807,La Trobe,"", 
VIC,GUYS HILL,3807,La Trobe,"", 
VIC,GUYSHILL,3807,La Trobe,"",GUYS HILL
VIC,GUYS-HILL,3807,La Trobe,"",GUYS HILL
VIC,BEACONSFIELD UPPER,3808,La Trobe,"", 
VIC,DEWHURST,3808,La Trobe,"", 
VIC,UPPER BEACONSFIELD,3808,La Trobe,"",BEACONSFIELD UPPER
VIC,OFFICER,3809,La Trobe,"", 
VIC,OFFICER SOUTH,3809,La Trobe,"", 
VIC,SOUTH OFFICER,3809,La Trobe,"",OFFICER SOUTH
VIC,EAST PAKENHAM,3810,La Trobe,"",PAKENHAM
VIC,PAKENHAM,3810,La Trobe,"", 
VIC,PAKENHAM EAST,3810,La Trobe,"",PAKENHAM
VIC,PAKENHAM SOUTH,3810,La Trobe,"", 
VIC,PAKENHAM UPPER,3810,La Trobe,"", 
VIC,RYTHDALE,3810,La Trobe,"", 
VIC,SOUTH PAKENHAM,3810,La Trobe,"",PAKENHAM SOUTH
VIC,TOOMUC VALLEY,3810,La Trobe,"",PAKENHAM
VIC,UPPER PAKENHAM,3810,La Trobe,"",PAKENHAM UPPER
VIC,MARYKNOLL,3812,La Trobe,"", 
VIC,NAR NAR GOON,3812,La Trobe,"", 
VIC,NAR NAR GOON NORTH,3812,La Trobe,"", 
VIC,NARNARGOON,3812,La Trobe,"",NAR NAR GOON
VIC,NAR-NAR-GOON,3812,La Trobe,"",NAR NAR GOON
VIC,NARNARGOON NORTH,3812,La Trobe,"",NAR NAR GOON NORTH
VIC,NAR-NAR-GOON NORTH,3812,La Trobe,"",NAR NAR GOON NORTH
VIC,NORTH NAR NAR GOON,3812,La Trobe,"",NAR NAR GOON NORTH
VIC,NORTH NAR-NAR GOON,3812,La Trobe,"",NAR NAR GOON NORTH
VIC,NORTH NARNARGOON,3812,La Trobe,"",NAR NAR GOON NORTH
VIC,NORTH TYNONG,3813,La Trobe,"",TYNONG NORTH
VIC,TYNONG,3813,La Trobe,"", 
VIC,TYNONG NORTH,3813,La Trobe,"", 
VIC,CORA LYNN,3814,La Trobe,"", 
VIC,CORALYNN,3814,La Trobe,"",CORA LYNN
VIC,CORA-LYNN,3814,La Trobe,"",CORA LYNN
VIC,GARFIELD,3814,La Trobe,"", 
VIC,GARFIELD NORTH,3814,La Trobe,"", 
VIC,NORTH GARFIELD,3814,La Trobe,"",GARFIELD NORTH
VIC,VERVALE,3814,La Trobe,"", 
VIC,BUNYIP,3815,La Trobe,"", 
VIC,BUNYIP NORTH,3815,La Trobe,"", 
VIC,IONA,3815,La Trobe,"", 
VIC,NORTH BUNYIP,3815,La Trobe,"",BUNYIP NORTH
VIC,TONIMBUK,3815,La Trobe,"", 
VIC,LABERTOUCHE,3816,Monash,"", 
VIC,LONGWARRY,3816,La Trobe,"", 
VIC,LONGWARRY,3816,Monash,"", 
VIC,LONGWARRY NORTH,3816,Monash,"", 
VIC,MODELLA,3816,La Trobe,"", 
VIC,MODELLA,3816,Monash,"", 
VIC,ATHLONE,3818,Monash,"", 
VIC,DROUIN,3818,Monash,"", 
VIC,DROUIN EAST,3818,Monash,"", 
VIC,DROUIN SOUTH,3818,Monash,"", 
VIC,DROUIN WEST,3818,Monash,"", 
VIC,HALLORA,3818,Monash,"", 
VIC,JINDIVICK,3818,Monash,"", 
VIC,RIPPLEBROOK,3818,Monash,"", 
VIC,BONA VISTA,3820,Monash,"", 
VIC,LILLICO,3820,Monash,"", 
VIC,WARRAGUL,3820,Monash,"", 
VIC,BRANDY CREEK,3821,Monash,"", 
VIC,BRAVINGTON,3821,Monash,"", 
VIC,BULN BULN,3821,Monash,"", 
VIC,BULN BULN EAST,3821,Monash,"", 
VIC,CROSSOVER,3821,Monash,"", 
VIC,ELLINBANK,3821,Monash,"", 
VIC,FERNDALE,3821,Monash,"", 
VIC,LARDNER,3821,Monash,"", 
VIC,NILMA,3821,Monash,"", 
VIC,NILMA NORTH,3821,Monash,"", 
VIC,ROKEBY,3821,Monash,"", 
VIC,SEAVIEW,3821,Monash,"", 
VIC,SHADY CREEK,3821,Monash,"", 
VIC,TETOORA ROAD,3821,Monash,"", 
VIC,TORWOOD,3821,Monash,"", 
VIC,WARRAGUL SOUTH,3821,Monash,"", 
VIC,WARRAGUL WEST,3821,Monash,"", 
VIC,CLOVERLEA,3822,Monash,"", 
VIC,DARNUM,3822,Monash,"", 
VIC,GAINSBOROUGH,3822,Monash,"", 
VIC,ALLAMBEE,3823,Monash,"", 
VIC,YARRAGON,3823,Monash,"", 
VIC,YARRAGON SOUTH,3823,Monash,"", 
VIC,CHILDERS,3824,Monash,"", 
VIC,NARRACAN,3824,Gippsland,"", 
VIC,NARRACAN,3824,Monash,"", 
VIC,THORPDALE SOUTH,3824,Monash,"", 
VIC,TRAFALGAR,3824,Monash,"", 
VIC,TRAFALGAR EAST,3824,Monash,"", 
VIC,TRAFALGAR SOUTH,3824,Monash,"", 
VIC,ABERFELDY,3825,Monash,"", 
VIC,AMOR,3825,Monash,"", 
VIC,BOOLA,3825,Gippsland,"", 
VIC,BOOLA,3825,Monash,"", 
VIC,CARINGAL,3825,Monash,"", 
VIC,COALVILLE,3825,Monash,"", 
VIC,COOPERS CREEK,3825,Monash,"", 
VIC,ERICA,3825,Monash,"", 
VIC,FUMINA,3825,Monash,"", 
VIC,FUMINA SOUTH,3825,Monash,"", 
VIC,HERNES OAK,3825,Gippsland,"", 
VIC,HERNES OAK,3825,Monash,"", 
VIC,HILL END,3825,Monash,"", 
VIC,JACOB CREEK,3825,Monash,"", 
VIC,MOE,3825,Monash,"", 
VIC,MOE SOUTH,3825,Monash,"", 
VIC,MOONDARRA,3825,Monash,"", 
VIC,NEWBOROUGH,3825,Monash,"", 
VIC,RAWSON,3825,Monash,"", 
VIC,TANJIL,3825,Monash,"", 
VIC,TANJIL SOUTH,3825,Monash,"", 
VIC,THALLOO,3825,Monash,"", 
VIC,TOOMBON,3825,Monash,"", 
VIC,WALHALLA,3825,Monash,"", 
VIC,WALHALLA EAST,3825,Gippsland,"", 
VIC,WESTBURY,3825,Monash,"", 
VIC,WILLOW GROVE,3825,Monash,"", 
VIC,YALLOURN,3825,Gippsland,"", 
VIC,YALLOURN,3825,Monash,"", 
VIC,YALLOURN NORTH,3825,Gippsland,"", 
VIC,NEERIM,3831,Monash,"", 
VIC,NEERIM EAST,3831,Monash,"", 
VIC,NEERIM SOUTH,3831,Monash,"", 
VIC,NAYOOK,3832,Monash,"", 
VIC,NEERIM JUNCTION,3832,Monash,"", 
VIC,NEERIM NORTH,3832,Monash,"", 
VIC,ADA,3833,Monash,"", 
VIC,BAW BAW,3833,Monash,"", 
VIC,BAW BAW VILLAGE,3833,Monash,"", 
VIC,GENTLE ANNIE,3833,Monash,"", 
VIC,ICY CREEK,3833,Monash,"", 
VIC,LOCH VALLEY,3833,Monash,"", 
VIC,NOOJEE,3833,Monash,"", 
VIC,PIEDMONT,3833,Monash,"", 
VIC,TANJIL BREN,3833,Monash,"", 
VIC,TOORONGO,3833,Monash,"", 
VIC,VESPER,3833,Monash,"", 
VIC,THORPDALE,3835,Monash,"", 
VIC,DRIFFIELD,3840,Gippsland,"", 
VIC,HAZELWOOD,3840,Gippsland,"", 
VIC,HAZELWOOD NORTH,3840,Gippsland,"", 
VIC,HAZELWOOD SOUTH,3840,Gippsland,"", 
VIC,JEERALANG,3840,Gippsland,"", 
VIC,JEERALANG JUNCTION,3840,Gippsland,"", 
VIC,MARYVALE,3840,Gippsland,"", 
VIC,MORWELL,3840,Gippsland,"", 
VIC,CHURCHILL,3842,Gippsland,"", 
VIC,BLACKWARRY,3844,Gippsland,"", 
VIC,CALLIGNEE,3844,Gippsland,"", 
VIC,CALLIGNEE NORTH,3844,Gippsland,"", 
VIC,CALLIGNEE SOUTH,3844,Gippsland,"", 
VIC,CARRAJUNG,3844,Gippsland,"", 
VIC,CARRAJUNG LOWER,3844,Gippsland,"", 
VIC,CARRAJUNG SOUTH,3844,Gippsland,"", 
VIC,FLYNN,3844,Gippsland,"", 
VIC,FLYNNS CREEK,3844,Gippsland,"", 
VIC,KOORNALLA,3844,Gippsland,"", 
VIC,LOY YANG,3844,Gippsland,"", 
VIC,MOUNT TASSIE,3844,Gippsland,"", 
VIC,MT TASSIE,3844,Gippsland,"",MOUNT TASSIE
VIC,TRARALGON,3844,Gippsland,"", 
VIC,TRARALGON EAST,3844,Gippsland,"", 
VIC,TRARALGON SOUTH,3844,Gippsland,"", 
VIC,TYERS,3844,Gippsland,"", 
VIC,HIAMDALE,3847,Gippsland,"", 
VIC,NAMBROK,3847,Gippsland,"", 
VIC,ROSEDALE,3847,Gippsland,"", 
VIC,WILLUNG,3847,Gippsland,"", 
VIC,WILLUNG SOUTH,3847,Gippsland,"", 
VIC,SALE,3850,Gippsland,"", 
VIC,WURRUK,3850,Gippsland,"", 
VIC,AIRLY,3851,Gippsland,"", 
VIC,BUNDALAGUAH,3851,Gippsland,"", 
VIC,CLYDEBANK,3851,Gippsland,"", 
VIC,COBAINS,3851,Gippsland,"", 
VIC,DARRIMAN,3851,Gippsland,"", 
VIC,DUTSON,3851,Gippsland,"", 
VIC,DUTSON DOWNS,3851,Gippsland,"", 
VIC,FLAMINGO BEACH,3851,Gippsland,"", 
VIC,FULHAM,3851,Gippsland,"", 
VIC,GIFFARD,3851,Gippsland,"", 
VIC,GIFFARD WEST,3851,Gippsland,"", 
VIC,GLOMAR BEACH,3851,Gippsland,"", 
VIC,GOLDEN BEACH,3851,Gippsland,"", 
VIC,KILMANY,3851,Gippsland,"", 
VIC,LOCH SPORT,3851,Gippsland,"", 
VIC,LONGFORD,3851,Gippsland,"", 
VIC,MONTGOMERY,3851,Gippsland,"", 
VIC,MYRTLEBANK,3851,Gippsland,"", 
VIC,PARADISE BEACH,3851,Gippsland,"", 
VIC,PEARSONDALE,3851,Gippsland,"", 
VIC,SEACOMBE,3851,Gippsland,"", 
VIC,SEASPRAY,3851,Gippsland,"", 
VIC,STRADBROKE,3851,Gippsland,"", 
VIC,THE HEART,3851,Gippsland,"", 
VIC,THE HONEYSUCKLES,3851,Gippsland,"", 
VIC,EAST SALE,3852,Gippsland,"", 
VIC,GLENGARRY,3854,Gippsland,"", 
VIC,GLENGARRY NORTH,3854,Gippsland,"", 
VIC,GLENGARRY WEST,3854,Gippsland,"", 
VIC,TOONGABBIE,3856,Gippsland,"", 
VIC,TOONGABBIE WEST,3856,Gippsland,"",TOONGABBIE
VIC,COWWARR,3857,Gippsland,"", 
VIC,ARBUCKLE,3858,Gippsland,"", 
VIC,BILLABONG,3858,Gippsland,"", 
VIC,BURAGWONDUC,3858,Gippsland,"", 
VIC,CROOKAYAN,3858,Gippsland,"", 
VIC,DAWSON,3858,Gippsland,"", 
VIC,DENISON,3858,Gippsland,"", 
VIC,GILLUM,3858,Gippsland,"", 
VIC,GLENFALLOCH,3858,Gippsland,"", 
VIC,GLENMAGGIE,3858,Gippsland,"", 
VIC,HEYFIELD,3858,Gippsland,"", 
VIC,HOWITT PLAINS,3858,Gippsland,"", 
VIC,LICOLA,3858,Gippsland,"", 
VIC,LICOLA NORTH,3858,Gippsland,"", 
VIC,REYNARD,3858,Gippsland,"", 
VIC,SARGOOD,3858,Gippsland,"", 
VIC,SEATON,3858,Gippsland,"", 
VIC,TAMBORITHA,3858,Gippsland,"", 
VIC,WANDOCKA,3858,Gippsland,"",DENISON
VIC,WINNINDOO,3858,Gippsland,"", 
VIC,WORROWING,3858,Gippsland,"", 
VIC,YANGOURA,3858,Gippsland,"", 
VIC,MAFFRA WEST UPPER,3859,Gippsland,"", 
VIC,NEWRY,3859,Gippsland,"", 
VIC,TINAMBA,3859,Gippsland,"", 
VIC,TINAMBA WEST,3859,Gippsland,"", 
VIC,UPPER MAFFRA WEST,3859,Gippsland,"",MAFFRA WEST UPPER
VIC,BOISDALE,3860,Gippsland,"", 
VIC,BRIAGOLONG,3860,Gippsland,"", 
VIC,BUSHY PARK,3860,Gippsland,"", 
VIC,COONGULLA,3860,Gippsland,"", 
VIC,CULLODEN,3860,Gippsland,"",STOCKDALE
VIC,KOOROOL,3860,Gippsland,"", 
VIC,MAFFRA,3860,Gippsland,"", 
VIC,MONOMAK,3860,Gippsland,"", 
VIC,MOROKA,3860,Gippsland,"", 
VIC,NAP NAP MARRA,3860,Gippsland,"", 
VIC,RIVERSLEA,3860,Gippsland,"", 
VIC,TOOLOME,3860,Gippsland,"", 
VIC,VALENCIA CREEK,3860,Gippsland,"", 
VIC,WOOLENOOK,3860,Gippsland,"", 
VIC,WRATHUNG,3860,Gippsland,"", 
VIC,WRIXON,3860,Gippsland,"", 
VIC,BUDGEE BUDGEE,3862,Gippsland,"", 
VIC,COBBANNAH,3862,Gippsland,"", 
VIC,COWA,3862,Gippsland,"", 
VIC,CROOKED RIVER,3862,Gippsland,"", 
VIC,DARGO,3862,Gippsland,"", 
VIC,HAWKHURST,3862,Gippsland,"", 
VIC,HOLLANDS LANDING,3862,Gippsland,"", 
VIC,LLOWALONG,3862,Gippsland,"", 
VIC,MEERLIEU,3862,Gippsland,"", 
VIC,MIOWERA,3862,Gippsland,"", 
VIC,MOORNAPA,3862,Gippsland,"", 
VIC,MUNRO,3862,Gippsland,"", 
VIC,PERRY BRIDGE,3862,Gippsland,"", 
VIC,STOCKDALE,3862,Gippsland,"", 
VIC,STRATFORD,3862,Gippsland,"", 
VIC,WONGUNGARRA,3862,Gippsland,"", 
VIC,FERNBANK,3864,Gippsland,"", 
VIC,GLENALADALE,3864,Gippsland,"", 
VIC,LINDENOW,3865,Gippsland,"", 
VIC,JUMBUK,3869,Gippsland,"", 
VIC,YINNAR,3869,Gippsland,"", 
VIC,YINNAR SOUTH,3869,Gippsland,"", 
VIC,BOOLARRA,3870,Gippsland,"", 
VIC,BOOLARRA SOUTH,3870,Gippsland,"", 
VIC,BUDGEREE,3870,Gippsland,"", 
VIC,GRAND RIDGE,3870,Gippsland,"", 
VIC,ALLAMBEE RESERVE,3871,Monash,"", 
VIC,ALLAMBEE SOUTH,3871,Monash,"", 
VIC,BAROMI,3871,Monash,"", 
VIC,DARLIMURLA,3871,Gippsland,"", 
VIC,DARLIMURLA,3871,Monash,"", 
VIC,DELBURN,3871,Gippsland,"", 
VIC,DELBURN,3871,Monash,"", 
VIC,DOLLAR,3871,Monash,"", 
VIC,MIRBOO,3871,Gippsland,"", 
VIC,MIRBOO,3871,Monash,"", 
VIC,MIRBOO NORTH,3871,Monash,"", 
VIC,GORMANDALE,3873,Gippsland,"", 
VIC,MCLOUGHLINS BEACH,3874,Gippsland,"", 
VIC,WOODSIDE,3874,Gippsland,"", 
VIC,WOODSIDE BEACH,3874,Gippsland,"", 
VIC,WOODSIDE NORTH,3874,Gippsland,"", 
VIC,BAIRNSDALE,3875,Gippsland,"", 
VIC,BANKSIA PENINSULA,3875,Gippsland,"", 
VIC,BENGWORDEN,3875,Gippsland,"", 
VIC,BROADLANDS,3875,Gippsland,"", 
VIC,BULLUMWAAL,3875,Gippsland,"", 
VIC,CALULU,3875,Gippsland,"", 
VIC,CLIFTON CREEK,3875,Gippsland,"", 
VIC,DEPTFORD,3875,Gippsland,"", 
VIC,EAST BAIRNSDALE,3875,Gippsland,"", 
VIC,EASTWOOD,3875,Gippsland,"", 
VIC,ELLASWOOD,3875,Gippsland,"", 
VIC,FAIRY DELL,3875,Gippsland,"", 
VIC,FLAGGY CREEK,3875,Gippsland,"", 
VIC,FORGE CREEK,3875,Gippsland,"", 
VIC,GOON NURE,3875,Gippsland,"", 
VIC,GRANITE ROCK,3875,Gippsland,"", 
VIC,HILLSIDE,3875,Gippsland,"", 
VIC,IGUANA CREEK,3875,Gippsland,"", 
VIC,LINDENOW SOUTH,3875,Gippsland,"", 
VIC,LUCKNOW,3875,Gippsland,"", 
VIC,MARTHAVALE,3875,Gippsland,"", 
VIC,MELWOOD,3875,Gippsland,"", 
VIC,MERRIJIG,3875,Gippsland,"", 
VIC,MOUNT TAYLOR,3875,Gippsland,"", 
VIC,MT TAYLOR,3875,Gippsland,"",MOUNT TAYLOR
VIC,NEWLANDS ARM,3875,Gippsland,"", 
VIC,RYANS,3875,Gippsland,"", 
VIC,SARSFIELD,3875,Gippsland,"", 
VIC,TABBERABBERA,3875,Gippsland,"", 
VIC,WALPA,3875,Gippsland,"", 
VIC,WATERHOLES,3875,Gippsland,"", 
VIC,WENTWORTH,3875,Gippsland,"", 
VIC,WOODGLEN,3875,Gippsland,"", 
VIC,WUK WUK,3875,Gippsland,"", 
VIC,WY YUNG,3875,Gippsland,"", 
VIC,WYYUNG,3875,Gippsland,"",WY YUNG
VIC,EAGLE POINT,3878,Gippsland,"", 
VIC,BOOLE POOLE,3880,Gippsland,"", 
VIC,OCEAN GRANGE,3880,Gippsland,"", 
VIC,PAYNESVILLE,3880,Gippsland,"", 
VIC,RAYMOND ISLAND,3880,Gippsland,"", 
VIC,NICHOLSON,3882,Gippsland,"", 
VIC,BRUTHEN,3885,Gippsland,"", 
VIC,BUCHAN,3885,Gippsland,"", 
VIC,BUCHAN SOUTH,3885,Gippsland,"", 
VIC,BUTCHERS RIDGE,3885,Gippsland,"", 
VIC,GELANTIPY,3885,Gippsland,"", 
VIC,MOSSIFACE,3885,Gippsland,"", 
VIC,MURRINDAL,3885,Gippsland,"", 
VIC,SUGGAN BUGGAN,3885,Gippsland,"", 
VIC,TAMBO UPPER,3885,Gippsland,"", 
VIC,TIMBARRA,3885,Gippsland,"", 
VIC,W TREE,3885,Gippsland,"", 
VIC,WISELEIGH,3885,Gippsland,"", 
VIC,WULGULMERANG,3885,Gippsland,"", 
VIC,WULGULMERANG EAST,3885,Gippsland,"", 
VIC,WULGULMERANG WEST,3885,Gippsland,"", 
VIC,YALMY,3885,Gippsland,"", 
VIC,NEWMERELLA,3886,Gippsland,"", 
VIC,LAKE TYERS,3887,Gippsland,"", 
VIC,NOWA NOWA,3887,Gippsland,"", 
VIC,WAIREWA,3887,Gippsland,"", 
VIC,BENDOC,3888,Gippsland,"", 
VIC,BETE BOLONG,3888,Gippsland,"", 
VIC,BETE BOLONG NORTH,3888,Gippsland,"", 
VIC,BONANG,3888,Gippsland,"", 
VIC,BRODRIBB RIVER,3888,Gippsland,"", 
VIC,CAPE CONRAN,3888,Gippsland,"", 
VIC,CORRINGLE,3888,Gippsland,"", 
VIC,DEDDICK VALLEY,3888,Gippsland,"", 
VIC,DELEGATE RIVER,3888,Gippsland,"", 
VIC,GOONGERAH,3888,Gippsland,"", 
VIC,JARRAHMOND,3888,Gippsland,"", 
VIC,MARLO,3888,Gippsland,"", 
VIC,NURRAN,3888,Gippsland,"", 
VIC,ORBOST,3888,Gippsland,"", 
VIC,SIMPSONS CREEK,3888,Gippsland,"", 
VIC,TOSTAREE,3888,Gippsland,"", 
VIC,TUBBUT,3888,Gippsland,"", 
VIC,WAYGARA,3888,Gippsland,"", 
VIC,WOMBAT CREEK,3888,Gippsland,"", 
VIC,BELLBIRD CREEK,3889,Gippsland,"", 
VIC,BEMM RIVER,3889,Gippsland,"", 
VIC,CABBAGE TREE CREEK,3889,Gippsland,"", 
VIC,CLUB TERRACE,3889,Gippsland,"", 
VIC,COMBIENBAR,3889,Gippsland,"", 
VIC,ERRINUNDRA,3889,Gippsland,"", 
VIC,MANORINA,3889,Gippsland,"", 
VIC,BULDAH,3890,Gippsland,"", 
VIC,CANN RIVER,3890,Gippsland,"", 
VIC,CHANDLERS CREEK,3890,Gippsland,"", 
VIC,NOORINBEE,3890,Gippsland,"", 
VIC,NOORINBEE NORTH,3890,Gippsland,"", 
VIC,TAMBOON,3890,Gippsland,"", 
VIC,TONGHI CREEK,3890,Gippsland,"", 
VIC,GENOA,3891,Gippsland,"", 
VIC,GIPSY POINT,3891,Gippsland,"", 
VIC,MARAMINGO CREEK,3891,Gippsland,"", 
VIC,WALLAGARAUGH,3891,Gippsland,"", 
VIC,WANGARABELL,3891,Gippsland,"", 
VIC,WINGAN RIVER,3891,Gippsland,"", 
VIC,WROXHAM,3891,Gippsland,"", 
VIC,MALLACOOTA,3892,Gippsland,"", 
VIC,DOUBLE BRIDGES,3893,Gippsland,"", 
VIC,STIRLING,3893,Gippsland,"", 
VIC,TAMBO CROSSING,3893,Gippsland,"", 
VIC,DOCTORS FLAT,3895,Gippsland,"", 
VIC,ENSAY,3895,Gippsland,"", 
VIC,ENSAY NORTH,3895,Gippsland,"", 
VIC,REEDY FLAT,3895,Gippsland,"", 
VIC,BINDI,3896,Gippsland,"", 
VIC,BROOKVILLE,3896,Gippsland,"", 
VIC,NUNNIONG,3896,Gippsland,"", 
VIC,SWIFTS CREEK,3896,Gippsland,"", 
VIC,TONGIO,3896,Gippsland,"", 
VIC,ANGLERS REST,3898,Gippsland,"", 
VIC,BINGO MUNJIE,3898,Gippsland,"", 
VIC,CASSILIS,3898,Gippsland,"", 
VIC,COBUNGRA,3898,Gippsland,"", 
VIC,COBUNGRA,3898,Indi,"", 
VIC,DINNER PLAIN,3898,Indi,"", 
VIC,GLEN VALLEY,3898,Gippsland,"", 
VIC,GLEN WILLS,3898,Gippsland,"", 
VIC,HINNOMUNJIE,3898,Gippsland,"", 
VIC,OMEO,3898,Gippsland,"", 
VIC,OMEO VALLEY,3898,Gippsland,"", 
VIC,SHANNONVALE,3898,Gippsland,"", 
VIC,BENAMBRA,3900,Gippsland,"", 
VIC,COBBERAS,3900,Gippsland,"", 
VIC,BUMBERRAH,3902,Gippsland,"", 
VIC,JOHNSONVILLE,3902,Gippsland,"", 
VIC,SWAN REACH,3903,Gippsland,"", 
VIC,METUNG,3904,Gippsland,"", 
VIC,KALIMNA,3909,Gippsland,"", 
VIC,KALIMNA WEST,3909,Gippsland,"", 
VIC,LAKE BUNGA,3909,Gippsland,"", 
VIC,LAKE TYERS BEACH,3909,Gippsland,"", 
VIC,LAKES ENTRANCE,3909,Gippsland,"", 
VIC,NUNGURNER,3909,Gippsland,"", 
VIC,NYERIMILANG,3909,Gippsland,"", 
VIC,TOORLOO ARM,3909,Gippsland,"", 
VIC,LANGWARRIN,3910,Dunkley,"", 
VIC,BAXTER,3911,Flinders,"", 
VIC,LANGWARRIN SOUTH,3911,Dunkley,"", 
VIC,PEARCEDALE,3912,Flinders,"", 
VIC,PEARCEDALE,3912,Holt,"", 
VIC,SOMERVILLE,3912,Flinders,"", 
VIC,TYABB,3913,Flinders,"", 
VIC,HASTINGS,3915,Flinders,"", 
VIC,TUERONG,3915,Flinders,"", 
VIC,MERRICKS,3916,Flinders,"", 
VIC,POINT LEO,3916,Flinders,"", 
VIC,SHOREHAM,3916,Flinders,"", 
VIC,BITTERN,3918,Flinders,"", 
VIC,CRIB POINT,3919,Flinders,"", 
VIC,STONY POINT,3919,Flinders,"",CRIB POINT
VIC,HMAS CERBERUS,3920,Flinders,"", 
VIC,ELIZABETH ISLAND,3921,Flinders,"", 
VIC,FRENCH ISLAND,3921,Flinders,"", 
VIC,COWES,3922,Monash,"", 
VIC,SILVERLEAVES,3922,Monash,"", 
VIC,SMITHS BEACH,3922,Monash,"", 
VIC,SUMMERLANDS,3922,Monash,"", 
VIC,SUNDERLAND BAY,3922,Monash,"", 
VIC,SUNSET STRIP,3922,Monash,"", 
VIC,SURF BEACH,3922,Monash,"", 
VIC,VENTNOR,3922,Monash,"", 
VIC,WIMBLEDON HEIGHTS,3922,Monash,"", 
VIC,RHYLL,3923,Monash,"", 
VIC,CAPE WOOLAMAI,3925,Monash,"", 
VIC,CHURCHILL ISLAND,3925,Monash,"", 
VIC,NEWHAVEN,3925,Monash,"", 
VIC,SAN REMO,3925,Monash,"", 
VIC,BALNARRING,3926,Flinders,"", 
VIC,BALNARRING BEACH,3926,Flinders,"", 
VIC,MERRICKS BEACH,3926,Flinders,"", 
VIC,MERRICKS NORTH,3926,Flinders,"", 
VIC,SOMERS,3927,Flinders,"", 
VIC,MAIN RIDGE,3928,Flinders,"", 
VIC,FLINDERS,3929,Flinders,"", 
VIC,MOUNT ELIZA,3930,Dunkley,"", 
VIC,MORNINGTON,3931,Flinders,"", 
VIC,MOOROODUC,3933,Flinders,"", 
VIC,MOUNT MARTHA,3934,Flinders,"", 
VIC,MT MARTHA,3934,Flinders,"",MOUNT MARTHA
VIC,ARTHURS SEAT,3936,Flinders,"", 
VIC,DROMANA,3936,Flinders,"", 
VIC,SAFETY BEACH,3936,Flinders,"", 
VIC,RED HILL,3937,Flinders,"", 
VIC,RED HILL SOUTH,3937,Flinders,"", 
VIC,MCCRAE,3938,Flinders,"", 
VIC,BONEO,3939,Flinders,"", 
VIC,CAPE SCHANCK,3939,Flinders,"", 
VIC,FINGAL,3939,Flinders,"", 
VIC,ROSEBUD,3939,Flinders,"", 
VIC,ROSEBUD SOUTH,3939,Flinders,"",ROSEBUD
VIC,CAPEL SOUND,3940,Flinders,"", 
VIC,ROSEBUD WEST,3940,Flinders,"",CAPEL SOUND
VIC,RYE,3941,Flinders,"", 
VIC,ST ANDREWS BEACH,3941,Flinders,"", 
VIC,TOOTGAROOK,3941,Flinders,"", 
VIC,BLAIRGOWRIE,3942,Flinders,"", 
VIC,SORRENTO,3943,Flinders,"", 
VIC,PORTSEA,3944,Flinders,"", 
VIC,JEETHO,3945,Monash,"", 
VIC,KROWERA,3945,Monash,"", 
VIC,LOCH,3945,Monash,"", 
VIC,POOWONG SOUTH,3945,Monash,"",POOWONG
VIC,WOODLEIGH,3945,Monash,"", 
VIC,BENA,3946,Monash,"", 
VIC,KARDELLA SOUTH,3950,Monash,"", 
VIC,KORUMBURRA,3950,Monash,"", 
VIC,KORUMBURRA SOUTH,3950,Monash,"", 
VIC,STRZELECKI,3950,Monash,"", 
VIC,WHITELAW,3950,Monash,"", 
VIC,ARAWATA,3951,Monash,"", 
VIC,FAIRBANK,3951,Monash,"", 
VIC,JUMBUNNA,3951,Monash,"", 
VIC,KARDELLA,3951,Monash,"", 
VIC,KONGWAK,3951,Monash,"", 
VIC,MOYARRA,3951,Monash,"", 
VIC,OUTTRIM,3951,Monash,"", 
VIC,RANCEBY,3951,Monash,"", 
VIC,BERRYS CREEK,3953,Monash,"", 
VIC,BOOROOL,3953,Monash,"", 
VIC,HALLSTON,3953,Monash,"", 
VIC,KOOROOMAN,3953,Monash,"", 
VIC,LEONGATHA,3953,Monash,"", 
VIC,LEONGATHA NORTH,3953,Monash,"", 
VIC,LEONGATHA SOUTH,3953,Monash,"", 
VIC,MARDAN,3953,Monash,"", 
VIC,MOUNT ECCLES,3953,Monash,"", 
VIC,MOUNT ECCLES SOUTH,3953,Monash,"", 
VIC,NERRENA,3953,Monash,"", 
VIC,RUBY,3953,Monash,"", 
VIC,TRIDA,3953,Monash,"", 
VIC,WILD DOG VALLEY,3953,Monash,"", 
VIC,WOOREEN,3953,Monash,"", 
VIC,KOONWARRA,3954,Monash,"", 
VIC,DUMBALK,3956,Monash,"", 
VIC,DUMBALK NORTH,3956,Monash,"", 
VIC,MEENIYAN,3956,Monash,"", 
VIC,MIDDLE TARWIN,3956,Monash,"", 
VIC,TARWIN,3956,Monash,"", 
VIC,TARWIN LOWER,3956,Monash,"", 
VIC,VENUS BAY,3956,Monash,"", 
VIC,WALKERVILLE,3956,Monash,"", 
VIC,WALKERVILLE NORTH,3956,Monash,"", 
VIC,WALKERVILLE SOUTH,3956,Monash,"", 
VIC,STONY CREEK,3957,Monash,"", 
VIC,BUFFALO,3958,Monash,"", 
VIC,FISH CREEK,3959,Monash,"", 
VIC,SANDY POINT,3959,Monash,"", 
VIC,WARATAH BAY,3959,Monash,"", 
VIC,BENNISON,3960,Monash,"", 
VIC,BOOLARONG,3960,Monash,"", 
VIC,FOSTER,3960,Monash,"", 
VIC,FOSTER NORTH,3960,Monash,"", 
VIC,GUNYAH,3960,Monash,"", 
VIC,MOUNT BEST,3960,Monash,"", 
VIC,TIDAL RIVER,3960,Monash,"", 
VIC,TURTONS CREEK,3960,Monash,"", 
VIC,WILSONS PROMONTORY,3960,Monash,"", 
VIC,WONGA,3960,Monash,"", 
VIC,WOORARRA WEST,3960,Monash,"", 
VIC,YANAKIE,3960,Monash,"", 
VIC,AGNES,3962,Monash,"", 
VIC,TOORA,3962,Monash,"", 
VIC,TOORA NORTH,3962,Monash,"", 
VIC,WONYIP,3962,Gippsland,"", 
VIC,WONYIP,3962,Monash,"", 
VIC,WOORARRA EAST,3962,Gippsland,"", 
VIC,WOORARRA EAST,3962,Monash,"", 
VIC,PORT FRANKLIN,3964,Monash,"", 
VIC,PORT WELSHPOOL,3965,Monash,"", 
VIC,BINGINWARRI,3966,Gippsland,"", 
VIC,BINGINWARRI,3966,Monash,"", 
VIC,HAZEL PARK,3966,Monash,"", 
VIC,WELSHPOOL,3966,Monash,"", 
VIC,HEDLEY,3967,Gippsland,"", 
VIC,HEDLEY,3967,Monash,"", 
VIC,ALBERTON,3971,Gippsland,"", 
VIC,ALBERTON WEST,3971,Gippsland,"", 
VIC,BALOOK,3971,Gippsland,"", 
VIC,CALROSSIE,3971,Gippsland,"", 
VIC,DEVON NORTH,3971,Gippsland,"", 
VIC,GELLIONDALE,3971,Gippsland,"", 
VIC,HIAWATHA,3971,Gippsland,"", 
VIC,HUNTERSTON,3971,Gippsland,"", 
VIC,JACK RIVER,3971,Gippsland,"", 
VIC,LANGSBOROUGH,3971,Gippsland,"", 
VIC,MACKS CREEK,3971,Gippsland,"", 
VIC,MADALYA,3971,Gippsland,"", 
VIC,MANNS BEACH,3971,Gippsland,"", 
VIC,PORT ALBERT,3971,Gippsland,"", 
VIC,ROBERTSONS BEACH,3971,Gippsland,"", 
VIC,STACEYS BRIDGE,3971,Gippsland,"", 
VIC,TARRA VALLEY,3971,Gippsland,"", 
VIC,TARRAVILLE,3971,Gippsland,"", 
VIC,WON WRON,3971,Gippsland,"", 
VIC,YARRAM,3971,Gippsland,"", 
VIC,LYNBROOK,3975,Holt,"", 
VIC,LYNDHURST,3975,Holt,"", 
VIC,LYNDHURST,3975,Isaacs,"", 
VIC,HAMPTON PARK,3976,Holt,"", 
VIC,BOTANIC RIDGE,3977,Holt,"", 
VIC,CANNONS CREEK,3977,Holt,"", 
VIC,CRANBOURNE,3977,Holt,"", 
VIC,CRANBOURNE EAST,3977,Holt,"", 
VIC,CRANBOURNE NORTH,3977,Holt,"", 
VIC,CRANBOURNE SOUTH,3977,Holt,"", 
VIC,CRANBOURNE WEST,3977,Holt,"", 
VIC,DEVON MEADOWS,3977,Holt,"", 
VIC,FIVEWAYS,3977,Holt,"",DEVON MEADOWS
VIC,JUNCTION VILLAGE,3977,Holt,"", 
VIC,SANDHURST,3977,Dunkley,"", 
VIC,SKYE,3977,Dunkley,"", 
VIC,CARDINIA,3978,La Trobe,"", 
VIC,CLYDE,3978,Holt,"", 
VIC,CLYDE NORTH,3978,Holt,"", 
VIC,CLYDE NORTH,3978,La Trobe,"", 
VIC,ALMURTA,3979,Monash,"", 
VIC,GLEN ALVIE,3979,Monash,"", 
VIC,KERNOT,3979,Monash,"", 
VIC,BLIND BIGHT,3980,Holt,"", 
VIC,TOORADIN,3980,Holt,"", 
VIC,TOORADIN,3980,La Trobe,"", 
VIC,WARNEET,3980,Holt,"", 
VIC,BAYLES,3981,La Trobe,"", 
VIC,CATANI,3981,La Trobe,"", 
VIC,DALMORE,3981,La Trobe,"", 
VIC,HEATH HILL,3981,La Trobe,"", 
VIC,HEATH HILL,3981,Monash,"", 
VIC,HEATHHILL,3981,La Trobe,"",HEATH HILL
VIC,HEATHHILL,3981,Monash,"",HEATH HILL
VIC,HEATH-HILL,3981,La Trobe,"",HEATH HILL
VIC,HEATH-HILL,3981,Monash,"",HEATH HILL
VIC,KOO WEE RUP,3981,La Trobe,"", 
VIC,KOO WEE RUP NORTH,3981,La Trobe,"", 
VIC,KOOWEERUP,3981,La Trobe,"",KOO WEE RUP
VIC,KOO-WEE-RUP,3981,La Trobe,"",KOO WEE RUP
VIC,KOOWEERUP NORTH,3981,La Trobe,"",KOO WEE RUP NORTH
VIC,KOO-WEE-RUP NORTH,3981,La Trobe,"",KOO WEE RUP NORTH
VIC,NORTH KOO WEE RUP,3981,La Trobe,"",KOO WEE RUP NORTH
VIC,NORTH KOOWEERUP,3981,La Trobe,"",KOO WEE RUP NORTH
VIC,NORTH KOO-WEE-RUP,3981,La Trobe,"",KOO WEE RUP NORTH
VIC,YANNATHAN,3981,La Trobe,"", 
VIC,ADAMS ESTATE,3984,Monash,"", 
VIC,CALDERMEADE,3984,La Trobe,"", 
VIC,CORINELLA,3984,Monash,"", 
VIC,CORONET BAY,3984,Monash,"", 
VIC,EAST LANG LANG,3984,La Trobe,"",LANG LANG EAST
VIC,EAST LANGLANG,3984,La Trobe,"",LANG LANG EAST
VIC,EAST LANG-LANG,3984,La Trobe,"",LANG LANG EAST
VIC,GRANTVILLE,3984,Monash,"", 
VIC,JAM JERRUP,3984,Monash,"", 
VIC,LANG LANG,3984,La Trobe,"", 
VIC,LANG LANG,3984,Monash,"", 
VIC,LANG LANG EAST,3984,La Trobe,"", 
VIC,LANGLANG,3984,La Trobe,"",LANG LANG
VIC,LANGLANG,3984,Monash,"",LANG LANG
VIC,LANG-LANG,3984,La Trobe,"",LANG LANG
VIC,LANG-LANG,3984,Monash,"",LANG LANG
VIC,LANGLANG EAST,3984,La Trobe,"",LANG LANG EAST
VIC,LANG-LANG EAST,3984,La Trobe,"",LANG LANG EAST
VIC,MONOMEITH,3984,La Trobe,"", 
VIC,PIONEER BAY,3984,Monash,"", 
VIC,QUEENSFERRY,3984,Monash,"", 
VIC,TENBY POINT,3984,Monash,"", 
VIC,THE GURDIES,3984,Monash,"", 
VIC,NYORA,3987,La Trobe,"", 
VIC,NYORA,3987,Monash,"", 
VIC,MOUNTAIN VIEW,3988,Monash,"", 
VIC,POOWONG,3988,Monash,"", 
VIC,POOWONG EAST,3988,Monash,"", 
VIC,POOWONG NORTH,3988,Monash,"", 
VIC,GLEN FORBES,3990,Monash,"", 
VIC,BASS,3991,Monash,"", 
VIC,DALYSTON,3992,Monash,"", 
VIC,RYANSTON,3992,Monash,"", 
VIC,WEST CREEK,3992,Monash,"", 
VIC,ANDERSON,3995,Monash,"", 
VIC,ARCHIES CREEK,3995,Monash,"", 
VIC,CAPE PATERSON,3995,Monash,"", 
VIC,DUDLEY,3995,Monash,"",WONTHAGGI
VIC,HARMERS HAVEN,3995,Monash,"", 
VIC,KILCUNDA,3995,Monash,"", 
VIC,LANCE CREEK,3995,Monash,"", 
VIC,NORTH WONTHAGGI,3995,Monash,"", 
VIC,SOUTH DUDLEY,3995,Monash,"", 
VIC,ST CLAIR,3995,Monash,"", 
VIC,WATTLE BANK,3995,Monash,"", 
VIC,WONTHAGGI,3995,Monash,"", 
VIC,WOOLAMAI,3995,Monash,"", 
VIC,INVERLOCH,3996,Monash,"", 
VIC,POUND CREEK,3996,Monash,"", 
QLD,BRISBANE CITY,4000,Brisbane,"", 
QLD,PETRIE TERRACE,4000,Brisbane,"", 
QLD,SPRING HILL,4000,Brisbane,"", 
QLD,MERTHYR,4005,Brisbane,"",NEW FARM
QLD,NEW FARM,4005,Brisbane,"", 
QLD,TENERIFFE,4005,Brisbane,"", 
QLD,BOWEN HILLS,4006,Brisbane,"", 
QLD,FORTITUDE VALLEY,4006,Brisbane,"", 
QLD,HERSTON,4006,Brisbane,"", 
QLD,NEWSTEAD,4006,Brisbane,"", 
QLD,ASCOT,4007,Brisbane,"", 
QLD,HAMILTON,4007,Brisbane,"", 
QLD,WHINSTANES,4007,Brisbane,"",HAMILTON
QLD,PINKENBA,4008,Lilley,"", 
QLD,EAGLE FARM,4009,Brisbane,"", 
QLD,EAGLE FARM,4009,Lilley,"", 
QLD,ALBION,4010,Brisbane,"", 
QLD,BREAKFAST CREEK,4010,Brisbane,"",ALBION
QLD,CLAYFIELD,4011,Brisbane,"", 
QLD,EAGLE JUNCTION,4011,Brisbane,"",CLAYFIELD
QLD,HENDRA,4011,Brisbane,"", 
QLD,NUNDAH,4012,Lilley,"", 
QLD,TOOMBUL,4012,Brisbane,"",CLAYFIELD
QLD,TOOMBUL,4012,Lilley,"",NUNDAH
QLD,WAVELL HEIGHTS,4012,Lilley,"", 
QLD,NORTHGATE,4013,Lilley,"", 
QLD,BANYO,4014,Lilley,"", 
QLD,NUDGEE,4014,Lilley,"", 
QLD,NUDGEE BEACH,4014,Lilley,"", 
QLD,VIRGINIA,4014,Lilley,"", 
QLD,BRACKEN RIDGE,4017,Petrie,"", 
QLD,BRIGHTON,4017,Lilley,"", 
QLD,DEAGON,4017,Lilley,"", 
QLD,NASHVILLE,4017,Lilley,"",BRIGHTON
QLD,SANDGATE,4017,Lilley,"", 
QLD,SHORNCLIFFE,4017,Lilley,"", 
QLD,FITZGIBBON,4018,Petrie,"", 
QLD,TAIGUM,4018,Lilley,"", 
QLD,CLONTARF,4019,Petrie,"", 
QLD,MARGATE,4019,Petrie,"", 
QLD,WOODY POINT,4019,Petrie,"", 
QLD,NEWPORT,4020,Petrie,"", 
QLD,REDCLIFFE,4020,Petrie,"", 
QLD,SCARBOROUGH,4020,Petrie,"", 
QLD,KIPPA-RING,4021,Petrie,"", 
QLD,ROTHWELL,4022,Petrie,"", 
QLD,BULWER,4025,Bonner,"", 
QLD,CAPE MORETON,4025,Bonner,"",MORETON ISLAND
QLD,COWAN COWAN,4025,Bonner,"", 
QLD,KOORINGAL,4025,Bonner,"", 
QLD,MORETON ISLAND,4025,Bonner,"", 
QLD,TANGALOOMA,4025,Bonner,"",MORETON ISLAND
QLD,KALINGA,4030,Brisbane,"", 
QLD,LUTWYCHE,4030,Brisbane,"", 
QLD,WINDSOR,4030,Brisbane,"", 
QLD,WOOLOOWIN,4030,Brisbane,"", 
QLD,GORDON PARK,4031,Brisbane,"", 
QLD,KEDRON,4031,Lilley,"", 
QLD,CHERMSIDE,4032,Lilley,"", 
QLD,CHERMSIDE WEST,4032,Lilley,"", 
QLD,ASPLEY,4034,Lilley,"", 
QLD,ASPLEY,4034,Petrie,"", 
QLD,BOONDALL,4034,Lilley,"", 
QLD,CARSELDINE,4034,Petrie,"", 
QLD,GEEBUNG,4034,Lilley,"", 
QLD,ZILLMERE,4034,Lilley,"", 
QLD,ALBANY CREEK,4035,Dickson,"", 
QLD,BRIDGEMAN DOWNS,4035,Dickson,"", 
QLD,BRIDGEMAN DOWNS,4035,Lilley,"", 
QLD,BRIDGEMAN DOWNS,4035,Petrie,"", 
QLD,BALD HILLS,4036,Petrie,"", 
QLD,EATONS HILL,4037,Dickson,"", 
QLD,ALDERLEY,4051,Brisbane,"", 
QLD,ENOGGERA,4051,Brisbane,"", 
QLD,ENOGGERA,4051,Ryan,"", 
QLD,GAYTHORNE,4051,Ryan,"", 
QLD,GRANGE,4051,Brisbane,"", 
QLD,NEWMARKET,4051,Brisbane,"", 
QLD,WILSTON,4051,Brisbane,"", 
QLD,EVERTON HILLS,4053,Dickson,"", 
QLD,EVERTON PARK,4053,Brisbane,"", 
QLD,EVERTON PARK,4053,Lilley,"", 
QLD,MCDOWALL,4053,Dickson,"", 
QLD,MCDOWALL,4053,Lilley,"", 
QLD,MITCHELTON,4053,Ryan,"", 
QLD,OXFORD PARK,4053,Ryan,"",MITCHELTON
QLD,STAFFORD,4053,Brisbane,"", 
QLD,STAFFORD,4053,Lilley,"", 
QLD,STAFFORD HEIGHTS,4053,Lilley,"", 
QLD,ARANA HILLS,4054,Dickson,"", 
QLD,GROVELY,4054,Ryan,"",KEPERRA
QLD,KEPERRA,4054,Ryan,"", 
QLD,BUNYA,4055,Dickson,"", 
QLD,FERNY GROVE,4055,Ryan,"", 
QLD,FERNY HILLS,4055,Dickson,"", 
QLD,UPPER KEDRON,4055,Ryan,"", 
QLD,KELVIN GROVE,4059,Brisbane,"", 
QLD,RED HILL,4059,Brisbane,"", 
QLD,ASHGROVE,4060,Brisbane,"", 
QLD,ASHGROVE,4060,Ryan,"", 
QLD,DORRINGTON,4060,Brisbane,"",ASHGROVE
QLD,DORRINGTON,4060,Ryan,"",ASHGROVE
QLD,ST JOHNS WOOD,4060,Brisbane,"",ASHGROVE
QLD,ST JOHNS WOOD,4060,Ryan,"",ASHGROVE
QLD,THE GAP,4061,Ryan,"", 
QLD,MILTON,4064,Brisbane,"", 
QLD,PADDINGTON,4064,Brisbane,"", 
QLD,PADDINGTON,4064,Ryan,"", 
QLD,ROSALIE,4064,Brisbane,"",PADDINGTON
QLD,ROSALIE,4064,Ryan,"",PADDINGTON
QLD,BARDON,4065,Brisbane,"", 
QLD,BARDON,4065,Ryan,"", 
QLD,RAINWORTH,4065,Brisbane,"",BARDON
QLD,RAINWORTH,4065,Ryan,"",BARDON
QLD,AUCHENFLOWER,4066,Brisbane,"", 
QLD,AUCHENFLOWER,4066,Ryan,"", 
QLD,MOUNT COOT-THA,4066,Ryan,"", 
QLD,TOOWONG,4066,Ryan,"", 
QLD,TORWOOD,4066,Brisbane,"",AUCHENFLOWER
QLD,TORWOOD,4066,Ryan,"",AUCHENFLOWER
QLD,IRONSIDE,4067,Ryan,"",ST LUCIA
QLD,ST LUCIA,4067,Ryan,"", 
QLD,CHELMER,4068,Moreton,"", 
QLD,INDOOROOPILLY,4068,Ryan,"", 
QLD,TARINGA,4068,Ryan,"", 
QLD,BROOKFIELD,4069,Ryan,"", 
QLD,CHAPEL HILL,4069,Ryan,"", 
QLD,FIG TREE POCKET,4069,Ryan,"", 
QLD,KENMORE,4069,Ryan,"", 
QLD,KENMORE HILLS,4069,Ryan,"", 
QLD,PINJARRA HILLS,4069,Ryan,"", 
QLD,PULLENVALE,4069,Ryan,"", 
QLD,UPPER BROOKFIELD,4069,Ryan,"", 
QLD,ANSTEAD,4070,Ryan,"", 
QLD,BELLBOWRIE,4070,Ryan,"", 
QLD,MOGGILL,4070,Ryan,"", 
QLD,PRIORS POCKET,4070,Ryan,"",MOGGILL
QLD,SEVENTEEN MILE ROCKS,4073,Oxley,"", 
QLD,SINNAMON PARK,4073,Oxley,"", 
QLD,JAMBOREE HEIGHTS,4074,Oxley,"", 
QLD,JINDALEE,4074,Oxley,"", 
QLD,MIDDLE PARK,4074,Oxley,"", 
QLD,MOUNT OMMANEY,4074,Oxley,"", 
QLD,RIVERHILLS,4074,Oxley,"", 
QLD,SUMNER,4074,Oxley,"", 
QLD,WESTLAKE,4074,Oxley,"", 
QLD,CORINDA,4075,Moreton,"", 
QLD,GRACEVILLE,4075,Moreton,"", 
QLD,OXLEY,4075,Moreton,"", 
QLD,OXLEY,4075,Oxley,"", 
QLD,SHERWOOD,4075,Moreton,"", 
QLD,DARRA,4076,Oxley,"", 
QLD,WACOL,4076,Oxley,"", 
QLD,DOOLANDELLA,4077,Oxley,"", 
QLD,DURACK,4077,Oxley,"", 
QLD,INALA,4077,Oxley,"", 
QLD,RICHLANDS,4077,Oxley,"", 
QLD,ELLEN GROVE,4078,Oxley,"", 
QLD,FOREST LAKE,4078,Oxley,"", 
QLD,HIGHGATE HILL,4101,Griffith,"", 
QLD,HILL END,4101,Griffith,"",WEST END
QLD,SOUTH BANK,4101,Griffith,"",SOUTH BRISBANE
QLD,SOUTH BRISBANE,4101,Griffith,"", 
QLD,WEST END,4101,Griffith,"", 
QLD,DUTTON PARK,4102,Griffith,"", 
QLD,WOOLLOONGABBA,4102,Griffith,"", 
QLD,ANNERLEY,4103,Moreton,"", 
QLD,FAIRFIELD,4103,Moreton,"", 
QLD,YERONGA,4104,Moreton,"", 
QLD,MOOROOKA,4105,Moreton,"", 
QLD,TENNYSON,4105,Moreton,"", 
QLD,YEERONGPILLY,4105,Moreton,"", 
QLD,ROCKLEA,4106,Moreton,"", 
QLD,SALISBURY,4107,Moreton,"", 
QLD,ARCHERFIELD,4108,Moreton,"", 
QLD,COOPERS PLAINS,4108,Moreton,"", 
QLD,MACGREGOR,4109,Moreton,"", 
QLD,ROBERTSON,4109,Moreton,"", 
QLD,SUNNYBANK,4109,Moreton,"", 
QLD,SUNNYBANK HILLS,4109,Moreton,"", 
QLD,ACACIA RIDGE,4110,Moreton,"", 
QLD,HEATHWOOD,4110,Oxley,"", 
QLD,LARAPINTA,4110,Oxley,"", 
QLD,PALLARA,4110,Moreton,"", 
QLD,PALLARA,4110,Oxley,"", 
QLD,WILLAWONG,4110,Moreton,"", 
QLD,NATHAN,4111,Moreton,"", 
QLD,KURABY,4112,Moreton,"", 
QLD,EIGHT MILE PLAINS,4113,Bonner,"", 
QLD,EIGHT MILE PLAINS,4113,Moreton,"", 
QLD,FRUITGROVE,4113,Moreton,"",RUNCORN
QLD,RUNCORN,4113,Moreton,"", 
QLD,KINGSTON,4114,Rankin,"", 
QLD,LOGAN CENTRAL,4114,Rankin,"", 
QLD,WOODRIDGE,4114,Rankin,"", 
QLD,ALGESTER,4115,Rankin,"", 
QLD,PARKINSON,4115,Rankin,"", 
QLD,CALAMVALE,4116,Rankin,"", 
QLD,DREWVALE,4116,Rankin,"", 
QLD,STRETTON,4116,Rankin,"", 
QLD,BERRINBA,4117,Rankin,"", 
QLD,KARAWATHA,4117,Rankin,"", 
QLD,BROWNS PLAINS,4118,Rankin,"", 
QLD,FORESTDALE,4118,Wright,"", 
QLD,HERITAGE PARK,4118,Rankin,"", 
QLD,HILLCREST,4118,Rankin,"", 
QLD,REGENTS PARK,4118,Rankin,"", 
QLD,UNDERWOOD,4119,Rankin,"", 
QLD,GREENSLOPES,4120,Griffith,"", 
QLD,STONES CORNER,4120,Griffith,"", 
QLD,EKIBIN,4121,Moreton,"",TARRAGINDI
QLD,HOLLAND PARK,4121,Bonner,"", 
QLD,HOLLAND PARK,4121,Griffith,"", 
QLD,HOLLAND PARK WEST,4121,Bonner,"", 
QLD,HOLLAND PARK WEST,4121,Griffith,"", 
QLD,TARRAGINDI,4121,Moreton,"", 
QLD,WELLERS HILL,4121,Moreton,"",TARRAGINDI
QLD,MANSFIELD,4122,Bonner,"", 
QLD,MOUNT GRAVATT,4122,Bonner,"", 
QLD,MOUNT GRAVATT EAST,4122,Bonner,"", 
QLD,MOUNT GRAVATT EAST,4122,Griffith,"", 
QLD,UPPER MOUNT GRAVATT,4122,Bonner,"", 
QLD,WISHART,4122,Bonner,"", 
QLD,ROCHEDALE,4123,Bonner,"", 
QLD,ROCHEDALE SOUTH,4123,Rankin,"", 
QLD,BORONIA HEIGHTS,4124,Forde,"", 
QLD,GREENBANK,4124,Forde,"", 
QLD,GREENBANK,4124,Wright,"", 
QLD,LYONS,4124,Wright,"", 
QLD,NEW BEITH,4124,Wright,"", 
QLD,MUNRUBEN,4125,Forde,"", 
QLD,MUNRUBEN,4125,Wright,"", 
QLD,PARK RIDGE,4125,Forde,"", 
QLD,PARK RIDGE SOUTH,4125,Forde,"", 
QLD,PARK RIDGE SOUTH,4125,Wright,"", 
QLD,DAISY HILL,4127,Forde,"", 
QLD,DAISY HILL,4127,Rankin,"", 
QLD,PRIESTDALE,4127,Rankin,"", 
QLD,SLACKS CREEK,4127,Rankin,"", 
QLD,SPRINGWOOD,4127,Rankin,"", 
QLD,SHAILER PARK,4128,Forde,"", 
QLD,SHAILER PARK,4128,Rankin,"", 
QLD,TANAH MERAH,4128,Forde,"", 
QLD,LOGANHOLME,4129,Forde,"", 
QLD,CARBROOK,4130,Forde,"", 
QLD,CORNUBIA,4130,Forde,"", 
QLD,LOGANLEA,4131,Forde,"", 
QLD,LOGANLEA,4131,Rankin,"", 
QLD,MEADOWBROOK,4131,Forde,"", 
QLD,MEADOWBROOK,4131,Rankin,"", 
QLD,CRESTMEAD,4132,Rankin,"", 
QLD,MARSDEN,4132,Rankin,"", 
QLD,CHAMBERS FLAT,4133,Forde,"", 
QLD,LOGAN RESERVE,4133,Forde,"", 
QLD,WATERFORD,4133,Forde,"", 
QLD,WATERFORD WEST,4133,Forde,"", 
QLD,COORPAROO,4151,Griffith,"", 
QLD,CAMP HILL,4152,Griffith,"", 
QLD,CARINA,4152,Bonner,"", 
QLD,CARINA,4152,Griffith,"", 
QLD,CARINA HEIGHTS,4152,Griffith,"", 
QLD,CARINDALE,4152,Bonner,"", 
QLD,BELMONT,4153,Bonner,"", 
QLD,GUMDALE,4154,Bonner,"", 
QLD,RANSOME,4154,Bonner,"", 
QLD,WAKERLEY,4154,Bonner,"", 
QLD,CHANDLER,4155,Bonner,"", 
QLD,BURBANK,4156,Bonner,"", 
QLD,MACKENZIE,4156,Bonner,"", 
QLD,CAPALABA,4157,Bowman,"", 
QLD,SHELDON,4157,Bowman,"", 
QLD,THORNESIDE,4158,Bowman,"", 
QLD,BIRKDALE,4159,Bowman,"", 
QLD,ORMISTON,4160,Bowman,"", 
QLD,WELLINGTON POINT,4160,Bowman,"", 
QLD,ALEXANDRA HILLS,4161,Bowman,"", 
QLD,CLEVELAND,4163,Bowman,"", 
QLD,RABY BAY,4163,Bowman,"",CLEVELAND
QLD,THORNLANDS,4164,Bowman,"", 
QLD,MOUNT COTTON,4165,Bowman,"", 
QLD,POINT HALLORAN,4165,Bowman,"",VICTORIA POINT
QLD,POINT TALBURPIN,4165,Bowman,"",REDLAND BAY
QLD,REDLAND BAY,4165,Bowman,"", 
QLD,VICTORIA POINT,4165,Bowman,"", 
QLD,EAST BRISBANE,4169,Griffith,"", 
QLD,KANGAROO POINT,4169,Griffith,"", 
QLD,CANNON HILL,4170,Bonner,"", 
QLD,CANNON HILL,4170,Griffith,"", 
QLD,MORNINGSIDE,4170,Griffith,"", 
QLD,NORMAN PARK,4170,Griffith,"", 
QLD,SEVEN HILLS,4170,Griffith,"", 
QLD,BALMORAL,4171,Griffith,"", 
QLD,BULIMBA,4171,Griffith,"", 
QLD,HAWTHORNE,4171,Griffith,"", 
QLD,MURARRIE,4172,Bonner,"", 
QLD,MURARRIE,4172,Griffith,"", 
QLD,TINGALPA,4173,Bonner,"", 
QLD,HEMMANT,4174,Bonner,"", 
QLD,LINDUM,4178,Bonner,"",WYNNUM WEST
QLD,LYTTON,4178,Bonner,"", 
QLD,PORT OF BRISBANE,4178,Bonner,"", 
QLD,WYNNUM,4178,Bonner,"", 
QLD,WYNNUM WEST,4178,Bonner,"", 
QLD,LOTA,4179,Bonner,"", 
QLD,MANLY,4179,Bonner,"", 
QLD,MANLY WEST,4179,Bonner,"", 
QLD,AMITY,4183,Bowman,"", 
QLD,DUNWICH,4183,Bowman,"", 
QLD,POINT LOOKOUT,4183,Bowman,"", 
QLD,COOCHIEMUDLO ISLAND,4184,Bowman,"", 
QLD,KARRAGARRA ISLAND,4184,Bowman,"", 
QLD,LAMB ISLAND,4184,Bowman,"", 
QLD,MACLEAY ISLAND,4184,Bowman,"", 
QLD,PERULPA ISLAND,4184,Bowman,"",MACLEAY ISLAND
QLD,RUSSELL ISLAND,4184,Bowman,"", 
QLD,BETHANIA,4205,Forde,"", 
QLD,ALBERTON,4207,Fadden,"", 
QLD,BAHRS SCRUB,4207,Forde,"", 
QLD,BANNOCKBURN,4207,Forde,"", 
QLD,BEENLEIGH,4207,Forde,"", 
QLD,BELIVAH,4207,Forde,"", 
QLD,BUCCAN,4207,Forde,"", 
QLD,BUCCAN,4207,Wright,"", 
QLD,CEDAR CREEK,4207,Forde,"", 
QLD,CEDAR CREEK,4207,Wright,"", 
QLD,EAGLEBY,4207,Forde,"", 
QLD,EDENS LANDING,4207,Forde,"", 
QLD,HOLMVIEW,4207,Forde,"", 
QLD,KAIRABAH,4207,Wright,"", 
QLD,LOGAN VILLAGE,4207,Wright,"", 
QLD,LUSCOMBE,4207,Forde,"", 
QLD,MOUNT WARREN PARK,4207,Forde,"", 
QLD,STAPYLTON,4207,Fadden,"", 
QLD,STEIGLITZ,4207,Fadden,"", 
QLD,TABBY TABBY ISLAND,4207,Fadden,"", 
QLD,WINDAROO,4207,Forde,"", 
QLD,WOLFFDENE,4207,Forde,"", 
QLD,WOONGOOLBA,4207,Fadden,"", 
QLD,YARRABILBA,4207,Wright,"", 
QLD,YATALA,4207,Forde,"", 
QLD,GILBERTON,4208,Fadden,"", 
QLD,JACOBS WELL,4208,Fadden,"", 
QLD,KINGSHOLME,4208,Forde,"", 
QLD,NORWELL,4208,Fadden,"", 
QLD,ORMEAU,4208,Fadden,"", 
QLD,ORMEAU,4208,Forde,"", 
QLD,ORMEAU HILLS,4208,Forde,"", 
QLD,COOMERA,4209,Fadden,"", 
QLD,PIMPAMA,4209,Fadden,"", 
QLD,PIMPAMA,4209,Forde,"", 
QLD,UPPER COOMERA,4209,Forde,"", 
QLD,WILLOW VALE,4209,Forde,"", 
QLD,GUANABA,4210,Wright,"", 
QLD,MAUDSLAND,4210,Fadden,"", 
QLD,MAUDSLAND,4210,Forde,"", 
QLD,MAUDSLAND,4210,Wright,"", 
QLD,OXENFORD,4210,Fadden,"", 
QLD,OXENFORD,4210,Wright,"", 
QLD,WONGAWALLAN,4210,Forde,"", 
QLD,WONGAWALLAN,4210,Wright,"", 
QLD,ADVANCETOWN,4211,Moncrieff,"", 
QLD,ADVANCETOWN,4211,Wright,"", 
QLD,BEECHMONT,4211,Wright,"", 
QLD,BINNA BURRA,4211,Wright,"", 
QLD,CARRARA,4211,Moncrieff,"", 
QLD,CLAGIRABA,4211,Wright,"", 
QLD,GAVEN,4211,Fadden,"", 
QLD,GILSTON,4211,Moncrieff,"", 
QLD,GILSTON,4211,Wright,"", 
QLD,HIGHLAND PARK,4211,Moncrieff,"", 
QLD,HIGHLAND PARK,4211,Wright,"", 
QLD,LOWER BEECHMONT,4211,Wright,"", 
QLD,MOUNT NATHAN,4211,Wright,"", 
QLD,NATURAL BRIDGE,4211,Wright,"", 
QLD,NERANG,4211,Moncrieff,"", 
QLD,NERANG,4211,Wright,"", 
QLD,NUMINBAH VALLEY,4211,Wright,"", 
QLD,PACIFIC PINES,4211,Fadden,"", 
QLD,PACIFIC PINES,4211,Wright,"", 
QLD,HELENSVALE,4212,Fadden,"", 
QLD,HOPE ISLAND,4212,Fadden,"", 
QLD,SANCTUARY COVE,4212,Fadden,"",HOPE ISLAND
QLD,AUSTINVILLE,4213,Wright,"", 
QLD,BONOGIN,4213,McPherson,"", 
QLD,BONOGIN,4213,Wright,"", 
QLD,MUDGEERABA,4213,McPherson,"", 
QLD,MUDGEERABA,4213,Wright,"", 
QLD,NERANWOOD,4213,Wright,"", 
QLD,SPRINGBROOK,4213,Wright,"", 
QLD,TALLAI,4213,Wright,"", 
QLD,WORONGARY,4213,Moncrieff,"", 
QLD,WORONGARY,4213,Wright,"", 
QLD,ARUNDEL,4214,Fadden,"", 
QLD,ASHMORE,4214,Moncrieff,"", 
QLD,MOLENDINAR,4214,Moncrieff,"", 
QLD,PARKWOOD,4214,Fadden,"", 
QLD,LABRADOR,4215,Fadden,"", 
QLD,SOUTHPORT,4215,Fadden,"", 
QLD,SOUTHPORT,4215,Moncrieff,"", 
QLD,BIGGERA WATERS,4216,Fadden,"", 
QLD,COOMBABAH,4216,Fadden,"", 
QLD,HOLLYWELL,4216,Fadden,"", 
QLD,PARADISE POINT,4216,Fadden,"", 
QLD,RUNAWAY BAY,4216,Fadden,"", 
QLD,SOUTH STRADBROKE,4216,Fadden,"", 
QLD,BENOWA,4217,Moncrieff,"", 
QLD,BENOWA WATERS,4217,Moncrieff,"",BENOWA
QLD,BUNDALL,4217,Moncrieff,"", 
QLD,CHEVRON ISLAND,4217,Moncrieff,"",SURFERS PARADISE
QLD,ISLE OF CAPRI,4217,Moncrieff,"",SURFERS PARADISE
QLD,MAIN BEACH,4217,Moncrieff,"", 
QLD,PARADISE ISLAND,4217,Moncrieff,"",SURFERS PARADISE
QLD,PARADISE WATERS,4217,Moncrieff,"",SURFERS PARADISE
QLD,SORRENTO,4217,Moncrieff,"",BUNDALL
QLD,SURFERS PARADISE,4217,Moncrieff,"", 
QLD,BROADBEACH,4218,Moncrieff,"", 
QLD,BROADBEACH WATERS,4218,Moncrieff,"", 
QLD,FLORIDA GARDENS,4218,Moncrieff,"",BROADBEACH WATERS
QLD,MERMAID BEACH,4218,Moncrieff,"", 
QLD,MERMAID WATERS,4218,Moncrieff,"", 
QLD,NOBBYS BEACH,4218,Moncrieff,"",MERMAID BEACH
QLD,BURLEIGH HEADS,4220,McPherson,"", 
QLD,BURLEIGH WATERS,4220,McPherson,"", 
QLD,MIAMI,4220,McPherson,"", 
QLD,MIAMI,4220,Moncrieff,"", 
QLD,ELANORA,4221,McPherson,"", 
QLD,PALM BEACH,4221,McPherson,"", 
QLD,CURRUMBIN,4223,McPherson,"", 
QLD,CURRUMBIN VALLEY,4223,McPherson,"", 
QLD,CURRUMBIN WATERS,4223,McPherson,"", 
QLD,TUGUN,4224,McPherson,"", 
QLD,BILINGA,4225,McPherson,"", 
QLD,COOLANGATTA,4225,McPherson,"", 
QLD,KIRRA,4225,McPherson,"",COOLANGATTA
QLD,RAINBOW BAY,4225,McPherson,"",COOLANGATTA
QLD,CLEAR ISLAND WATERS,4226,McPherson,"", 
QLD,MERRIMAC,4226,McPherson,"", 
QLD,MERRIMAC,4226,Moncrieff,"", 
QLD,ROBINA,4226,McPherson,"", 
QLD,REEDY CREEK,4227,McPherson,"", 
QLD,VARSITY LAKES,4227,McPherson,"", 
QLD,TALLEBUDGERA,4228,McPherson,"", 
QLD,TALLEBUDGERA VALLEY,4228,McPherson,"", 
QLD,TAMBORINE,4270,Wright,"", 
QLD,MOUNT TAMBORINE,4272,Wright,"",TAMBORINE MOUNTAIN
QLD,NORTH TAMBORINE,4272,Wright,"",TAMBORINE MOUNTAIN
QLD,TAMBORINE MOUNTAIN,4272,Wright,"", 
QLD,BENOBBLE,4275,Wright,"", 
QLD,BIDDADDABA,4275,Wright,"", 
QLD,BOYLAND,4275,Wright,"", 
QLD,CANUNGRA,4275,Wright,"", 
QLD,FERNY GLEN,4275,Wright,"", 
QLD,FLYING FOX,4275,Wright,"", 
QLD,ILLINBAH,4275,Wright,"", 
QLD,O'REILLY,4275,Wright,"", 
QLD,SARABAH,4275,Wright,"", 
QLD,WITHEREN,4275,Wright,"", 
QLD,WONGLEPONG,4275,Wright,"", 
QLD,FLAGSTONE,4280,Wright,"", 
QLD,GLENLOGAN,4280,Wright,"", 
QLD,JIMBOOMBA,4280,Wright,"", 
QLD,NORTH MACLEAN,4280,Forde,"", 
QLD,NORTH MACLEAN,4280,Wright,"", 
QLD,RIVERBEND,4280,Wright,"", 
QLD,SOUTH MACLEAN,4280,Wright,"", 
QLD,STOCKLEIGH,4280,Wright,"", 
QLD,ALLENVIEW,4285,Wright,"", 
QLD,BEAUDESERT,4285,Wright,"", 
QLD,BIRNAM,4285,Wright,"", 
QLD,BROMELTON,4285,Wright,"", 
QLD,CAINBABLE,4285,Wright,"", 
QLD,CEDAR GROVE,4285,Wright,"", 
QLD,CEDAR VALE,4285,Wright,"", 
QLD,CHINGHEE CREEK,4285,Wright,"", 
QLD,CHRISTMAS CREEK,4285,Wright,"", 
QLD,CRYNA,4285,Wright,"", 
QLD,DARLINGTON,4285,Wright,"", 
QLD,FLINDERS LAKES,4285,Wright,"", 
QLD,GLENEAGLE,4285,Wright,"", 
QLD,HILLVIEW,4285,Wright,"", 
QLD,INNISPLAIN,4285,Wright,"", 
QLD,JOSEPHVILLE,4285,Wright,"", 
QLD,KAGARU,4285,Wright,"", 
QLD,KERRY,4285,Wright,"", 
QLD,KNAPP CREEK,4285,Wright,"", 
QLD,KOORALBYN,4285,Wright,"", 
QLD,LAMINGTON,4285,Wright,"", 
QLD,LARAVALE,4285,Wright,"", 
QLD,MOUNT GIPPS,4285,Wright,"", 
QLD,MUNDOOLUN,4285,Wright,"", 
QLD,NINDOOINBAH,4285,Wright,"", 
QLD,OAKY CREEK,4285,Wright,"", 
QLD,TABOOBA,4285,Wright,"", 
QLD,TABRAGALBA,4285,Wright,"", 
QLD,TAMROOKUM,4285,Wright,"", 
QLD,TAMROOKUM CREEK,4285,Wright,"", 
QLD,UNDULLAH,4285,Wright,"", 
QLD,VERESDALE,4285,Wright,"", 
QLD,VERESDALE SCRUB,4285,Wright,"", 
QLD,WOODHILL,4285,Wright,"", 
QLD,BARNEY VIEW,4287,Wright,"", 
QLD,MOUNT BARNEY,4287,Wright,"", 
QLD,MOUNT LINDESAY,4287,Wright,"", 
QLD,PALEN CREEK,4287,Wright,"", 
QLD,RATHDOWNEY,4287,Wright,"", 
QLD,RUNNING CREEK,4287,Wright,"", 
QLD,AUGUSTINE HEIGHTS,4300,Blair,"", 
QLD,AUGUSTINE HEIGHTS,4300,Oxley,"", 
QLD,BELLBIRD PARK,4300,Oxley,"", 
QLD,BROOKWATER,4300,Oxley,"", 
QLD,CAMIRA,4300,Oxley,"", 
QLD,CAROLE PARK,4300,Oxley,"", 
QLD,GAILES,4300,Oxley,"", 
QLD,GOODNA,4300,Oxley,"", 
QLD,SPRING MOUNTAIN,4300,Blair,"", 
QLD,SPRINGFIELD,4300,Oxley,"", 
QLD,SPRINGFIELD CENTRAL,4300,Blair,"", 
QLD,SPRINGFIELD LAKES,4300,Blair,"", 
QLD,SPRINGFIELD LAKES,4300,Oxley,"", 
QLD,COLLINGWOOD PARK,4301,Blair,"", 
QLD,COLLINGWOOD PARK,4301,Oxley,"", 
QLD,REDBANK,4301,Oxley,"", 
QLD,REDBANK PLAINS,4301,Blair,"", 
QLD,REDBANK PLAINS,4301,Oxley,"", 
QLD,DINMORE,4303,Blair,"", 
QLD,NEW CHUM,4303,Blair,"", 
QLD,RIVERVIEW,4303,Blair,"", 
QLD,BERGINS HILL,4304,Blair,"",BUNDAMBA
QLD,BLACKSTONE,4304,Blair,"", 
QLD,BOOVAL,4304,Blair,"", 
QLD,BUNDAMBA,4304,Blair,"", 
QLD,EBBW VALE,4304,Blair,"", 
QLD,NORTH BOOVAL,4304,Blair,"", 
QLD,SILKSTONE,4304,Blair,"", 
QLD,BASIN POCKET,4305,Blair,"", 
QLD,BRASSALL,4305,Blair,"", 
QLD,CHURCHILL,4305,Blair,"", 
QLD,COALFALLS,4305,Blair,"", 
QLD,DENMARK HILL,4305,Blair,"",IPSWICH
QLD,EAST IPSWICH,4305,Blair,"", 
QLD,EASTERN HEIGHTS,4305,Blair,"", 
QLD,FLINDERS VIEW,4305,Blair,"", 
QLD,IPSWICH,4305,Blair,"", 
QLD,LEICHHARDT,4305,Blair,"", 
QLD,LIMESTONE RIDGES,4305,Wright,"", 
QLD,MOORES POCKET,4305,Blair,"", 
QLD,NEWTOWN,4305,Blair,"", 
QLD,NORTH IPSWICH,4305,Blair,"", 
QLD,NORTH TIVOLI,4305,Blair,"", 
QLD,ONE MILE,4305,Blair,"", 
QLD,RACEVIEW,4305,Blair,"", 
QLD,RAYMONDS HILL,4305,Blair,"",NORTH IPSWICH
QLD,SADLIERS CROSSING,4305,Blair,"", 
QLD,TIVOLI,4305,Blair,"", 
QLD,TIVOLI HILL,4305,Blair,"",TIVOLI
QLD,WEST IPSWICH,4305,Blair,"", 
QLD,WOODEND,4305,Blair,"", 
QLD,WULKURAKA,4305,Blair,"", 
QLD,YAMANTO,4305,Blair,"", 
QLD,AMBERLEY,4306,Blair,"", 
QLD,BANKS CREEK,4306,Blair,"", 
QLD,BARELLAN POINT,4306,Blair,"", 
QLD,BLACKSOIL,4306,Blair,"", 
QLD,BORALLON,4306,Blair,"", 
QLD,CHUWAR,4306,Blair,"", 
QLD,DEEBING HEIGHTS,4306,Blair,"", 
QLD,DUNDAS,4306,Blair,"", 
QLD,ENGLAND CREEK,4306,Blair,"", 
QLD,FAIRNEY VIEW,4306,Blair,"", 
QLD,FERNVALE,4306,Blair,"", 
QLD,GLAMORGAN VALE,4306,Blair,"", 
QLD,GOOLMAN,4306,Blair,"", 
QLD,HAIGSLEA,4306,Blair,"", 
QLD,IRONBARK,4306,Blair,"", 
QLD,KARALEE,4306,Blair,"", 
QLD,KARANA DOWNS,4306,Blair,"", 
QLD,KARRABIN,4306,Blair,"", 
QLD,KHOLO,4306,Blair,"", 
QLD,LAKE MANCHESTER,4306,Blair,"", 
QLD,LAKE MANCHESTER,4306,Ryan,"", 
QLD,LARK HILL,4306,Blair,"", 
QLD,MOUNT CROSBY,4306,Blair,"", 
QLD,MOUNT MARROW,4306,Blair,"", 
QLD,MUIRLEA,4306,Blair,"", 
QLD,PEAK CROSSING,4306,Blair,"", 
QLD,PEAK CROSSING,4306,Wright,"", 
QLD,PINE MOUNTAIN,4306,Blair,"", 
QLD,PURGA,4306,Blair,"", 
QLD,RIPLEY,4306,Blair,"", 
QLD,SOUTH RIPLEY,4306,Blair,"", 
QLD,SPLIT YARD CREEK,4306,Blair,"", 
QLD,SWANBANK,4306,Blair,"", 
QLD,THAGOONA,4306,Blair,"", 
QLD,VERNOR,4306,Blair,"", 
QLD,WALLOON,4306,Blair,"", 
QLD,WANORA,4306,Blair,"", 
QLD,WASHPOOL,4306,Wright,"", 
QLD,WHITE ROCK,4306,Blair,"", 
QLD,WILLOWBANK,4306,Blair,"", 
QLD,WIVENHOE POCKET,4306,Blair,"", 
QLD,COLEYVILLE,4307,Wright,"", 
QLD,HARRISVILLE,4307,Wright,"", 
QLD,MUTDAPILLY,4307,Blair,"", 
QLD,MUTDAPILLY,4307,Wright,"", 
QLD,RADFORD,4307,Wright,"", 
QLD,SILVERDALE,4307,Wright,"", 
QLD,WARRILL VIEW,4307,Wright,"", 
QLD,WILSONS PLAINS,4307,Wright,"", 
QLD,ARATULA,4309,Wright,"", 
QLD,CHARLWOOD,4309,Wright,"", 
QLD,CLUMBER,4309,Wright,"", 
QLD,FASSIFERN,4309,Wright,"", 
QLD,FASSIFERN VALLEY,4309,Wright,"", 
QLD,FRAZERVIEW,4309,Wright,"", 
QLD,KALBAR,4309,Wright,"", 
QLD,KENTS LAGOON,4309,Wright,"", 
QLD,KULGUN,4309,Wright,"", 
QLD,MILORA,4309,Wright,"", 
QLD,MOOGERAH,4309,Wright,"", 
QLD,MORWINCHA,4309,Wright,"", 
QLD,MOUNT EDWARDS,4309,Wright,"", 
QLD,MUNBILLA,4309,Wright,"", 
QLD,OBUM OBUM,4309,Wright,"", 
QLD,TAROME,4309,Wright,"", 
QLD,TEVIOTVILLE,4309,Wright,"", 
QLD,ALLANDALE,4310,Wright,"", 
QLD,ANTHONY,4310,Wright,"", 
QLD,BLANTYRE,4310,Wright,"", 
QLD,BOONAH,4310,Wright,"", 
QLD,BUNBURRA,4310,Wright,"", 
QLD,BUNJURGEN,4310,Wright,"", 
QLD,BURNETT CREEK,4310,Wright,"", 
QLD,CANNON CREEK,4310,Wright,"", 
QLD,CARNEYS CREEK,4310,Wright,"", 
QLD,COOCHIN,4310,Wright,"", 
QLD,COULSON,4310,Wright,"", 
QLD,CROFTBY,4310,Wright,"", 
QLD,DUGANDAN,4310,Wright,"", 
QLD,FRENCHES CREEK,4310,Wright,"", 
QLD,HOYA,4310,Wright,"", 
QLD,KENTS POCKET,4310,Wright,"", 
QLD,MAROON,4310,Wright,"", 
QLD,MILBONG,4310,Wright,"", 
QLD,MILFORD,4310,Wright,"", 
QLD,MOUNT ALFORD,4310,Wright,"", 
QLD,MOUNT FRENCH,4310,Wright,"", 
QLD,ROADVALE,4310,Wright,"", 
QLD,TEMPLIN,4310,Wright,"", 
QLD,WALLACES CREEK,4310,Wright,"", 
QLD,WOOLOOMAN,4310,Wright,"", 
QLD,WYARALONG,4310,Wright,"", 
QLD,ATKINSONS DAM,4311,Blair,"", 
QLD,BRIGHTVIEW,4311,Blair,"", 
QLD,BRIGHTVIEW,4311,Wright,"", 
QLD,BUARABA,4311,Blair,"", 
QLD,BUARABA SOUTH,4311,Wright,"", 
QLD,CHURCHABLE,4311,Wright,"", 
QLD,CLARENDON,4311,Blair,"", 
QLD,COOLANA,4311,Blair,"", 
QLD,COOMINYA,4311,Blair,"", 
QLD,LAKE WIVENHOE,4311,Blair,"", 
QLD,LOCKYER WATERS,4311,Wright,"", 
QLD,LOWOOD,4311,Blair,"", 
QLD,MINDEN,4311,Blair,"", 
QLD,MOUNT TARAMPA,4311,Blair,"", 
QLD,PATRICK ESTATE,4311,Blair,"", 
QLD,PRENZLAU,4311,Blair,"", 
QLD,RIFLE RANGE,4311,Blair,"", 
QLD,TARAMPA,4311,Blair,"", 
QLD,WIVENHOE HILL,4311,Blair,"", 
QLD,BRYDEN,4312,Blair,"", 
QLD,CABOONBAH,4312,Blair,"", 
QLD,COAL CREEK,4312,Blair,"", 
QLD,CROSSDALE,4312,Blair,"", 
QLD,ESK,4312,Blair,"", 
QLD,ESKDALE,4312,Blair,"", 
QLD,GLEN ESK,4312,Blair,"", 
QLD,MOOMBRA,4312,Blair,"", 
QLD,MOUNT BYRON,4312,Blair,"", 
QLD,MOUNT HALLEN,4312,Blair,"", 
QLD,MURRUMBA,4312,Blair,"", 
QLD,REDBANK CREEK,4312,Blair,"", 
QLD,SOMERSET DAM,4312,Blair,"", 
QLD,BIARRA,4313,Blair,"", 
QLD,BRAEMORE,4313,Blair,"", 
QLD,COOEEIMBARDI,4313,Blair,"", 
QLD,CRESSBROOK,4313,Blair,"", 
QLD,FULHAM,4313,Blair,"", 
QLD,GREGORS CREEK,4313,Blair,"", 
QLD,IVORY CREEK,4313,Blair,"", 
QLD,LOWER CRESSBROOK,4313,Blair,"", 
QLD,MOUNT BEPPO,4313,Blair,"", 
QLD,OTTABA,4313,Blair,"", 
QLD,SCRUB CREEK,4313,Blair,"", 
QLD,TOOGOOLAWAH,4313,Blair,"", 
QLD,YIMBUN,4313,Blair,"", 
QLD,AVOCA VALE,4314,Blair,"", 
QLD,BENARKIN,4314,Maranoa,"", 
QLD,BENARKIN NORTH,4314,Maranoa,"", 
QLD,BLACKBUTT,4314,Maranoa,"", 
QLD,BLACKBUTT NORTH,4314,Maranoa,"", 
QLD,BLACKBUTT SOUTH,4314,Maranoa,"", 
QLD,CHERRY CREEK,4314,Maranoa,"", 
QLD,COLINTON,4314,Blair,"", 
QLD,GILLA,4314,Maranoa,"", 
QLD,GOOGA CREEK,4314,Maranoa,"", 
QLD,HARLIN,4314,Blair,"", 
QLD,LINVILLE,4314,Blair,"", 
QLD,MOORE,4314,Blair,"", 
QLD,MOUNT BINGA,4314,Maranoa,"", 
QLD,MOUNT STANLEY,4314,Blair,"", 
QLD,NUKKU,4314,Maranoa,"", 
QLD,TAROMEO,4314,Maranoa,"", 
QLD,TEELAH,4314,Maranoa,"", 
QLD,ASHWELL,4340,Blair,"", 
QLD,CALVERT,4340,Blair,"", 
QLD,EBENEZER,4340,Blair,"", 
QLD,GRANDCHESTER,4340,Blair,"", 
QLD,JEEBROPILLY,4340,Blair,"", 
QLD,LANEFIELD,4340,Blair,"", 
QLD,LOWER MOUNT WALKER,4340,Blair,"", 
QLD,LOWER MOUNT WALKER,4340,Wright,"", 
QLD,MERRYVALE,4340,Wright,"", 
QLD,MOORANG,4340,Wright,"", 
QLD,MOUNT FORBES,4340,Blair,"", 
QLD,MOUNT FORBES,4340,Wright,"", 
QLD,MOUNT MORT,4340,Blair,"", 
QLD,MOUNT WALKER,4340,Wright,"", 
QLD,MOUNT WALKER WEST,4340,Blair,"", 
QLD,MOUNT WALKER WEST,4340,Wright,"", 
QLD,ROSEVALE,4340,Wright,"", 
QLD,ROSEWOOD,4340,Blair,"", 
QLD,TALLEGALLA,4340,Blair,"", 
QLD,THE BLUFF,4340,Blair,"", 
QLD,WOOLSHED,4340,Blair,"", 
QLD,BLENHEIM,4341,Wright,"", 
QLD,HATTON VALE,4341,Wright,"", 
QLD,KENSINGTON GROVE,4341,Wright,"", 
QLD,KENTVILLE,4341,Wright,"", 
QLD,LAIDLEY,4341,Wright,"", 
QLD,LAIDLEY CREEK WEST,4341,Wright,"", 
QLD,LAIDLEY HEIGHTS,4341,Wright,"", 
QLD,LAIDLEY NORTH,4341,Wright,"", 
QLD,LAIDLEY SOUTH,4341,Wright,"", 
QLD,MOUNT BERRYMAN,4341,Wright,"", 
QLD,MULGOWIE,4341,Wright,"", 
QLD,PLAINLAND,4341,Wright,"", 
QLD,REGENCY DOWNS,4341,Wright,"", 
QLD,SUMMERHOLM,4341,Wright,"", 
QLD,THORNTON,4341,Wright,"", 
QLD,TOWNSON,4341,Wright,"", 
QLD,CROWLEY VALE,4342,Wright,"", 
QLD,FOREST HILL,4342,Wright,"", 
QLD,GLEN CAIRN,4342,Wright,"", 
QLD,GLENORE GROVE,4342,Wright,"", 
QLD,LOCKROSE,4342,Blair,"", 
QLD,LOCKROSE,4342,Wright,"", 
QLD,LYNFORD,4342,Wright,"", 
QLD,ADARE,4343,Wright,"", 
QLD,BLACK DUCK CREEK,4343,Wright,"", 
QLD,CAFFEY,4343,Wright,"", 
QLD,COLLEGE VIEW,4343,Wright,"", 
QLD,EAST HALDON,4343,Wright,"", 
QLD,FORDSDALE,4343,Wright,"", 
QLD,GATTON,4343,Wright,"", 
QLD,INGOLDSBY,4343,Wright,"", 
QLD,JUNCTION VIEW,4343,Wright,"", 
QLD,LAKE CLARENDON,4343,Wright,"", 
QLD,LAWES,4343,Wright,"", 
QLD,LEFTHAND BRANCH,4343,Wright,"", 
QLD,LOWER TENTHILL,4343,Wright,"", 
QLD,MORTON VALE,4343,Wright,"", 
QLD,MOUNT SYLVIA,4343,Wright,"", 
QLD,PLACID HILLS,4343,Wright,"", 
QLD,RINGWOOD,4343,Wright,"", 
QLD,ROCKSIDE,4343,Wright,"", 
QLD,ROPELEY,4343,Wright,"", 
QLD,SPRING CREEK,4343,Wright,"", 
QLD,UPPER TENTHILL,4343,Wright,"", 
QLD,VINEGAR HILL,4343,Wright,"", 
QLD,WOODBINE,4343,Wright,"", 
QLD,WOODLANDS,4343,Wright,"", 
QLD,CARPENDALE,4344,Wright,"", 
QLD,EGYPT,4344,Wright,"", 
QLD,FLAGSTONE CREEK,4344,Wright,"", 
QLD,HELIDON,4344,Wright,"", 
QLD,HELIDON SPA,4344,Wright,"", 
QLD,IREDALE,4344,Wright,"", 
QLD,LILYDALE,4344,Wright,"", 
QLD,LOCKYER,4344,Wright,"", 
QLD,ROCKMOUNT,4344,Wright,"", 
QLD,SEVENTEEN MILE,4344,Wright,"", 
QLD,STOCKYARD,4344,Wright,"", 
QLD,UPPER FLAGSTONE,4344,Wright,"", 
QLD,MARBURG,4346,Blair,"", 
QLD,GRANTHAM,4347,Wright,"", 
QLD,MA MA CREEK,4347,Wright,"", 
QLD,MOUNT WHITESTONE,4347,Wright,"", 
QLD,VERADILLA,4347,Wright,"", 
QLD,WINWILL,4347,Wright,"", 
QLD,ATHOL,4350,Groom,"", 
QLD,BLUE MOUNTAIN HEIGHTS,4350,Groom,"", 
QLD,CENTENARY HEIGHTS,4350,Groom,"", 
QLD,CHARLTON,4350,Groom,"", 
QLD,COTSWOLD HILLS,4350,Groom,"", 
QLD,CRANLEY,4350,Groom,"", 
QLD,DARLING HEIGHTS,4350,Groom,"", 
QLD,DRAYTON,4350,Groom,"", 
QLD,EAST TOOWOOMBA,4350,Groom,"", 
QLD,FINNIE,4350,Groom,"", 
QLD,GLENVALE,4350,Groom,"", 
QLD,GOWRIE MOUNTAIN,4350,Groom,"", 
QLD,HARLAXTON,4350,Groom,"", 
QLD,HARRISTOWN,4350,Groom,"", 
QLD,KEARNEYS SPRING,4350,Groom,"", 
QLD,MIDDLE RIDGE,4350,Groom,"", 
QLD,MOUNT KYNOCH,4350,Groom,"", 
QLD,MOUNT LOFTY,4350,Groom,"", 
QLD,MOUNT RASCAL,4350,Groom,"", 
QLD,NEWTOWN,4350,Groom,"", 
QLD,NORTH TOOWOOMBA,4350,Groom,"", 
QLD,PRINCE HENRY HEIGHTS,4350,Groom,"", 
QLD,RANGEVILLE,4350,Groom,"", 
QLD,REDWOOD,4350,Groom,"", 
QLD,ROCKVILLE,4350,Groom,"", 
QLD,SOUTH TOOWOOMBA,4350,Groom,"", 
QLD,TOOWOOMBA CITY,4350,Groom,"", 
QLD,TOP CAMP,4350,Groom,"", 
QLD,TORRINGTON,4350,Groom,"", 
QLD,WELLCAMP,4350,Groom,"", 
QLD,WESTBROOK,4350,Groom,"", 
QLD,WILSONTON,4350,Groom,"", 
QLD,WILSONTON HEIGHTS,4350,Groom,"", 
QLD,BALLARD,4352,Wright,"", 
QLD,BAPAUME,4352,Maranoa,"", 
QLD,BIRNAM,4352,Groom,"", 
QLD,BLANCHVIEW,4352,Wright,"", 
QLD,BRANCHVIEW,4352,Groom,"", 
QLD,CABARLAH,4352,Groom,"", 
QLD,CAWDOR,4352,Groom,"", 
QLD,CEMENT MILLS,4352,Maranoa,"", 
QLD,COALBANK,4352,Maranoa,"", 
QLD,CONDAMINE PLAINS,4352,Maranoa,"", 
QLD,CUTELLA,4352,Groom,"", 
QLD,DERRYMORE,4352,Wright,"", 
QLD,DJUAN,4352,Maranoa,"", 
QLD,DOCTOR CREEK,4352,Groom,"", 
QLD,EVERGREEN,4352,Groom,"", 
QLD,FIFTEEN MILE,4352,Wright,"", 
QLD,GEHAM,4352,Groom,"", 
QLD,GLENCOE,4352,Groom,"", 
QLD,GORE,4352,Maranoa,"", 
QLD,GOWRIE JUNCTION,4352,Groom,"", 
QLD,GOWRIE LITTLE PLAIN,4352,Groom,"", 
QLD,GRAPETREE,4352,Maranoa,"", 
QLD,GROOMSVILLE,4352,Groom,"", 
QLD,GROOMSVILLE,4352,Maranoa,"", 
QLD,HAMPTON,4352,Groom,"", 
QLD,HAMPTON,4352,Maranoa,"", 
QLD,HIGHFIELDS,4352,Groom,"", 
QLD,HIGHGROVE,4352,Groom,"", 
QLD,HODGSON VALE,4352,Groom,"", 
QLD,KARARA,4352,Maranoa,"", 
QLD,KLEINTON,4352,Groom,"", 
QLD,KULPI,4352,Groom,"", 
QLD,LILYVALE,4352,Groom,"", 
QLD,MACLAGAN,4352,Groom,"", 
QLD,MALLING,4352,Groom,"", 
QLD,MERINGANDAN,4352,Groom,"", 
QLD,MERINGANDAN WEST,4352,Groom,"", 
QLD,MERRITTS CREEK,4352,Groom,"", 
QLD,MOUNT DARRY,4352,Groom,"", 
QLD,MOUNT LUKE,4352,Groom,"", 
QLD,MUNIGANEEN,4352,Groom,"", 
QLD,MURPHYS CREEK,4352,Wright,"", 
QLD,NARKO,4352,Groom,"", 
QLD,NORTH MACLAGAN,4352,Groom,"", 
QLD,NUTGROVE,4352,Groom,"", 
QLD,NUTGROVE,4352,Maranoa,"", 
QLD,OMAN AMA,4352,Maranoa,"", 
QLD,PALMTREE,4352,Maranoa,"", 
QLD,PAMPAS,4352,Maranoa,"", 
QLD,PASSCHENDAELE,4352,Maranoa,"", 
QLD,PECHEY,4352,Groom,"", 
QLD,PECHEY,4352,Maranoa,"", 
QLD,PERANGA,4352,Groom,"", 
QLD,PERSEVERANCE,4352,Maranoa,"", 
QLD,POSTMANS RIDGE,4352,Wright,"", 
QLD,POZIERES,4352,Maranoa,"", 
QLD,PRESTON,4352,Groom,"", 
QLD,PRESTON,4352,Wright,"", 
QLD,RANGEMORE,4352,Groom,"", 
QLD,RANGEMORE,4352,Maranoa,"", 
QLD,RAVENSBOURNE,4352,Maranoa,"", 
QLD,SILVER RIDGE,4352,Wright,"", 
QLD,SPRING BLUFF,4352,Groom,"", 
QLD,ST AUBYN,4352,Maranoa,"", 
QLD,THORNVILLE,4352,Maranoa,"", 
QLD,TUMMAVILLE,4352,Maranoa,"", 
QLD,UMBIRAM,4352,Groom,"", 
QLD,UPPER LOCKYER,4352,Wright,"", 
QLD,VALE VIEW,4352,Groom,"", 
QLD,WHICHELLO,4352,Maranoa,"", 
QLD,WHITE MOUNTAIN,4352,Wright,"", 
QLD,WITHCOTT,4352,Wright,"", 
QLD,WOODLEIGH,4352,Groom,"", 
QLD,WOOLMER,4352,Groom,"", 
QLD,WUTUL,4352,Groom,"", 
QLD,WUTUL,4352,Maranoa,"", 
QLD,WYREEMA,4352,Groom,"", 
QLD,YALANGUR,4352,Groom,"", 
QLD,YANDILLA,4352,Maranoa,"", 
QLD,BERGEN,4353,Groom,"", 
QLD,BERGEN,4353,Maranoa,"", 
QLD,EAST COOYAR,4353,Maranoa,"", 
QLD,HADEN,4353,Groom,"", 
QLD,HADEN,4353,Maranoa,"", 
QLD,DOUGLAS,4354,Groom,"", 
QLD,DOUGLAS,4354,Maranoa,"", 
QLD,GOOMBUNGEE,4354,Groom,"", 
QLD,KILBIRNIE,4354,Groom,"", 
QLD,ANDURAMBA,4355,Maranoa,"", 
QLD,CRESSBROOK CREEK,4355,Maranoa,"", 
QLD,CROWS NEST,4355,Maranoa,"", 
QLD,EMU CREEK,4355,Maranoa,"", 
QLD,GLENAVEN,4355,Maranoa,"", 
QLD,JONES GULLY,4355,Maranoa,"", 
QLD,MOUNTAIN CAMP,4355,Maranoa,"", 
QLD,PIERCES CREEK,4355,Maranoa,"", 
QLD,PINELANDS,4355,Maranoa,"", 
QLD,PLAINBY,4355,Groom,"", 
QLD,PLAINBY,4355,Maranoa,"", 
QLD,THE BLUFF,4355,Maranoa,"", 
QLD,UPPER PINELANDS,4355,Maranoa,"", 
QLD,BONGEEN,4356,Groom,"", 
QLD,BROXBURN,4356,Groom,"", 
QLD,EVANSLEA,4356,Groom,"", 
QLD,IRONGATE,4356,Groom,"", 
QLD,KINCORA,4356,Groom,"", 
QLD,LINTHORPE,4356,Groom,"", 
QLD,MOTLEY,4356,Groom,"", 
QLD,MOUNT TYSON,4356,Groom,"", 
QLD,NORTH BRANCH,4356,Groom,"", 
QLD,NORWIN,4356,Groom,"", 
QLD,PITTSWORTH,4356,Groom,"", 
QLD,PURRAWUNDA,4356,Groom,"", 
QLD,ROSSVALE,4356,Groom,"", 
QLD,SCRUBBY MOUNTAIN,4356,Groom,"", 
QLD,SPRINGSIDE,4356,Groom,"", 
QLD,ST HELENS,4356,Groom,"", 
QLD,STONELEIGH,4356,Groom,"", 
QLD,YARRANLEA,4356,Groom,"", 
QLD,BRINGALILY,4357,Maranoa,"", 
QLD,BULLI CREEK,4357,Maranoa,"", 
QLD,CANNING CREEK,4357,Maranoa,"", 
QLD,CAPTAINS MOUNTAIN,4357,Maranoa,"", 
QLD,CLONTARF,4357,Maranoa,"", 
QLD,CONDAMINE FARMS,4357,Maranoa,"", 
QLD,CYPRESS GARDENS,4357,Maranoa,"", 
QLD,DOMVILLE,4357,Maranoa,"", 
QLD,FOREST RIDGE,4357,Maranoa,"", 
QLD,GRAYS GATE,4357,Maranoa,"", 
QLD,KOOROONGARRA,4357,Maranoa,"", 
QLD,KURROWAH,4357,Maranoa,"", 
QLD,LAVELLE,4357,Maranoa,"", 
QLD,LEMONTREE,4357,Maranoa,"", 
QLD,MILLMERRAN,4357,Maranoa,"", 
QLD,MILLMERRAN DOWNS,4357,Maranoa,"", 
QLD,MILLMERRAN WOODS,4357,Maranoa,"", 
QLD,MILLWOOD,4357,Maranoa,"", 
QLD,MOUNT EMLYN,4357,Maranoa,"", 
QLD,PUNCHS CREEK,4357,Maranoa,"", 
QLD,ROCKY CREEK,4357,Maranoa,"", 
QLD,STONEHENGE,4357,Maranoa,"", 
QLD,THE PINES,4357,Maranoa,"", 
QLD,TURALLIN,4357,Maranoa,"", 
QLD,WATTLE RIDGE,4357,Maranoa,"", 
QLD,WESTERN CREEK,4357,Maranoa,"", 
QLD,WOONDUL,4357,Maranoa,"", 
QLD,CAMBOOYA,4358,Groom,"", 
QLD,FELTON,4358,Groom,"", 
QLD,FELTON,4358,Maranoa,"", 
QLD,FELTON SOUTH,4358,Maranoa,"", 
QLD,RAMSAY,4358,Groom,"", 
QLD,ASCOT,4359,Groom,"", 
QLD,BUDGEE,4359,Groom,"", 
QLD,EAST GREENMOUNT,4359,Groom,"", 
QLD,GREENMOUNT,4359,Groom,"", 
QLD,HIRSTGLEN,4359,Groom,"", 
QLD,WEST HALDON,4359,Groom,"", 
QLD,WEST HALDON,4359,Wright,"", 
QLD,NOBBY,4360,Groom,"", 
QLD,NOBBY,4360,Maranoa,"", 
QLD,BACK PLAINS,4361,Maranoa,"", 
QLD,CLIFTON,4361,Maranoa,"", 
QLD,ELLANGOWAN,4361,Maranoa,"", 
QLD,ELPHINSTONE,4361,Maranoa,"", 
QLD,HEADINGTON HILL,4361,Maranoa,"", 
QLD,KINGS CREEK,4361,Maranoa,"", 
QLD,MANAPOURI,4361,Maranoa,"", 
QLD,MISSEN FLAT,4361,Maranoa,"", 
QLD,MOUNT MOLAR,4361,Maranoa,"", 
QLD,NEVILTON,4361,Maranoa,"", 
QLD,PILTON,4361,Maranoa,"", 
QLD,RYEFORD,4361,Maranoa,"", 
QLD,SANDY CAMP,4361,Maranoa,"", 
QLD,SPRING CREEK,4361,Maranoa,"", 
QLD,UPPER PILTON,4361,Maranoa,"", 
QLD,VICTORIA HILL,4361,Maranoa,"", 
QLD,ALLORA,4362,Maranoa,"", 
QLD,BERAT,4362,Maranoa,"", 
QLD,DEUCHAR,4362,Maranoa,"", 
QLD,ELLINTHORP,4362,Maranoa,"", 
QLD,FOREST SPRINGS,4362,Maranoa,"", 
QLD,GOOMBURRA,4362,Maranoa,"", 
QLD,HENDON,4362,Maranoa,"", 
QLD,MOUNT MARSHALL,4362,Maranoa,"", 
QLD,TALGAI,4362,Maranoa,"", 
QLD,SOUTHBROOK,4363,Groom,"", 
QLD,BROOKSTEAD,4364,Groom,"", 
QLD,LEYBURN,4365,Maranoa,"", 
QLD,ALLAN,4370,Maranoa,"", 
QLD,BONY MOUNTAIN,4370,Maranoa,"", 
QLD,CANNINGVALE,4370,Maranoa,"", 
QLD,CHERRY GULLY,4370,Maranoa,"", 
QLD,CLINTONVALE,4370,Maranoa,"", 
QLD,CUNNINGHAM,4370,Maranoa,"", 
QLD,DANDEROO,4370,Maranoa,"", 
QLD,ELBOW VALLEY,4370,Maranoa,"", 
QLD,FREESTONE,4370,Maranoa,"", 
QLD,GLADFIELD,4370,Maranoa,"", 
QLD,GLENGALLAN,4370,Maranoa,"", 
QLD,GREYMARE,4370,Maranoa,"", 
QLD,JUNABEE,4370,Maranoa,"", 
QLD,LESLIE,4370,Maranoa,"", 
QLD,LESLIE DAM,4370,Maranoa,"", 
QLD,LOCH LOMOND,4370,Maranoa,"", 
QLD,MARYVALE,4370,Maranoa,"", 
QLD,MASSIE,4370,Maranoa,"", 
QLD,MONTROSE,4370,Maranoa,"", 
QLD,MORGAN PARK,4370,Maranoa,"", 
QLD,MOUNT COLLIERY,4370,Maranoa,"", 
QLD,MOUNT STURT,4370,Maranoa,"", 
QLD,MOUNT TABOR,4370,Maranoa,"", 
QLD,MURRAYS BRIDGE,4370,Maranoa,"", 
QLD,NORTH BRANCH,4370,Maranoa,"", 
QLD,OLD TALGAI,4370,Maranoa,"", 
QLD,PRATTEN,4370,Maranoa,"", 
QLD,RODGERS CREEK,4370,Maranoa,"", 
QLD,ROSEHILL,4370,Maranoa,"", 
QLD,ROSENTHAL HEIGHTS,4370,Maranoa,"", 
QLD,SILVERWOOD,4370,Maranoa,"", 
QLD,SLADEVALE,4370,Maranoa,"", 
QLD,SWAN CREEK,4370,Maranoa,"", 
QLD,THANE,4370,Maranoa,"", 
QLD,THANES CREEK,4370,Maranoa,"", 
QLD,THE GLEN,4370,Maranoa,"", 
QLD,THE HERMITAGE,4370,Maranoa,"", 
QLD,TOOLBURRA,4370,Maranoa,"", 
QLD,TREGONY,4370,Maranoa,"", 
QLD,UPPER FREESTONE,4370,Maranoa,"", 
QLD,UPPER WHEATVALE,4370,Maranoa,"", 
QLD,WARWICK,4370,Maranoa,"", 
QLD,WHEATVALE,4370,Maranoa,"", 
QLD,WILDASH,4370,Maranoa,"", 
QLD,WILLOWVALE,4370,Maranoa,"", 
QLD,WIYARRA,4370,Maranoa,"", 
QLD,WOMINA,4370,Maranoa,"", 
QLD,EMU VALE,4371,Maranoa,"", 
QLD,SWANFELS,4371,Maranoa,"", 
QLD,YANGAN,4371,Maranoa,"", 
QLD,TANNYMOREL,4372,Maranoa,"", 
QLD,KILLARNEY,4373,Maranoa,"", 
QLD,THE FALLS,4373,Maranoa,"", 
QLD,THE HEAD,4373,Maranoa,"", 
QLD,DALVEEN,4374,Maranoa,"", 
QLD,PALGRAVE,4374,Maranoa,"", 
NSW,COTTONVALE,4375,New England,"", 
QLD,COTTONVALE,4375,Maranoa,"", 
QLD,FLEURBAIX,4375,Maranoa,"", 
QLD,THULIMBAH,4376,Maranoa,"", 
QLD,GLEN NIVEN,4377,Maranoa,"", 
NSW,MARYLAND,4377,New England,"", 
QLD,THE SUMMIT,4377,Maranoa,"", 
QLD,APPLETHORPE,4378,Maranoa,"", 
QLD,AMIENS,4380,Maranoa,"", 
QLD,BROADWATER,4380,Maranoa,"", 
QLD,CANNON CREEK,4380,Maranoa,"", 
QLD,DALCOUTH,4380,Maranoa,"", 
QLD,DIAMONDVALE,4380,Maranoa,"", 
QLD,EUKEY,4380,Maranoa,"", 
QLD,GLENLYON,4380,Maranoa,"", 
QLD,GOLDFIELDS,4380,Maranoa,"", 
QLD,GREENLANDS,4380,Maranoa,"", 
QLD,KYOOMBA,4380,Maranoa,"", 
QLD,MINGOOLA,4380,Maranoa,"", 
QLD,MOUNT TULLY,4380,Maranoa,"", 
QLD,NUNDUBBERMERE,4380,Maranoa,"", 
QLD,PIKEDALE,4380,Maranoa,"", 
QLD,PIKES CREEK,4380,Maranoa,"", 
QLD,SEVERNLEA,4380,Maranoa,"", 
QLD,SPRINGDALE,4380,Maranoa,"", 
QLD,STANTHORPE,4380,Maranoa,"", 
QLD,STORM KING,4380,Maranoa,"", 
QLD,SUGARLOAF,4380,Maranoa,"", 
QLD,THORNDALE,4380,Maranoa,"", 
QLD,FLETCHER,4381,Maranoa,"", 
QLD,GLEN APLIN,4381,Maranoa,"", 
QLD,BALLANDEAN,4382,Maranoa,"", 
QLD,GIRRAWEEN,4382,Maranoa,"", 
QLD,LYRA,4382,Maranoa,"", 
QLD,SOMME,4382,Maranoa,"", 
QLD,WYBERBA,4382,Maranoa,"", 
NSW,JENNINGS,4383,New England,"", 
QLD,WALLANGARRA,4383,Maranoa,"", 
QLD,LIMEVALE,4384,Maranoa,"", 
QLD,BEEBO,4385,Maranoa,"", 
QLD,BONSHAW,4385,Maranoa,"", 
NSW,CAMP CREEK,4385,New England,"", 
QLD,GLENARBON,4385,Maranoa,"", 
QLD,MAIDENHEAD,4385,Maranoa,"", 
QLD,RIVERTON,4385,Maranoa,"", 
QLD,SILVER SPUR,4385,Maranoa,"", 
QLD,SMITHLEA,4385,Maranoa,"", 
NSW,TEXAS,4385,New England,"", 
QLD,TEXAS,4385,Maranoa,"", 
NSW,TWIN RIVERS,4385,New England,"", 
QLD,WATSONS CROSSING,4385,Maranoa,"", 
QLD,BRUSH CREEK,4387,Maranoa,"", 
QLD,BYBERA,4387,Maranoa,"", 
QLD,COOLMUNDA,4387,Maranoa,"", 
QLD,GREENUP,4387,Maranoa,"", 
QLD,INGLEWOOD,4387,Maranoa,"", 
QLD,MOSQUITO CREEK,4387,Maranoa,"", 
QLD,TERRICA,4387,Maranoa,"", 
QLD,WARROO,4387,Maranoa,"", 
QLD,WHETSTONE,4387,Maranoa,"", 
QLD,KURUMBUL,4388,Maranoa,"", 
QLD,YELARBON,4388,Maranoa,"", 
QLD,BILLA BILLA,4390,Maranoa,"", 
QLD,CALINGUNEE,4390,Maranoa,"", 
QLD,CALLANDOON,4390,Maranoa,"", 
QLD,GOODAR,4390,Maranoa,"", 
QLD,GOONDIWINDI,4390,Maranoa,"", 
QLD,KINDON,4390,Maranoa,"", 
QLD,LUNDAVRA,4390,Maranoa,"", 
QLD,WONDALLI,4390,Maranoa,"", 
QLD,WYAGA,4390,Maranoa,"", 
QLD,YAGABURNE,4390,Maranoa,"", 
QLD,KINGSTHORPE,4400,Groom,"", 
QLD,ACLAND,4401,Groom,"", 
QLD,AUBIGNY,4401,Groom,"", 
QLD,BALGOWAN,4401,Groom,"", 
QLD,BIDDESTON,4401,Groom,"", 
QLD,BOODUA,4401,Groom,"", 
QLD,DEVON PARK,4401,Groom,"", 
QLD,GREENWOOD,4401,Groom,"", 
QLD,HIGHLAND PLAINS,4401,Groom,"", 
QLD,KELVINHAUGH,4401,Groom,"", 
QLD,KINGS SIDING,4401,Groom,"", 
QLD,MOUNT IRVING,4401,Groom,"", 
QLD,MULDU,4401,Groom,"", 
QLD,OAKEY,4401,Groom,"", 
QLD,ROSALIE PLAINS,4401,Groom,"", 
QLD,SABINE,4401,Groom,"", 
QLD,SILVERLEIGH,4401,Groom,"", 
QLD,YARGULLEN,4401,Groom,"", 
QLD,COOYAR,4402,Maranoa,"", 
QLD,KOORALGIN,4402,Maranoa,"", 
QLD,UPPER COOYAR CREEK,4402,Groom,"", 
QLD,UPPER COOYAR CREEK,4402,Maranoa,"", 
QLD,BRYMAROO,4403,Groom,"", 
QLD,JONDARYAN,4403,Groom,"", 
QLD,MALU,4403,Groom,"", 
QLD,MOUNT MORIAH,4403,Groom,"", 
QLD,QUINALOW,4403,Groom,"", 
QLD,WEST PRAIRIE,4403,Groom,"", 
QLD,BOWENVILLE,4404,Groom,"", 
QLD,FORMARTIN,4404,Groom,"", 
QLD,IRVINGDALE,4404,Groom,"", 
QLD,IRVINGDALE,4404,Maranoa,"", 
QLD,WAINUI,4404,Groom,"", 
QLD,BLAXLAND,4405,Maranoa,"", 
QLD,BUNYA MOUNTAINS,4405,Maranoa,"", 
QLD,DALBY,4405,Maranoa,"", 
QLD,DUCKLO,4405,Maranoa,"", 
QLD,GRASSDALE,4405,Groom,"", 
QLD,HALLIFORD,4405,Maranoa,"", 
QLD,KUMBARILLA,4405,Maranoa,"", 
QLD,MARMADUA,4405,Maranoa,"", 
QLD,MOWBULLAN,4405,Maranoa,"", 
QLD,NANDI,4405,Maranoa,"", 
QLD,PIRRINUAN,4405,Maranoa,"", 
QLD,RANGES BRIDGE,4405,Maranoa,"", 
QLD,SPRINGVALE,4405,Maranoa,"", 
QLD,ST RUTH,4405,Groom,"", 
QLD,ST RUTH,4405,Maranoa,"", 
QLD,TIPTON,4405,Groom,"", 
QLD,TIPTON,4405,Maranoa,"", 
QLD,WERANGA,4405,Maranoa,"", 
QLD,HANNAFORD,4406,Maranoa,"", 
QLD,JIMBOUR,4406,Maranoa,"", 
QLD,JIMBOUR EAST,4406,Maranoa,"", 
QLD,JIMBOUR WEST,4406,Maranoa,"", 
QLD,KAIMKILLENBUN,4406,Maranoa,"", 
QLD,KOGAN,4406,Maranoa,"", 
QLD,MACALISTER,4406,Kennedy,"", 
QLD,MACALISTER,4406,Maranoa,"", 
QLD,MOOLA,4406,Maranoa,"", 
QLD,MOONIE,4406,Maranoa,"", 
QLD,SOUTHWOOD,4406,Maranoa,"", 
QLD,THE GUMS,4406,Maranoa,"", 
QLD,WEIR RIVER,4406,Maranoa,"", 
QLD,CATTLE CREEK,4407,Maranoa,"", 
QLD,CECIL PLAINS,4407,Groom,"", 
QLD,CECIL PLAINS,4407,Maranoa,"", 
QLD,DUNMORE,4407,Maranoa,"", 
QLD,NANGWEE,4407,Groom,"", 
QLD,BELL,4408,Maranoa,"", 
QLD,COORANGA,4408,Maranoa,"", 
QLD,DIAMONDY,4410,Maranoa,"", 
QLD,JANDOWAE,4410,Maranoa,"", 
QLD,JINGHI,4410,Maranoa,"", 
QLD,TUCKERANG,4411,Maranoa,"", 
QLD,WARRA,4411,Maranoa,"", 
QLD,BRIGALOW,4412,Maranoa,"", 
QLD,AUBURN,4413,Maranoa,"", 
QLD,BAKING BOARD,4413,Maranoa,"", 
QLD,BARAKULA,4413,Maranoa,"", 
QLD,BEELBEE,4413,Maranoa,"", 
QLD,BLACKSWAMP,4413,Maranoa,"", 
QLD,BOONARGA,4413,Maranoa,"", 
QLD,BURNCLUITH,4413,Maranoa,"", 
QLD,BURRA BURRI,4413,Maranoa,"", 
QLD,CAMEBY,4413,Maranoa,"", 
QLD,CANAGA,4413,Maranoa,"", 
QLD,CHANCES PLAIN,4413,Maranoa,"", 
QLD,CHINCHILLA,4413,Maranoa,"", 
QLD,CROSSROADS,4413,Maranoa,"", 
QLD,DARR CREEK,4413,Maranoa,"", 
QLD,FAIRYLAND,4413,Maranoa,"", 
QLD,GOOMBI,4413,Maranoa,"", 
QLD,GREENSWAMP,4413,Maranoa,"", 
QLD,HOPELAND,4413,Maranoa,"", 
QLD,KRAGRA,4413,Maranoa,"", 
QLD,LANGLANDS,4413,Maranoa,"", 
QLD,MONTROSE,4413,Maranoa,"", 
QLD,PELICAN,4413,Maranoa,"", 
QLD,RED HILL,4413,Maranoa,"", 
QLD,RYWUNG,4413,Maranoa,"", 
QLD,SUJEEWONG,4413,Maranoa,"", 
QLD,WIEAMBILLA,4413,Maranoa,"", 
QLD,WYCHIE,4413,Maranoa,"", 
QLD,COLUMBOOLA,4415,Maranoa,"", 
QLD,DALWOGON,4415,Maranoa,"", 
QLD,GURULMUNDI,4415,Maranoa,"", 
QLD,HOOKSWOOD,4415,Maranoa,"", 
QLD,KOWGURAN,4415,Maranoa,"", 
QLD,MILES,4415,Maranoa,"", 
QLD,MYALL PARK,4415,Maranoa,"", 
QLD,PELHAM,4415,Maranoa,"", 
QLD,BARRAMORNIE,4416,Maranoa,"", 
QLD,CONDAMINE,4416,Maranoa,"", 
QLD,MORABY,4416,Maranoa,"", 
QLD,NANGRAM,4416,Maranoa,"", 
QLD,PINE HILLS,4416,Maranoa,"", 
QLD,YULABILLA,4416,Maranoa,"", 
QLD,NOORINDOO,4417,Maranoa,"", 
QLD,OBERINA,4417,Maranoa,"", 
QLD,PARKNOOK,4417,Maranoa,"", 
QLD,SURAT,4417,Maranoa,"", 
QLD,WARKON,4417,Maranoa,"", 
QLD,WELLESLEY,4417,Maranoa,"", 
QLD,WERIBONE,4417,Maranoa,"", 
QLD,GULUGUBA,4418,Maranoa,"", 
QLD,BUNGABAN,4419,Flynn,"", 
QLD,BUNGABAN,4419,Maranoa,"", 
QLD,COCKATOO,4419,Flynn,"", 
QLD,EUROMBAH,4419,Flynn,"", 
QLD,GROSMONT,4419,Maranoa,"", 
QLD,ROCHE CREEK,4419,Maranoa,"", 
QLD,WANDOAN,4419,Maranoa,"", 
QLD,WOLEEBEE,4419,Maranoa,"", 
QLD,EUROMBAH,4420,Maranoa,"", 
QLD,GLEBE,4420,Flynn,"", 
QLD,GLENHAUGHTON,4420,Flynn,"", 
QLD,KINNOUL,4420,Flynn,"", 
QLD,TAROOM,4420,Flynn,"", 
QLD,GORANBA,4421,Maranoa,"", 
QLD,TARA,4421,Maranoa,"", 
QLD,COOMRITH,4422,Maranoa,"", 
QLD,FLINTON,4422,Maranoa,"", 
QLD,INGLESTONE,4422,Maranoa,"", 
QLD,MEANDARRA,4422,Maranoa,"", 
QLD,WESTMAR,4422,Maranoa,"", 
QLD,GLENMORGAN,4423,Maranoa,"", 
QLD,TEELBA,4423,Maranoa,"", 
QLD,DRILLHAM,4424,Maranoa,"", 
QLD,DRILLHAM SOUTH,4424,Maranoa,"", 
QLD,GLENAUBYN,4424,Maranoa,"", 
QLD,BOGANDILLA,4425,Maranoa,"", 
QLD,DULACCA,4425,Maranoa,"", 
QLD,JACKSON,4426,Maranoa,"", 
QLD,JACKSON NORTH,4426,Maranoa,"", 
QLD,JACKSON SOUTH,4426,Maranoa,"", 
QLD,BUNDI,4427,Maranoa,"", 
QLD,CLIFFORD,4427,Maranoa,"", 
QLD,WAIKOLA,4427,Maranoa,"", 
QLD,YULEBA,4427,Maranoa,"", 
QLD,YULEBA NORTH,4427,Maranoa,"", 
QLD,YULEBA SOUTH,4427,Maranoa,"", 
QLD,PICKANJINNIE,4428,Maranoa,"", 
QLD,WALLUMBILLA,4428,Maranoa,"", 
QLD,WALLUMBILLA NORTH,4428,Maranoa,"", 
QLD,WALLUMBILLA SOUTH,4428,Maranoa,"", 
QLD,ARCADIA VALLEY,4454,Flynn,"", 
QLD,BAFFLE WEST,4454,Maranoa,"", 
QLD,BAROONDAH,4454,Flynn,"", 
QLD,BEILBA,4454,Maranoa,"", 
QLD,DURHAM DOWNS,4454,Maranoa,"", 
QLD,HIGHLAND PLAINS,4454,Maranoa,"", 
QLD,HUTTON CREEK,4454,Maranoa,"", 
QLD,INJUNE,4454,Maranoa,"", 
QLD,MOUNT HOWE,4454,Maranoa,"", 
QLD,MOUNT HUTTON,4454,Maranoa,"", 
QLD,PONY HILLS,4454,Maranoa,"", 
QLD,SIMMIE,4454,Maranoa,"", 
QLD,UPPER DAWSON,4454,Maranoa,"", 
QLD,WESTGROVE,4454,Maranoa,"", 
QLD,BALLAROO,4455,Maranoa,"", 
QLD,BLYTHDALE,4455,Maranoa,"", 
QLD,BUNGEWORGORAI,4455,Maranoa,"", 
QLD,BUNGIL,4455,Maranoa,"", 
QLD,BYMOUNT,4455,Maranoa,"", 
QLD,CORNWALL,4455,Maranoa,"", 
QLD,DARGAL ROAD,4455,Maranoa,"", 
QLD,EUMAMURRIN,4455,Maranoa,"", 
QLD,EUTHULLA,4455,Maranoa,"", 
QLD,GUNNEWIN,4455,Maranoa,"", 
QLD,HODGSON,4455,Maranoa,"", 
QLD,MOOGA,4455,Maranoa,"", 
QLD,MOUNT ABUNDANCE,4455,Maranoa,"", 
QLD,MOUNT BINDANGO,4455,Maranoa,"", 
QLD,ORALLO,4455,Maranoa,"", 
QLD,ORANGE HILL,4455,Maranoa,"", 
QLD,ROMA,4455,Maranoa,"", 
QLD,TINGUN,4455,Maranoa,"", 
QLD,WYCOMBE,4455,Maranoa,"", 
QLD,MUCKADILLA,4461,Maranoa,"", 
QLD,AMBY,4462,Maranoa,"", 
QLD,EURELLA,4462,Maranoa,"", 
QLD,KILMOREY FALLS,4462,Maranoa,"", 
QLD,WALHALLOW,4462,Maranoa,"", 
QLD,BARGUNYAH,4465,Maranoa,"", 
QLD,DUNKELD,4465,Maranoa,"", 
QLD,FORESTVALE,4465,Maranoa,"", 
QLD,MITCHELL,4465,Maranoa,"", 
QLD,MOUNT MOFFATT,4465,Maranoa,"", 
QLD,V GATE,4465,Maranoa,"", 
QLD,WOMALILLA,4465,Maranoa,"", 
QLD,WOMBLEBANK,4465,Maranoa,"", 
QLD,MUNGALLALA,4467,Maranoa,"", 
QLD,MUNGALLALA SOUTH,4467,Maranoa,"", 
QLD,REDFORD,4467,Maranoa,"", 
QLD,TYRCONNEL,4467,Maranoa,"", 
QLD,BOATMAN,4468,Maranoa,"", 
QLD,CLARA CREEK,4468,Maranoa,"", 
QLD,MORVEN,4468,Maranoa,"", 
QLD,BAKERS BEND,4470,Maranoa,"", 
QLD,CHARLEVILLE,4470,Maranoa,"", 
QLD,GOWRIE STATION,4470,Maranoa,"", 
QLD,LANGLO,4470,Maranoa,"", 
QLD,MURWEH,4470,Maranoa,"", 
QLD,RIVERSLEIGH,4470,Maranoa,"", 
QLD,SOMMARIVA,4470,Maranoa,"", 
QLD,WARD,4470,Maranoa,"", 
QLD,BLACKALL,4472,Maranoa,"", 
QLD,MOUNT ENNISKILLEN,4472,Maranoa,"", 
QLD,ADAVALE,4474,Maranoa,"", 
QLD,AUGATHELLA,4477,Maranoa,"", 
QLD,CAROLINE CROSSING,4477,Maranoa,"", 
QLD,NIVE,4477,Maranoa,"", 
QLD,UPPER WARREGO,4477,Maranoa,"", 
QLD,BAYRICK,4478,Maranoa,"", 
QLD,CALDERVALE,4478,Maranoa,"", 
QLD,LANSDOWNE,4478,Maranoa,"", 
QLD,LUMEAH,4478,Maranoa,"", 
QLD,MACFARLANE,4478,Maranoa,"", 
QLD,MINNIE DOWNS,4478,Maranoa,"", 
QLD,SCRUBBY CREEK,4478,Maranoa,"", 
QLD,TAMBO,4478,Maranoa,"", 
QLD,WINDEYER,4478,Maranoa,"", 
QLD,YANDARLO,4478,Maranoa,"", 
QLD,COOLADDI,4479,Maranoa,"", 
QLD,EROMANGA,4480,Maranoa,"", 
QLD,QUILPIE,4480,Maranoa,"", 
QLD,FARRARS CREEK,4481,Maranoa,"", 
QLD,TANBAR,4481,Maranoa,"", 
QLD,WINDORAH,4481,Maranoa,"", 
QLD,BIRDSVILLE,4482,Maranoa,"", 
QLD,DIRRANBANDI,4486,Maranoa,"", 
QLD,HEBEL,4486,Maranoa,"", 
QLD,BEGONIA,4487,Maranoa,"", 
QLD,ST GEORGE,4487,Maranoa,"", 
QLD,BINDEBANGO,4488,Maranoa,"", 
QLD,BOLLON,4488,Maranoa,"", 
QLD,WYANDRA,4489,Maranoa,"", 
QLD,BARRINGUN,4490,Maranoa,"", 
QLD,COONGOOLA,4490,Maranoa,"", 
QLD,CUNNAMULLA,4490,Maranoa,"", 
QLD,CUTTABURRA,4490,Maranoa,"", 
QLD,HUMEBURN,4490,Maranoa,"", 
QLD,JOBS GATE,4490,Maranoa,"", 
QLD,LINDEN,4490,Maranoa,"", 
QLD,NEBINE,4490,Maranoa,"", 
QLD,NOORAMA,4490,Maranoa,"", 
QLD,TUEN,4490,Maranoa,"", 
QLD,WIDGEEGOARA,4490,Maranoa,"", 
QLD,YOWAH,4490,Maranoa,"", 
QLD,EULO,4491,Maranoa,"", 
QLD,BULLOO DOWNS,4492,Maranoa,"", 
QLD,CAMERON CORNER,4492,Maranoa,"", 
QLD,DURHAM,4492,Maranoa,"", 
QLD,NOCCUNDRA,4492,Maranoa,"", 
QLD,THARGOMINDAH,4492,Maranoa,"", 
QLD,HUNGERFORD,4493,Maranoa,"", 
QLD,BUNGUNYA,4494,Maranoa,"", 
QLD,NORTH BUNGUNYA,4494,Maranoa,"", 
QLD,TARAWERA,4494,Maranoa,"", 
QLD,NORTH TALWOOD,4496,Maranoa,"", 
QLD,SOUTH TALWOOD,4496,Maranoa,"", 
QLD,TALWOOD,4496,Maranoa,"", 
QLD,DAYMAR,4497,Maranoa,"", 
QLD,NINDIGULLY,4497,Maranoa,"", 
QLD,THALLON,4497,Maranoa,"", 
QLD,WEENGALLON,4497,Maranoa,"", 
QLD,KIOMA,4498,Maranoa,"", 
QLD,TOOBEAH,4498,Maranoa,"", 
QLD,BRAY PARK,4500,Dickson,"", 
QLD,BRENDALE,4500,Dickson,"", 
QLD,CASHMERE,4500,Dickson,"", 
QLD,CLEAR MOUNTAIN,4500,Dickson,"", 
QLD,JOYNER,4500,Dickson,"", 
QLD,STRATHPINE,4500,Dickson,"", 
QLD,WARNER,4500,Dickson,"", 
QLD,LAWNTON,4501,Dickson,"", 
QLD,PETRIE,4502,Dickson,"", 
QLD,DAKABIN,4503,Longman,"", 
QLD,GRIFFIN,4503,Petrie,"", 
QLD,KALLANGUR,4503,Dickson,"", 
QLD,KALLANGUR,4503,Longman,"", 
QLD,KURWONGBAH,4503,Dickson,"", 
QLD,MURRUMBA DOWNS,4503,Dickson,"", 
QLD,WHITESIDE,4503,Dickson,"", 
QLD,NARANGBA,4504,Dickson,"", 
QLD,NARANGBA,4504,Longman,"", 
QLD,NARANGBA,4504,Petrie,"", 
QLD,BURPENGARY,4505,Longman,"", 
QLD,BURPENGARY EAST,4505,Longman,"", 
QLD,BURPENGARY EAST,4505,Petrie,"", 
QLD,MOORINA,4506,Longman,"", 
QLD,MORAYFIELD,4506,Longman,"", 
QLD,BANKSIA BEACH,4507,Longman,"", 
QLD,BELLARA,4507,Longman,"", 
QLD,BONGAREE,4507,Longman,"", 
QLD,BRIBIE ISLAND,4507,Longman,"",WOORIM
QLD,WHITE PATCH,4507,Longman,"", 
QLD,WOORIM,4507,Longman,"", 
QLD,DECEPTION BAY,4508,Petrie,"", 
QLD,MANGO HILL,4509,Petrie,"", 
QLD,NORTH LAKES,4509,Petrie,"", 
QLD,BEACHMERE,4510,Longman,"", 
QLD,BELLMERE,4510,Longman,"", 
QLD,CABOOLTURE,4510,Longman,"", 
QLD,CABOOLTURE SOUTH,4510,Longman,"", 
QLD,DONNYBROOK,4510,Longman,"", 
QLD,MELDALE,4510,Longman,"", 
QLD,MOODLU,4510,Longman,"", 
QLD,ROCKSBERG,4510,Longman,"", 
QLD,TOORBUL,4510,Longman,"", 
QLD,UPPER CABOOLTURE,4510,Longman,"", 
QLD,GODWIN BEACH,4511,Longman,"", 
QLD,NINGI,4511,Longman,"", 
QLD,SANDSTONE POINT,4511,Longman,"", 
QLD,BRACALBA,4512,Longman,"", 
QLD,WAMURAN,4512,Longman,"", 
QLD,WAMURAN BASIN,4512,Longman,"", 
QLD,BELLTHORPE,4514,Longman,"", 
QLD,CEDARTON,4514,Longman,"", 
QLD,COMMISSIONERS FLAT,4514,Longman,"", 
QLD,D'AGUILAR,4514,Longman,"", 
QLD,DELANEYS CREEK,4514,Longman,"", 
QLD,MOUNT ARCHER,4514,Blair,"", 
QLD,MOUNT DELANEY,4514,Longman,"", 
QLD,NEURUM,4514,Longman,"", 
QLD,STANMORE,4514,Longman,"", 
QLD,STONY CREEK,4514,Longman,"", 
QLD,VILLENEUVE,4514,Blair,"", 
QLD,WESTVALE,4514,Blair,"", 
QLD,WOODFORD,4514,Longman,"", 
QLD,GLENFERN,4515,Blair,"", 
QLD,HAZELDEAN,4515,Blair,"", 
QLD,JIMNA,4515,Blair,"", 
QLD,KILCOY,4515,Blair,"", 
QLD,KINGAHAM,4515,Blair,"", 
QLD,MONSILDALE,4515,Blair,"", 
QLD,MOUNT KILCOY,4515,Blair,"", 
QLD,ROYSTON,4515,Blair,"", 
QLD,SANDY CREEK,4515,Blair,"", 
QLD,SHEEP STATION CREEK,4515,Blair,"", 
QLD,WINYA,4515,Blair,"", 
QLD,WOOLMAR,4515,Blair,"", 
QLD,ELIMBAH,4516,Longman,"", 
QLD,BEERBURRUM,4517,Fisher,"", 
QLD,GLASS HOUSE MOUNTAINS,4518,Fisher,"", 
QLD,BEERWAH,4519,Fisher,"", 
QLD,COOCHIN CREEK,4519,Fisher,"", 
QLD,CROHAMHURST,4519,Fisher,"", 
QLD,PEACHESTER,4519,Fisher,"", 
QLD,ARMSTRONG CREEK,4520,Dickson,"", 
QLD,CAMP MOUNTAIN,4520,Dickson,"", 
QLD,CEDAR CREEK,4520,Dickson,"", 
QLD,CLOSEBURN,4520,Dickson,"", 
QLD,DRAPER,4520,Dickson,"", 
QLD,ENOGGERA RESERVOIR,4520,Ryan,"", 
QLD,HIGHVALE,4520,Dickson,"", 
QLD,JOLLYS LOOKOUT,4520,Dickson,"", 
QLD,KOBBLE CREEK,4520,Dickson,"", 
QLD,MOUNT GLORIOUS,4520,Dickson,"", 
QLD,MOUNT NEBO,4520,Dickson,"", 
QLD,MOUNT SAMSON,4520,Dickson,"", 
QLD,PEEWEE BEND,4520,Ryan,"",ENOGGERA RESERVOIR
QLD,SAMFORD,4520,Dickson,"",SAMFORD VILLAGE
QLD,SAMFORD VALLEY,4520,Dickson,"", 
QLD,SAMFORD VILLAGE,4520,Dickson,"", 
QLD,SAMSONVALE,4520,Dickson,"", 
QLD,WIGHTS MOUNTAIN,4520,Dickson,"", 
QLD,YUGAR,4520,Dickson,"", 
QLD,CAMPBELLS POCKET,4521,Longman,"", 
QLD,DAYBORO,4521,Dickson,"", 
QLD,KING SCRUB,4521,Dickson,"", 
QLD,LACEYS CREEK,4521,Dickson,"", 
QLD,MOUNT MEE,4521,Longman,"", 
QLD,MOUNT PLEASANT,4521,Dickson,"", 
QLD,OCEAN VIEW,4521,Dickson,"", 
QLD,RUSH CREEK,4521,Dickson,"", 
QLD,LANDSBOROUGH,4550,Fisher,"", 
QLD,MOUNT MELLUM,4550,Fisher,"", 
QLD,AROONA,4551,Fisher,"", 
QLD,BARINGA,4551,Fisher,"", 
QLD,BATTERY HILL,4551,Fisher,"", 
QLD,BELLS CREEK,4551,Fisher,"", 
QLD,BULCOCK BEACH,4551,Fisher,"",CALOUNDRA
QLD,CALOUNDRA,4551,Fisher,"", 
QLD,CALOUNDRA WEST,4551,Fisher,"", 
QLD,CURRIMUNDI,4551,Fisher,"", 
QLD,DICKY BEACH,4551,Fisher,"", 
QLD,GOLDEN BEACH,4551,Fisher,"", 
QLD,KINGS BEACH,4551,Fisher,"", 
QLD,LITTLE MOUNTAIN,4551,Fisher,"", 
QLD,MERIDAN PLAINS,4551,Fisher,"", 
QLD,MOFFAT BEACH,4551,Fisher,"", 
QLD,NIRIMBA,4551,Fisher,"", 
QLD,PELICAN WATERS,4551,Fisher,"", 
QLD,SHELLY BEACH,4551,Fisher,"", 
QLD,BALD KNOB,4552,Fisher,"", 
QLD,BALMORAL RIDGE,4552,Fisher,"", 
QLD,BOOROOBIN,4552,Fisher,"", 
QLD,BOOROOBIN,4552,Longman,"", 
QLD,CAMBROON,4552,Fisher,"", 
QLD,CONONDALE,4552,Fisher,"", 
QLD,CURRAMORE,4552,Fisher,"", 
QLD,ELAMAN CREEK,4552,Fisher,"", 
QLD,MALENY,4552,Fisher,"", 
QLD,NORTH MALENY,4552,Fisher,"", 
QLD,REESVILLE,4552,Fisher,"", 
QLD,WITTA,4552,Fisher,"", 
QLD,WOOTHA,4552,Fisher,"", 
QLD,DIAMOND VALLEY,4553,Fisher,"", 
QLD,GLENVIEW,4553,Fisher,"", 
QLD,MOOLOOLAH VALLEY,4553,Fisher,"", 
QLD,PALMVIEW,4553,Fisher,"", 
QLD,EUDLO,4554,Fisher,"", 
QLD,ILKLEY,4554,Fisher,"", 
QLD,CHEVALLUM,4555,Fisher,"", 
QLD,HUNCHY,4555,Fisher,"", 
QLD,LANDERS SHOOT,4555,Fisher,"", 
QLD,PALMWOODS,4555,Fisher,"", 
QLD,BUDERIM,4556,Fairfax,"", 
QLD,CHANCELLOR PARK,4556,Fisher,"",SIPPY DOWNS
QLD,FOREST GLEN,4556,Fairfax,"", 
QLD,KUNDA PARK,4556,Fairfax,"", 
QLD,MONS,4556,Fairfax,"", 
QLD,SIPPY DOWNS,4556,Fisher,"", 
QLD,TANAWHA,4556,Fairfax,"", 
QLD,TANAWHA,4556,Fisher,"", 
QLD,MOOLOOLABA,4557,Fisher,"", 
QLD,MOUNTAIN CREEK,4557,Fairfax,"", 
QLD,COTTON TREE,4558,Fairfax,"",MAROOCHYDORE
QLD,KULUIN,4558,Fairfax,"", 
QLD,MAROOCHYDORE,4558,Fairfax,"", 
QLD,DIDDILLIBAH,4559,Fairfax,"", 
QLD,KIELS MOUNTAIN,4559,Fairfax,"", 
QLD,WEST WOOMBYE,4559,Fairfax,"", 
QLD,WEST WOOMBYE,4559,Fisher,"", 
QLD,WOOMBYE,4559,Fairfax,"", 
QLD,BLI BLI,4560,Fairfax,"", 
QLD,BURNSIDE,4560,Fairfax,"", 
QLD,COES CREEK,4560,Fairfax,"", 
QLD,COOLOOLABIN,4560,Fairfax,"", 
QLD,DULONG,4560,Fairfax,"", 
QLD,FLAXTON,4560,Fairfax,"", 
QLD,HIGHWORTH,4560,Fairfax,"", 
QLD,IMAGE FLAT,4560,Fairfax,"", 
QLD,KIAMBA,4560,Fairfax,"", 
QLD,KULANGOOR,4560,Fairfax,"", 
QLD,KUREELPA,4560,Fairfax,"", 
QLD,MAPLETON,4560,Fairfax,"", 
QLD,MONTVILLE,4560,Fisher,"", 
QLD,NAMBOUR,4560,Fairfax,"", 
QLD,PARKLANDS,4560,Fairfax,"", 
QLD,PERWILLOWEN,4560,Fairfax,"", 
QLD,ROSEMOUNT,4560,Fairfax,"", 
QLD,TOWEN MOUNTAIN,4560,Fairfax,"", 
QLD,BRIDGES,4561,Fairfax,"", 
QLD,MAROOCHY RIVER,4561,Fairfax,"", 
QLD,NINDERRY,4561,Fairfax,"", 
QLD,NORTH ARM,4561,Fairfax,"", 
QLD,VALDORA,4561,Fairfax,"", 
QLD,YANDINA,4561,Fairfax,"", 
QLD,YANDINA CREEK,4561,Fairfax,"", 
QLD,BELLI PARK,4562,Fairfax,"", 
QLD,DOONAN,4562,Fairfax,"", 
QLD,DOONAN,4562,Wide Bay,"", 
QLD,EERWAH VALE,4562,Fairfax,"", 
QLD,EERWAH VALE,4562,Wide Bay,"", 
QLD,EUMUNDI,4562,Fairfax,"", 
QLD,VERRIERDALE,4562,Fairfax,"", 
QLD,WEYBA DOWNS,4562,Wide Bay,"", 
QLD,BLACK MOUNTAIN,4563,Wide Bay,"", 
QLD,CARTERS RIDGE,4563,Wide Bay,"", 
QLD,COOROY,4563,Wide Bay,"", 
QLD,COOROY MOUNTAIN,4563,Wide Bay,"", 
QLD,LAKE MACDONALD,4563,Wide Bay,"", 
QLD,RIDGEWOOD,4563,Wide Bay,"", 
QLD,TINBEERWAH,4563,Wide Bay,"", 
QLD,MARCOOLA,4564,Fairfax,"", 
QLD,MUDJIMBA,4564,Fairfax,"", 
QLD,PACIFIC PARADISE,4564,Fairfax,"", 
QLD,TWIN WATERS,4564,Fairfax,"", 
QLD,BOREEN POINT,4565,Wide Bay,"", 
QLD,COOROIBAH,4565,Wide Bay,"", 
QLD,COOTHARABA,4565,Wide Bay,"", 
QLD,NOOSA NORTH SHORE,4565,Wide Bay,"", 
QLD,RINGTAIL CREEK,4565,Wide Bay,"", 
QLD,TEWANTIN,4565,Wide Bay,"", 
QLD,NOOSAVILLE,4566,Wide Bay,"", 
QLD,CASTAWAYS BEACH,4567,Wide Bay,"", 
QLD,NOOSA HEADS,4567,Wide Bay,"", 
QLD,SUNRISE BEACH,4567,Wide Bay,"", 
QLD,SUNSHINE BEACH,4567,Wide Bay,"", 
QLD,FEDERAL,4568,Wide Bay,"", 
QLD,PINBARREN,4568,Wide Bay,"", 
QLD,POMONA,4568,Wide Bay,"", 
QLD,COORAN,4569,Wide Bay,"", 
QLD,AMAMOOR,4570,Wide Bay,"", 
QLD,AMAMOOR CREEK,4570,Wide Bay,"", 
QLD,ANDERLEIGH,4570,Wide Bay,"", 
QLD,ARALUEN,4570,Wide Bay,"", 
QLD,BANKS POCKET,4570,Wide Bay,"", 
QLD,BEENAAM VALLEY,4570,Wide Bay,"", 
QLD,BELLA CREEK,4570,Wide Bay,"", 
QLD,BELLS BRIDGE,4570,Wide Bay,"", 
QLD,BOLLIER,4570,Wide Bay,"", 
QLD,BROOLOO,4570,Wide Bay,"", 
QLD,BROOYAR,4570,Wide Bay,"",WOOLOOGA
QLD,CALGOA,4570,Wide Bay,"", 
QLD,CALICO CREEK,4570,Wide Bay,"", 
QLD,CANINA,4570,Wide Bay,"", 
QLD,CEDAR POCKET,4570,Wide Bay,"", 
QLD,CHATSWORTH,4570,Wide Bay,"", 
QLD,COLES CREEK,4570,Wide Bay,"", 
QLD,COONDOO,4570,Wide Bay,"", 
QLD,CORELLA,4570,Wide Bay,"", 
QLD,CURRA,4570,Wide Bay,"", 
QLD,DAGUN,4570,Wide Bay,"", 
QLD,DOWNSFIELD,4570,Wide Bay,"", 
QLD,EAST DEEP CREEK,4570,Wide Bay,"", 
QLD,FISHERMANS POCKET,4570,Wide Bay,"", 
QLD,GILLDORA,4570,Wide Bay,"", 
QLD,GLANMIRE,4570,Wide Bay,"", 
QLD,GLASTONBURY,4570,Wide Bay,"", 
QLD,GLEN ECHO,4570,Wide Bay,"", 
QLD,GLENWOOD,4570,Wide Bay,"", 
QLD,GOOMBOORIAN,4570,Wide Bay,"", 
QLD,GREENS CREEK,4570,Wide Bay,"", 
QLD,GUNALDA,4570,Wide Bay,"", 
QLD,GYMPIE,4570,Wide Bay,"", 
QLD,IMBIL,4570,Wide Bay,"", 
QLD,JONES HILL,4570,Wide Bay,"", 
QLD,KADINA,4570,Wide Bay,"",GUNALDA
QLD,KANDANGA,4570,Wide Bay,"", 
QLD,KANDANGA CREEK,4570,Wide Bay,"", 
QLD,KANIGAN,4570,Wide Bay,"", 
QLD,KIA ORA,4570,Wide Bay,"", 
QLD,KYBONG,4570,Wide Bay,"", 
QLD,LAGOON POCKET,4570,Wide Bay,"", 
QLD,LAKE BORUMBA,4570,Wide Bay,"", 
QLD,LANGSHAW,4570,Wide Bay,"", 
QLD,LONG FLAT,4570,Wide Bay,"", 
QLD,LOWER WONGA,4570,Wide Bay,"", 
QLD,MARODIAN,4570,Wide Bay,"", 
QLD,MARYS CREEK,4570,Wide Bay,"", 
QLD,MCINTOSH CREEK,4570,Wide Bay,"", 
QLD,MELAWONDI,4570,Wide Bay,"", 
QLD,MIVA,4570,Wide Bay,"", 
QLD,MONKLAND,4570,Wide Bay,"", 
QLD,MOOLOO,4570,Wide Bay,"", 
QLD,MOTHAR MOUNTAIN,4570,Wide Bay,"", 
QLD,MUNNA CREEK,4570,Wide Bay,"", 
QLD,NAHRUNDA,4570,Wide Bay,"", 
QLD,NEERDIE,4570,Wide Bay,"", 
QLD,NEUSA VALE,4570,Wide Bay,"", 
QLD,NORTH DEEP CREEK,4570,Wide Bay,"", 
QLD,PATERSON,4570,Wide Bay,"", 
QLD,PIE CREEK,4570,Wide Bay,"", 
QLD,ROSS CREEK,4570,Wide Bay,"", 
QLD,SCOTCHY POCKET,4570,Wide Bay,"", 
QLD,SCRUBBY CREEK,4570,Wide Bay,"", 
QLD,SEXTON,4570,Wide Bay,"", 
QLD,SOUTHSIDE,4570,Wide Bay,"", 
QLD,ST MARY,4570,Wide Bay,"", 
QLD,TAMAREE,4570,Wide Bay,"", 
QLD,TANDUR,4570,Wide Bay,"", 
QLD,THE DAWN,4570,Wide Bay,"", 
QLD,THE PALMS,4570,Wide Bay,"", 
QLD,THEEBINE,4570,Wide Bay,"", 
QLD,TOOLARA FOREST,4570,Wide Bay,"", 
QLD,TRAVESTON,4570,Wide Bay,"", 
QLD,TUCHEKOI,4570,Wide Bay,"", 
QLD,TWO MILE,4570,Wide Bay,"", 
QLD,UPPER GLASTONBURY,4570,Wide Bay,"", 
QLD,UPPER KANDANGA,4570,Wide Bay,"", 
QLD,VETERAN,4570,Wide Bay,"", 
QLD,VICTORY HEIGHTS,4570,Wide Bay,"", 
QLD,WALLU,4570,Wide Bay,"", 
QLD,WIDGEE,4570,Wide Bay,"", 
QLD,WIDGEE CROSSING NORTH,4570,Wide Bay,"", 
QLD,WIDGEE CROSSING SOUTH,4570,Wide Bay,"", 
QLD,WILSONS POCKET,4570,Wide Bay,"", 
QLD,WOLVI,4570,Wide Bay,"", 
QLD,WOOLOOGA,4570,Wide Bay,"", 
QLD,WOONDUM,4570,Wide Bay,"", 
QLD,COMO,4571,Wide Bay,"", 
QLD,KIN KIN,4571,Wide Bay,"", 
QLD,ALEXANDRA HEADLAND,4572,Fairfax,"", 
QLD,ALEXANDRA HEADLAND,4572,Fisher,"", 
QLD,COOLUM BEACH,4573,Fairfax,"", 
QLD,MARCUS BEACH,4573,Wide Bay,"", 
QLD,MOUNT COOLUM,4573,Fairfax,"", 
QLD,PEREGIAN BEACH,4573,Fairfax,"", 
QLD,PEREGIAN BEACH,4573,Wide Bay,"", 
QLD,PEREGIAN SPRINGS,4573,Fairfax,"", 
QLD,POINT ARKWRIGHT,4573,Fairfax,"", 
QLD,YAROOMBA,4573,Fairfax,"", 
QLD,COOLABINE,4574,Fairfax,"", 
QLD,GHEERULLA,4574,Fairfax,"", 
QLD,KENILWORTH,4574,Fairfax,"", 
QLD,KENILWORTH,4574,Fisher,"", 
QLD,KIDAMAN CREEK,4574,Fairfax,"", 
QLD,KIDAMAN CREEK,4574,Fisher,"", 
QLD,MOY POCKET,4574,Wide Bay,"", 
QLD,OBI OBI,4574,Fairfax,"", 
QLD,BIRTINYA,4575,Fisher,"", 
QLD,BOKARINA,4575,Fisher,"", 
QLD,BUDDINA,4575,Fisher,"", 
QLD,KAWANA ISLAND,4575,Fisher,"",PARREARRA
QLD,MINYAMA,4575,Fisher,"", 
QLD,PARREARRA,4575,Fisher,"", 
QLD,WARANA,4575,Fisher,"", 
QLD,WURTULLA,4575,Fisher,"", 
QLD,COOLOOLA,4580,Wide Bay,"", 
QLD,COOLOOLA COVE,4580,Wide Bay,"", 
QLD,TIN CAN BAY,4580,Wide Bay,"", 
QLD,EURONG,4581,Wide Bay,"", 
QLD,FRASER ISLAND,4581,Wide Bay,"", 
QLD,INSKIP,4581,Wide Bay,"", 
QLD,RAINBOW BEACH,4581,Wide Bay,"", 
QLD,BLACK SNAKE,4600,Wide Bay,"", 
QLD,CINNABAR,4600,Wide Bay,"", 
QLD,KILKIVAN,4600,Wide Bay,"", 
QLD,MUDLO,4600,Wide Bay,"", 
QLD,OAKVIEW,4600,Wide Bay,"", 
QLD,BARAMBAH,4601,Wide Bay,"", 
QLD,BOONARA,4601,Wide Bay,"", 
QLD,BOOUBYJAN,4601,Wide Bay,"", 
QLD,GOOMERI,4601,Wide Bay,"", 
QLD,GOOMERIBONG,4601,Wide Bay,"", 
QLD,KINBOMBI,4601,Wide Bay,"", 
QLD,MANUMBAR,4601,Wide Bay,"", 
QLD,TANSEY,4601,Wide Bay,"", 
QLD,WRATTENS FOREST,4601,Wide Bay,"", 
QLD,BARLIL,4605,Wide Bay,"", 
QLD,BYEE,4605,Wide Bay,"", 
QLD,CHERBOURG,4605,Wide Bay,"", 
QLD,CLOYNA,4605,Wide Bay,"", 
QLD,COBBS HILL,4605,Wide Bay,"", 
QLD,CROWNTHORPE,4605,Wide Bay,"", 
QLD,GLENROCK,4605,Wide Bay,"", 
QLD,KITOBA,4605,Wide Bay,"", 
QLD,MANYUNG,4605,Wide Bay,"", 
QLD,MERLWOOD,4605,Wide Bay,"", 
QLD,MOFFATDALE,4605,Wide Bay,"", 
QLD,MOONDOONER,4605,Wide Bay,"", 
QLD,MURGON,4605,Wide Bay,"", 
QLD,OAKDALE,4605,Wide Bay,"", 
QLD,REDGATE,4605,Wide Bay,"", 
QLD,SILVERLEAF,4605,Flynn,"", 
QLD,SILVERLEAF,4605,Wide Bay,"", 
QLD,SUNNY NOOK,4605,Wide Bay,"", 
QLD,TABLELANDS,4605,Wide Bay,"", 
QLD,WARNUNG,4605,Wide Bay,"", 
QLD,WINDERA,4605,Wide Bay,"", 
QLD,WOOROONDEN,4605,Wide Bay,"", 
QLD,CHELMSFORD,4606,Flynn,"", 
QLD,FAIRDALE,4606,Flynn,"", 
QLD,FICKS CROSSING,4606,Flynn,"", 
QLD,GREENVIEW,4606,Flynn,"", 
QLD,LEAFDALE,4606,Flynn,"", 
QLD,MOUNT MCEUEN,4606,Flynn,"", 
QLD,MP CREEK,4606,Flynn,"", 
QLD,WHEATLANDS,4606,Flynn,"", 
QLD,WONDAI,4606,Flynn,"", 
QLD,CHARLESTOWN,4608,Flynn,"", 
QLD,CUSHNIE,4608,Flynn,"", 
QLD,TINGOORA,4608,Flynn,"", 
QLD,WILKESDALE,4608,Flynn,"", 
QLD,WOOROOLIN,4608,Maranoa,"", 
QLD,ALICE CREEK,4610,Maranoa,"", 
QLD,BALLOGIE,4610,Flynn,"", 
QLD,BENAIR,4610,Maranoa,"", 
QLD,BOOIE,4610,Maranoa,"", 
QLD,BOYNESIDE,4610,Maranoa,"", 
QLD,CHAHPINGAH,4610,Maranoa,"", 
QLD,COOLABUNIA,4610,Maranoa,"", 
QLD,CORNDALE,4610,Maranoa,"", 
QLD,CRAWFORD,4610,Maranoa,"", 
QLD,DANGORE,4610,Maranoa,"", 
QLD,DURONG,4610,Flynn,"", 
QLD,DURONG,4610,Maranoa,"", 
QLD,DURONG SOUTH,4610,Flynn,"",DURONG
QLD,DURONG SOUTH,4610,Maranoa,"",DURONG
QLD,ELLESMERE,4610,Maranoa,"", 
QLD,GOODGER,4610,Maranoa,"", 
QLD,GORDONBROOK,4610,Flynn,"", 
QLD,GORDONBROOK,4610,Maranoa,"", 
QLD,HALY CREEK,4610,Maranoa,"", 
QLD,HODGLEIGH,4610,Maranoa,"", 
QLD,INVERLAW,4610,Maranoa,"", 
QLD,IRONPOT,4610,Maranoa,"", 
QLD,KINGAROY,4610,Maranoa,"", 
QLD,KUMBIA,4610,Maranoa,"", 
QLD,MANNUEM,4610,Maranoa,"", 
QLD,MEMERAMBI,4610,Maranoa,"", 
QLD,TAABINGA,4610,Maranoa,"", 
QLD,WATTLE GROVE,4610,Maranoa,"", 
QLD,MARSHLANDS,4611,Flynn,"", 
QLD,MONDURE,4611,Flynn,"", 
QLD,HIVESVILLE,4612,Flynn,"", 
QLD,KAWL KAWL,4612,Flynn,"", 
QLD,KEYSLAND,4612,Flynn,"", 
QLD,STONELANDS,4612,Flynn,"", 
QLD,WIGTON,4612,Flynn,"", 
QLD,ABBEYWOOD,4613,Flynn,"", 
QLD,BOONDOOMA,4613,Flynn,"", 
QLD,BRIGOODA,4613,Flynn,"", 
QLD,COVERTY,4613,Flynn,"", 
QLD,KINLEYMORE,4613,Flynn,"", 
QLD,MELROSE,4613,Flynn,"", 
QLD,OKEDEN,4613,Flynn,"", 
QLD,PROSTON,4613,Flynn,"", 
QLD,SPEEDWELL,4613,Flynn,"", 
QLD,STALWORTH,4613,Flynn,"", 
QLD,NEUMGNA,4614,Maranoa,"", 
QLD,UPPER YARRAMAN,4614,Maranoa,"", 
QLD,YARRAMAN,4614,Maranoa,"", 
QLD,BARKER CREEK FLAT,4615,Maranoa,"", 
QLD,BROOKLANDS,4615,Maranoa,"", 
QLD,BULLCAMP,4615,Maranoa,"", 
QLD,EAST NANANGO,4615,Maranoa,"", 
QLD,ELGIN VALE,4615,Wide Bay,"", 
QLD,GLAN DEVON,4615,Maranoa,"", 
QLD,JOHNSTOWN,4615,Maranoa,"", 
QLD,JOHNSTOWN,4615,Wide Bay,"", 
QLD,KUNIOON,4615,Maranoa,"", 
QLD,MAIDENWELL,4615,Maranoa,"", 
QLD,NANANGO,4615,Maranoa,"", 
QLD,PIMPIMBUDGEE,4615,Maranoa,"", 
QLD,RUNNYMEDE,4615,Maranoa,"", 
QLD,SANDY RIDGES,4615,Maranoa,"", 
QLD,SOUTH EAST NANANGO,4615,Maranoa,"", 
QLD,SOUTH NANANGO,4615,Maranoa,"", 
QLD,TARONG,4615,Maranoa,"", 
QLD,WATTLE CAMP,4615,Maranoa,"", 
QLD,WENGENVILLE,4615,Maranoa,"", 
QLD,WYALLA,4615,Maranoa,"", 
QLD,ARAMARA,4620,Wide Bay,"", 
QLD,BROOWEENA,4620,Wide Bay,"", 
QLD,DOONGUL,4620,Wide Bay,"", 
QLD,GIGOOMGAN,4620,Wide Bay,"", 
QLD,GLENBAR,4620,Wide Bay,"", 
QLD,GUNGALOON,4620,Wide Bay,"", 
QLD,MALARGA,4620,Wide Bay,"", 
QLD,NORTH ARAMARA,4620,Wide Bay,"", 
QLD,TEEBAR,4620,Wide Bay,"", 
QLD,WOOCOO,4620,Wide Bay,"", 
QLD,BIGGENDEN,4621,Flynn,"", 
QLD,BOOMPA,4621,Wide Bay,"", 
QLD,COALSTOUN LAKES,4621,Flynn,"", 
QLD,CORINGA,4621,Flynn,"", 
QLD,DALLARNIL,4621,Flynn,"", 
QLD,DEGILBO,4621,Flynn,"", 
QLD,DIDCOT,4621,Flynn,"", 
QLD,GOLDEN FLEECE,4621,Flynn,"", 
QLD,LAKESIDE,4621,Flynn,"", 
QLD,WATERANGA,4621,Flynn,"", 
QLD,WOOWOONGA,4621,Flynn,"", 
QLD,ARANBANGA,4625,Flynn,"", 
QLD,BAN BAN,4625,Flynn,"", 
QLD,BAN BAN SPRINGS,4625,Flynn,"", 
QLD,BINJOUR,4625,Flynn,"", 
QLD,BLAIRMORE,4625,Flynn,"", 
QLD,BON ACCORD,4625,Flynn,"", 
QLD,BRANCH CREEK,4625,Flynn,"", 
QLD,BYRNESTOWN,4625,Flynn,"", 
QLD,CAMPBELL CREEK,4625,Flynn,"", 
QLD,DEEP CREEK,4625,Flynn,"", 
QLD,DIRNBIR,4625,Flynn,"", 
QLD,DUNDARRAH,4625,Flynn,"", 
QLD,GAYNDAH,4625,Flynn,"", 
QLD,GINOONDAN,4625,Flynn,"", 
QLD,GOOROOLBA,4625,Flynn,"", 
QLD,HARRIET,4625,Flynn,"", 
QLD,HUMPHERY,4625,Flynn,"", 
QLD,IDERAWAY,4625,Flynn,"", 
QLD,MINGO,4625,Flynn,"", 
QLD,MOUNT DEBATEABLE,4625,Flynn,"", 
QLD,MOUNT LAWLESS,4625,Flynn,"", 
QLD,MOUNT STEADMAN,4625,Flynn,"", 
QLD,PENWHAUPELL,4625,Flynn,"", 
QLD,PILE GULLY,4625,Flynn,"", 
QLD,REIDS CREEK,4625,Flynn,"", 
QLD,STOCKHAVEN,4625,Flynn,"", 
QLD,THE LIMITS,4625,Flynn,"", 
QLD,TOONDAHRA,4625,Flynn,"", 
QLD,WAHOON,4625,Flynn,"", 
QLD,WETHERON,4625,Flynn,"", 
QLD,WILSON VALLEY,4625,Flynn,"", 
QLD,WOODMILLAR,4625,Flynn,"", 
QLD,YENDA,4625,Flynn,"", 
QLD,BEERON,4626,Flynn,"", 
QLD,BOYNEWOOD,4626,Flynn,"", 
QLD,BROVINIA,4626,Flynn,"", 
QLD,CADARGA,4626,Maranoa,"", 
QLD,CATTLE CREEK,4626,Flynn,"", 
QLD,COONAMBULA,4626,Flynn,"", 
QLD,DERRI DERRA,4626,Flynn,"", 
QLD,DYKEHEAD,4626,Flynn,"", 
QLD,GLENRAE,4626,Flynn,"", 
QLD,GURGEENA,4626,Flynn,"", 
QLD,HAWKWOOD,4626,Flynn,"", 
QLD,MONOGORILBY,4626,Flynn,"", 
QLD,MUNDOWRAN,4626,Flynn,"", 
QLD,MUNDUBBERA,4626,Flynn,"", 
QLD,O'BIL BIL,4626,Flynn,"", 
QLD,OLD COORANGA,4626,Flynn,"", 
QLD,PHILPOTT,4626,Flynn,"", 
QLD,RIVERLEIGH,4626,Flynn,"", 
QLD,ABERCORN,4627,Flynn,"", 
QLD,CERATODUS,4627,Flynn,"", 
QLD,CHELTENHAM,4627,Flynn,"", 
QLD,CYNTHIA,4627,Flynn,"", 
QLD,EIDSVOLD,4627,Flynn,"", 
QLD,EIDSVOLD EAST,4627,Flynn,"", 
QLD,EIDSVOLD WEST,4627,Flynn,"", 
QLD,GROSVENOR,4627,Flynn,"", 
QLD,MALMOE,4627,Flynn,"", 
QLD,WURUMA DAM,4627,Flynn,"", 
QLD,BANCROFT,4630,Flynn,"", 
QLD,BUKALI,4630,Flynn,"", 
QLD,CANIA,4630,Flynn,"", 
QLD,CANNINDAH,4630,Flynn,"", 
QLD,COOMINGLAH,4630,Flynn,"", 
QLD,DALGA,4630,Flynn,"", 
QLD,GLENLEIGH,4630,Flynn,"", 
QLD,HARRAMI,4630,Flynn,"", 
QLD,KALPOWAR,4630,Flynn,"", 
QLD,KAPALDO,4630,Flynn,"", 
QLD,LANGLEY,4630,Flynn,"", 
QLD,MONAL,4630,Flynn,"", 
QLD,MONTO,4630,Flynn,"", 
QLD,MOONFORD,4630,Flynn,"", 
QLD,MULGILDIE,4630,Flynn,"", 
QLD,MUNGUNGO,4630,Flynn,"", 
QLD,RAWBELLE,4630,Flynn,"", 
QLD,SELENE,4630,Flynn,"", 
QLD,SPLINTER CREEK,4630,Flynn,"", 
QLD,TELLEBANG,4630,Flynn,"", 
QLD,THREE MOON,4630,Flynn,"", 
QLD,VENTNOR,4630,Flynn,"", 
QLD,YARROL,4630,Flynn,"", 
QLD,ALDERSHOT,4650,Hinkler,"", 
QLD,ALDERSHOT,4650,Wide Bay,"", 
QLD,ANTIGUA,4650,Wide Bay,"", 
QLD,BAUPLE,4650,Wide Bay,"", 
QLD,BAUPLE FOREST,4650,Wide Bay,"", 
QLD,BEAVER ROCK,4650,Wide Bay,"", 
QLD,BIDWILL,4650,Wide Bay,"", 
QLD,BLACKMOUNT,4650,Wide Bay,"",TIARO
QLD,BOONOOROO,4650,Wide Bay,"", 
QLD,BOONOOROO PLAINS,4650,Wide Bay,"", 
QLD,DUCKINWILLA,4650,Hinkler,"", 
QLD,DUNDATHU,4650,Hinkler,"", 
QLD,DUNMORA,4650,Wide Bay,"", 
QLD,FERNEY,4650,Wide Bay,"", 
QLD,GLENORCHY,4650,Wide Bay,"", 
QLD,GOOTCHIE,4650,Wide Bay,"", 
QLD,GRAHAMS CREEK,4650,Wide Bay,"", 
QLD,GRANVILLE,4650,Wide Bay,"", 
QLD,GUNDIAH,4650,Wide Bay,"", 
QLD,ISLAND PLANTATION,4650,Wide Bay,"", 
QLD,MAAROOM,4650,Wide Bay,"", 
QLD,MAGNOLIA,4650,Wide Bay,"", 
QLD,MARYBOROUGH,4650,Wide Bay,"", 
QLD,MARYBOROUGH WEST,4650,Wide Bay,"", 
QLD,MOUNT URAH,4650,Wide Bay,"", 
QLD,MUNGAR,4650,Wide Bay,"", 
QLD,NETHERBY,4650,Wide Bay,"", 
QLD,OAKHURST,4650,Wide Bay,"", 
QLD,OWANYILLA,4650,Wide Bay,"", 
QLD,PILERWA,4650,Wide Bay,"", 
QLD,PIONEERS REST,4650,Wide Bay,"", 
QLD,POONA,4650,Wide Bay,"", 
QLD,PRAWLE,4650,Hinkler,"", 
QLD,ST HELENS,4650,Wide Bay,"", 
QLD,TALEGALLA WEIR,4650,Wide Bay,"", 
QLD,TANDORA,4650,Hinkler,"", 
QLD,TAWAN,4650,Wide Bay,"",TINNANBAR
QLD,TEDDINGTON,4650,Wide Bay,"", 
QLD,THE DIMONDS,4650,Wide Bay,"", 
QLD,THINOOMBA,4650,Wide Bay,"", 
QLD,TIARO,4650,Wide Bay,"", 
QLD,TINANA,4650,Wide Bay,"", 
QLD,TINANA SOUTH,4650,Wide Bay,"", 
QLD,TINNANBAR,4650,Wide Bay,"", 
QLD,TUAN,4650,Wide Bay,"", 
QLD,WALKERS POINT,4650,Wide Bay,"", 
QLD,YENGARIE,4650,Wide Bay,"", 
QLD,YERRA,4650,Wide Bay,"", 
QLD,BOORAL,4655,Hinkler,"", 
QLD,BUNYA CREEK,4655,Hinkler,"", 
QLD,CRAIGNISH,4655,Hinkler,"", 
QLD,DUNDOWRAN,4655,Hinkler,"", 
QLD,DUNDOWRAN BEACH,4655,Hinkler,"", 
QLD,ELI WATERS,4655,Hinkler,"", 
QLD,GREAT SANDY STRAIT,4655,Wide Bay,"", 
QLD,HAPPY VALLEY,4655,Wide Bay,"",FRASER ISLAND
QLD,HERVEY BAY,4655,Hinkler,"", 
QLD,KAWUNGAN,4655,Hinkler,"", 
QLD,NIKENBAH,4655,Hinkler,"", 
QLD,PIALBA,4655,Hinkler,"", 
QLD,POINT VERNON,4655,Hinkler,"", 
QLD,RIVER HEADS,4655,Hinkler,"", 
QLD,SCARNESS,4655,Hinkler,"", 
QLD,SUNSHINE ACRES,4655,Hinkler,"", 
QLD,SUSAN RIVER,4655,Hinkler,"", 
QLD,TAKURA,4655,Hinkler,"", 
QLD,TOOGOOM,4655,Hinkler,"", 
QLD,TORQUAY,4655,Hinkler,"", 
QLD,URANGAN,4655,Hinkler,"", 
QLD,URRAWEEN,4655,Hinkler,"", 
QLD,WALLIEBUM,4655,Hinkler,"", 
QLD,WALLIGAN,4655,Hinkler,"", 
QLD,WONDUNNA,4655,Hinkler,"", 
QLD,BEELBI CREEK,4659,Hinkler,"", 
QLD,BURGOWAN,4659,Hinkler,"", 
QLD,BURRUM HEADS,4659,Hinkler,"", 
QLD,BURRUM RIVER,4659,Hinkler,"", 
QLD,BURRUM TOWN,4659,Hinkler,"", 
QLD,HOWARD,4659,Hinkler,"", 
QLD,PACIFIC HAVEN,4659,Hinkler,"", 
QLD,ABINGTON,4660,Hinkler,"", 
QLD,APPLE TREE CREEK,4660,Hinkler,"", 
QLD,BUXTON,4660,Hinkler,"", 
QLD,CHERWELL,4660,Hinkler,"", 
QLD,CHILDERS,4660,Hinkler,"", 
QLD,CORDALBA,4660,Hinkler,"", 
QLD,DOOLBI,4660,Hinkler,"", 
QLD,EUREKA,4660,Hinkler,"", 
QLD,FARNSFIELD,4660,Hinkler,"", 
QLD,GOODWOOD,4660,Hinkler,"", 
QLD,GREGORY RIVER,4660,Hinkler,"", 
QLD,HORTON,4660,Hinkler,"", 
QLD,ISIS CENTRAL,4660,Hinkler,"", 
QLD,ISIS RIVER,4660,Hinkler,"", 
QLD,KULLOGUM,4660,Hinkler,"", 
QLD,NORTH GREGORY,4660,Hinkler,"", 
QLD,NORTH ISIS,4660,Hinkler,"", 
QLD,PROMISEDLAND,4660,Hinkler,"", 
QLD,REDRIDGE,4660,Hinkler,"", 
QLD,SOUTH ISIS,4660,Hinkler,"", 
QLD,WOODGATE,4660,Hinkler,"", 
QLD,WOODGATE BEACH,4660,Hinkler,"",WOODGATE
QLD,TORBANLEA,4662,Hinkler,"", 
QLD,ABBOTSFORD,4670,Flynn,"", 
QLD,ALLOWAY,4670,Hinkler,"", 
QLD,ASHFIELD,4670,Hinkler,"", 
QLD,AVENELL HEIGHTS,4670,Hinkler,"", 
QLD,AVOCA,4670,Hinkler,"", 
QLD,AVONDALE,4670,Flynn,"", 
QLD,BARGARA,4670,Hinkler,"", 
QLD,BRANYAN,4670,Hinkler,"", 
QLD,BUCCA,4670,Flynn,"", 
QLD,BUNDABERG,4670,Flynn,"", 
QLD,BUNDABERG,4670,Hinkler,"", 
QLD,BUNDABERG CENTRAL,4670,Hinkler,"", 
QLD,BUNDABERG EAST,4670,Hinkler,"", 
QLD,BUNDABERG NORTH,4670,Hinkler,"", 
QLD,BUNDABERG SOUTH,4670,Hinkler,"", 
QLD,BUNDABERG WEST,4670,Hinkler,"", 
QLD,BURNETT HEADS,4670,Hinkler,"", 
QLD,CALAVOS,4670,Hinkler,"", 
QLD,COONARR,4670,Hinkler,"", 
QLD,CORAL COVE,4670,Hinkler,"", 
QLD,ELECTRA,4670,Hinkler,"", 
QLD,ELLIOTT,4670,Hinkler,"", 
QLD,ELLIOTT HEADS,4670,Hinkler,"", 
QLD,FAIRYMEAD,4670,Flynn,"", 
QLD,GIVELDA,4670,Hinkler,"", 
QLD,GOOBURRUM,4670,Flynn,"", 
QLD,INNES PARK,4670,Hinkler,"", 
QLD,KALKIE,4670,Hinkler,"", 
QLD,KENSINGTON,4670,Hinkler,"", 
QLD,KEPNOCK,4670,Hinkler,"", 
QLD,KINKUNA,4670,Hinkler,"", 
QLD,MEADOWVALE,4670,Flynn,"", 
QLD,MILLBANK,4670,Hinkler,"", 
QLD,MON REPOS,4670,Hinkler,"", 
QLD,MOORE PARK BEACH,4670,Flynn,"", 
QLD,MOORLAND,4670,Flynn,"", 
QLD,MULLETT CREEK,4670,Flynn,"", 
QLD,NORVILLE,4670,Hinkler,"", 
QLD,OAKWOOD,4670,Flynn,"", 
QLD,PINE CREEK,4670,Hinkler,"", 
QLD,QUNABA,4670,Hinkler,"", 
QLD,RUBYANNA,4670,Hinkler,"", 
QLD,SHARON,4670,Flynn,"", 
QLD,SOUTH BINGERA,4670,Hinkler,"", 
QLD,SOUTH KOLAN,4670,Flynn,"", 
QLD,SVENSSON HEIGHTS,4670,Hinkler,"", 
QLD,THABEBAN,4670,Hinkler,"", 
QLD,WALKERVALE,4670,Hinkler,"", 
QLD,WATALGAN,4670,Flynn,"", 
QLD,WELCOME CREEK,4670,Flynn,"", 
QLD,WINDERMERE,4670,Hinkler,"", 
QLD,WINFIELD,4670,Flynn,"", 
QLD,WOONGARRA,4670,Hinkler,"", 
QLD,BOOLBOONDA,4671,Flynn,"", 
QLD,BOOYAL,4671,Hinkler,"", 
QLD,BULLYARD,4671,Flynn,"", 
QLD,BUNGADOO,4671,Flynn,"", 
QLD,DALYSFORD,4671,Flynn,"", 
QLD,DAMASCUS,4671,Flynn,"", 
QLD,DELAN,4671,Flynn,"", 
QLD,DOUGHBOY,4671,Flynn,"", 
QLD,DRINAN,4671,Flynn,"", 
QLD,DUINGAL,4671,Hinkler,"", 
QLD,GAETA,4671,Flynn,"", 
QLD,GIN GIN,4671,Flynn,"", 
QLD,GOOD NIGHT,4671,Flynn,"", 
QLD,HORSE CAMP,4671,Flynn,"", 
QLD,KOLONGA,4671,Flynn,"", 
QLD,MAROONDAN,4671,Flynn,"", 
QLD,MCILWRAITH,4671,Flynn,"", 
QLD,MOLANGUL,4671,Flynn,"", 
QLD,MONDURAN,4671,Flynn,"", 
QLD,MOOLBOOLAMAN,4671,Flynn,"", 
QLD,MORGANVILLE,4671,Flynn,"", 
QLD,MOUNT PERRY,4671,Flynn,"", 
QLD,MUNGY,4671,Flynn,"", 
QLD,NEARUM,4671,Flynn,"", 
QLD,NEW MOONTA,4671,Flynn,"", 
QLD,REDHILL FARMS,4671,Flynn,"", 
QLD,SKYRING RESERVE,4671,Flynn,"", 
QLD,ST AGNES,4671,Flynn,"", 
QLD,ST KILDA,4671,Flynn,"", 
QLD,TAKILBERAN,4671,Flynn,"", 
QLD,TIRROAN,4671,Flynn,"", 
QLD,WALLAVILLE,4671,Flynn,"", 
QLD,WONBAH,4671,Flynn,"", 
QLD,MIARA,4673,Flynn,"", 
QLD,WATERLOO,4673,Flynn,"", 
QLD,YANDARAN,4673,Flynn,"", 
QLD,BAFFLE CREEK,4674,Flynn,"", 
QLD,BERAJONDO,4674,Flynn,"", 
QLD,DEEPWATER,4674,Flynn,"", 
QLD,EULEILAH,4674,Flynn,"", 
QLD,MOUNT MARIA,4674,Flynn,"", 
QLD,OYSTER CREEK,4674,Flynn,"", 
QLD,ROSEDALE,4674,Flynn,"", 
QLD,RULES BEACH,4674,Flynn,"", 
QLD,TAUNTON,4674,Flynn,"", 
QLD,GINDORAN,4676,Flynn,"", 
QLD,LOWMEAD,4676,Flynn,"", 
QLD,AGNES WATER,4677,Flynn,"", 
QLD,CAPTAIN CREEK,4677,Flynn,"", 
QLD,COLOSSEUM,4677,Flynn,"", 
QLD,MIRIAM VALE,4677,Flynn,"", 
QLD,MOUNT TOM,4677,Flynn,"", 
QLD,ROUND HILL,4677,Flynn,"", 
QLD,SEVENTEEN SEVENTY,4677,Flynn,"", 
QLD,BOROREN,4678,Flynn,"", 
QLD,FORESHORES,4678,Flynn,"", 
QLD,RODDS BAY,4678,Flynn,"", 
QLD,TURKEY BEACH,4678,Flynn,"", 
QLD,BARNEY POINT,4680,Flynn,"", 
QLD,BEECHER,4680,Flynn,"", 
QLD,BENARABY,4680,Flynn,"", 
QLD,BOYNE ISLAND,4680,Flynn,"", 
QLD,BOYNE VALLEY,4680,Flynn,"", 
QLD,BOYNEDALE,4680,Flynn,"", 
QLD,BUILYAN,4680,Flynn,"",BOYNE VALLEY
QLD,BURUA,4680,Flynn,"", 
QLD,BYELLEE,4680,Flynn,"", 
QLD,CALLEMONDAH,4680,Flynn,"", 
QLD,CALLIOPE,4680,Flynn,"", 
QLD,CLINTON,4680,Flynn,"", 
QLD,CURTIS ISLAND,4680,Flynn,"", 
QLD,DIGLUM,4680,Flynn,"", 
QLD,GLADSTONE CENTRAL,4680,Flynn,"", 
QLD,GLADSTONE HARBOUR,4680,Flynn,"", 
QLD,GLEN EDEN,4680,Flynn,"", 
QLD,HERON ISLAND,4680,Flynn,"", 
QLD,IVERAGH,4680,Flynn,"", 
QLD,KIN KORA,4680,Flynn,"", 
QLD,KIRKWOOD,4680,Flynn,"", 
QLD,MANY PEAKS,4680,Flynn,"",BOYNE VALLEY
QLD,MOUNT ALMA,4680,Flynn,"", 
QLD,NAGOORIN,4680,Flynn,"",BOYNE VALLEY
QLD,NEW AUCKLAND,4680,Flynn,"", 
QLD,O'CONNELL,4680,Flynn,"", 
QLD,RIVER RANCH,4680,Flynn,"", 
QLD,SOUTH GLADSTONE,4680,Flynn,"", 
QLD,SOUTH TREES,4680,Flynn,"", 
QLD,SUN VALLEY,4680,Flynn,"", 
QLD,TABLELANDS,4680,Flynn,"", 
QLD,TANNUM SANDS,4680,Flynn,"", 
QLD,TARAGOOLA,4680,Flynn,"", 
QLD,TELINA,4680,Flynn,"", 
QLD,TOOLOOA,4680,Flynn,"", 
QLD,UBOBO,4680,Flynn,"",BOYNE VALLEY
QLD,WEST GLADSTONE,4680,Flynn,"", 
QLD,WEST STOWE,4680,Flynn,"", 
QLD,WOODERSON,4680,Flynn,"", 
QLD,WURDONG HEIGHTS,4680,Flynn,"", 
QLD,ALDOGA,4694,Flynn,"", 
QLD,TARGINNIE,4694,Flynn,"", 
QLD,YARWUN,4694,Flynn,"", 
QLD,AMBROSE,4695,Flynn,"", 
QLD,BRACEWELL,4695,Flynn,"", 
QLD,DARTS CREEK,4695,Flynn,"", 
QLD,EAST END,4695,Flynn,"", 
QLD,MACHINE CREEK,4695,Flynn,"", 
QLD,MOUNT LARCOM,4695,Flynn,"", 
QLD,THE NARROWS,4695,Flynn,"", 
QLD,RAGLAN,4697,Flynn,"", 
QLD,BAJOOL,4699,Flynn,"", 
QLD,PORT ALMA,4699,Flynn,"", 
QLD,ALLENSTOWN,4700,Capricornia,"", 
QLD,DEPOT HILL,4700,Capricornia,"", 
QLD,FAIRY BOWER,4700,Capricornia,"", 
QLD,PORT CURTIS,4700,Capricornia,"", 
QLD,PORT CURTIS,4700,Flynn,"", 
QLD,ROCKHAMPTON CITY,4700,Capricornia,"", 
QLD,THE KEPPELS,4700,Capricornia,"", 
QLD,THE RANGE,4700,Capricornia,"", 
QLD,WANDAL,4700,Capricornia,"", 
QLD,WEST ROCKHAMPTON,4700,Capricornia,"", 
QLD,BERSERKER,4701,Capricornia,"", 
QLD,FRENCHVILLE,4701,Capricornia,"", 
QLD,GREENLAKE,4701,Capricornia,"", 
QLD,IRONPOT,4701,Capricornia,"", 
QLD,KAWANA,4701,Capricornia,"", 
QLD,KOONGAL,4701,Capricornia,"", 
QLD,LAKES CREEK,4701,Capricornia,"", 
QLD,LIMESTONE CREEK,4701,Capricornia,"", 
QLD,MOUNT ARCHER,4701,Capricornia,"", 
QLD,NANKIN,4701,Capricornia,"", 
QLD,NERIMBERA,4701,Capricornia,"", 
QLD,NORMAN GARDENS,4701,Capricornia,"", 
QLD,PARK AVENUE,4701,Capricornia,"", 
QLD,ROCKYVIEW,4701,Capricornia,"", 
QLD,SANDRINGHAM,4701,Capricornia,"", 
QLD,THE COMMON,4701,Capricornia,"", 
QLD,ALBERTA,4702,Flynn,"", 
QLD,ALSACE,4702,Flynn,"", 
QLD,ALTON DOWNS,4702,Flynn,"", 
QLD,ANAKIE SIDING,4702,Flynn,"", 
QLD,BALCOMBA,4702,Flynn,"", 
QLD,BANANA,4702,Flynn,"", 
QLD,BARALABA,4702,Flynn,"", 
QLD,BARNARD,4702,Flynn,"", 
QLD,BINGEGANG,4702,Flynn,"", 
QLD,BLACKDOWN,4702,Flynn,"", 
QLD,BLUFF,4702,Flynn,"", 
QLD,BOOLBURRA,4702,Flynn,"", 
QLD,BOULDERCOMBE,4702,Flynn,"", 
QLD,BUSHLEY,4702,Flynn,"", 
QLD,CANAL CREEK,4702,Capricornia,"", 
QLD,CANOONA,4702,Capricornia,"", 
QLD,CAWARRAL,4702,Capricornia,"", 
QLD,COMET,4702,Flynn,"", 
QLD,CONSUELO,4702,Flynn,"", 
QLD,COOMOO,4702,Flynn,"", 
QLD,COOROOMAN,4702,Capricornia,"", 
QLD,COORUMBENE,4702,Flynn,"", 
QLD,COOWONGA,4702,Capricornia,"", 
QLD,DALMA,4702,Flynn,"", 
QLD,DINGO,4702,Flynn,"", 
QLD,DIXALEA,4702,Flynn,"", 
QLD,DULULU,4702,Flynn,"", 
QLD,DUMPY CREEK,4702,Flynn,"", 
QLD,ETNA CREEK,4702,Capricornia,"", 
QLD,FORK LAGOONS,4702,Flynn,"", 
QLD,GAINSFORD,4702,Flynn,"", 
QLD,GARNANT,4702,Flynn,"", 
QLD,GINDIE,4702,Flynn,"", 
QLD,GLENROY,4702,Flynn,"", 
QLD,GOGANGO,4702,Flynn,"", 
QLD,GOOMALLY,4702,Flynn,"", 
QLD,GOOVIGEN,4702,Flynn,"", 
QLD,GOOWARRA,4702,Flynn,"", 
QLD,GRACEMERE,4702,Capricornia,"", 
QLD,GRACEMERE,4702,Flynn,"", 
QLD,HUMBOLDT,4702,Flynn,"", 
QLD,JAMBIN,4702,Flynn,"", 
QLD,JARDINE,4702,Capricornia,"", 
QLD,JELLINBAH,4702,Flynn,"", 
QLD,JOSKELEIGH,4702,Capricornia,"", 
QLD,KABRA,4702,Flynn,"", 
QLD,KALAPA,4702,Flynn,"", 
QLD,KEPPEL SANDS,4702,Capricornia,"", 
QLD,KOKOTUNGO,4702,Flynn,"", 
QLD,KUNWARARA,4702,Capricornia,"", 
QLD,LOWESBY,4702,Flynn,"", 
QLD,MACKENZIE,4702,Flynn,"", 
QLD,MARMOR,4702,Flynn,"", 
QLD,MIDGEE,4702,Flynn,"", 
QLD,MILMAN,4702,Capricornia,"", 
QLD,MIMOSA,4702,Flynn,"", 
QLD,MORINISH,4702,Flynn,"", 
QLD,MORINISH SOUTH,4702,Flynn,"", 
QLD,MOUNT CHALMERS,4702,Capricornia,"", 
QLD,NINE MILE,4702,Flynn,"", 
QLD,PARKHURST,4702,Capricornia,"", 
QLD,PHEASANT CREEK,4702,Flynn,"", 
QLD,PINK LILY,4702,Flynn,"", 
QLD,REWAN,4702,Flynn,"", 
QLD,RIDGELANDS,4702,Flynn,"", 
QLD,ROLLESTON,4702,Flynn,"", 
QLD,ROSSMOYA,4702,Capricornia,"", 
QLD,RUBYVALE,4702,Flynn,"", 
QLD,SAPPHIRE CENTRAL,4702,Flynn,"", 
QLD,SHOALWATER,4702,Capricornia,"", 
QLD,SOUTH YAAMBA,4702,Flynn,"", 
QLD,STANAGE,4702,Capricornia,"", 
QLD,STANWELL,4702,Flynn,"", 
QLD,STEWARTON,4702,Flynn,"", 
QLD,TARRAMBA,4702,Flynn,"", 
QLD,THE CAVES,4702,Capricornia,"", 
QLD,THOMPSON POINT,4702,Capricornia,"", 
QLD,TOGARA,4702,Flynn,"", 
QLD,TUNGAMULL,4702,Capricornia,"", 
QLD,ULOGIE,4702,Flynn,"", 
QLD,WALLAROO,4702,Flynn,"", 
QLD,WESTWOOD,4702,Flynn,"", 
QLD,WILLOWS,4702,Flynn,"", 
QLD,WOOLEIN,4702,Flynn,"", 
QLD,WOOROONA,4702,Flynn,"", 
QLD,WOWAN,4702,Flynn,"", 
QLD,WYCARBAH,4702,Flynn,"", 
QLD,ADELAIDE PARK,4703,Capricornia,"", 
QLD,BANGALEE,4703,Capricornia,"", 
QLD,BARLOWS HILL,4703,Capricornia,"", 
QLD,BARMARYEE,4703,Capricornia,"", 
QLD,BARMOYA,4703,Capricornia,"", 
QLD,BONDOOLA,4703,Capricornia,"", 
QLD,BUNGUNDARRA,4703,Capricornia,"", 
QLD,BYFIELD,4703,Capricornia,"", 
QLD,CAUSEWAY LAKE,4703,Capricornia,"", 
QLD,COBRABALL,4703,Capricornia,"", 
QLD,COOEE BAY,4703,Capricornia,"", 
QLD,FARNBOROUGH,4703,Capricornia,"", 
QLD,HIDDEN VALLEY,4703,Capricornia,"", 
QLD,INVERNESS,4703,Capricornia,"", 
QLD,KINKA BEACH,4703,Capricornia,"", 
QLD,LAKE MARY,4703,Capricornia,"", 
QLD,LAMMERMOOR,4703,Capricornia,"", 
QLD,MARYVALE,4703,Capricornia,"", 
QLD,MEIKLEVILLE HILL,4703,Capricornia,"", 
QLD,MULAMBIN,4703,Capricornia,"", 
QLD,MULARA,4703,Capricornia,"", 
QLD,PACIFIC HEIGHTS,4703,Capricornia,"", 
QLD,ROSSLYN,4703,Capricornia,"", 
QLD,STOCKYARD,4703,Capricornia,"", 
QLD,TANBY,4703,Capricornia,"", 
QLD,TARANGANBA,4703,Capricornia,"", 
QLD,TAROOMBALL,4703,Capricornia,"", 
QLD,WOODBURY,4703,Capricornia,"", 
QLD,YEPPOON,4703,Capricornia,"", 
QLD,WATTLEBANK,4704,Capricornia,"", 
QLD,YAAMBA,4704,Capricornia,"", 
QLD,CLARKE CREEK,4705,Capricornia,"", 
QLD,LOTUS CREEK,4705,Capricornia,"", 
QLD,MACKENZIE RIVER,4705,Capricornia,"", 
QLD,MARLBOROUGH,4705,Capricornia,"", 
QLD,MOUNT GARDINER,4705,Capricornia,"", 
QLD,OGMORE,4706,Capricornia,"", 
QLD,COLLAROY,4707,Capricornia,"", 
QLD,ST LAWRENCE,4707,Capricornia,"", 
QLD,THE PERCY GROUP,4707,Capricornia,"", 
QLD,TIERI,4709,Flynn,"", 
QLD,EMU PARK,4710,Capricornia,"", 
QLD,ZILZIE,4710,Capricornia,"", 
QLD,GLENDALE,4711,Capricornia,"", 
QLD,GLENLEE,4711,Capricornia,"", 
QLD,DUARINGA,4712,Flynn,"", 
QLD,WOORABINDA,4713,Flynn,"", 
QLD,BAREE,4714,Flynn,"", 
QLD,BOULDER CREEK,4714,Flynn,"", 
QLD,FLETCHER CREEK,4714,Flynn,"", 
QLD,HAMILTON CREEK,4714,Flynn,"", 
QLD,HORSE CREEK,4714,Flynn,"", 
QLD,JOHNSONS HILL,4714,Flynn,"", 
QLD,LEYDENS HILL,4714,Flynn,"", 
QLD,LIMESTONE,4714,Flynn,"", 
QLD,MOONGAN,4714,Flynn,"", 
QLD,MOUNT MORGAN,4714,Flynn,"", 
QLD,NINE MILE CREEK,4714,Flynn,"", 
QLD,OAKEY CREEK,4714,Flynn,"", 
QLD,STRUCK OIL,4714,Flynn,"", 
QLD,THE MINE,4714,Flynn,"", 
QLD,TROTTER CREEK,4714,Flynn,"", 
QLD,WALMUL,4714,Flynn,"", 
QLD,WALTERHALL,4714,Flynn,"", 
QLD,WURA,4714,Flynn,"", 
QLD,BILOELA,4715,Flynn,"", 
QLD,CALLIDE,4715,Flynn,"", 
QLD,CASTLE CREEK,4715,Flynn,"", 
QLD,DAKENBA,4715,Flynn,"", 
QLD,DUMGREE,4715,Flynn,"", 
QLD,GREYCLIFFE,4715,Flynn,"", 
QLD,MOUNT MURCHISON,4715,Flynn,"", 
QLD,ORANGE CREEK,4715,Flynn,"", 
QLD,PROSPECT,4715,Flynn,"", 
QLD,VALENTINE PLAINS,4715,Flynn,"", 
QLD,LAWGI DAWES,4716,Flynn,"", 
QLD,THANGOOL,4716,Flynn,"", 
QLD,BLACKWATER,4717,Flynn,"", 
QLD,BAUHINIA,4718,Flynn,"", 
QLD,DROMEDARY,4718,Flynn,"", 
QLD,KIANGA,4718,Flynn,"", 
QLD,MOURA,4718,Flynn,"", 
QLD,MUNGABUNDA,4718,Flynn,"", 
QLD,OOMBABEER,4718,Flynn,"", 
QLD,RHYDDING,4718,Flynn,"", 
QLD,ROUNDSTONE,4718,Flynn,"", 
QLD,WARNOAH,4718,Flynn,"", 
QLD,CAMBOON,4719,Flynn,"", 
QLD,CRACOW,4719,Flynn,"", 
QLD,GLENMORAL,4719,Flynn,"", 
QLD,ISLA,4719,Flynn,"", 
QLD,LONESOME CREEK,4719,Flynn,"", 
QLD,THEODORE,4719,Flynn,"", 
QLD,EMERALD,4720,Flynn,"", 
QLD,WYUNA,4720,Flynn,"", 
QLD,ARGYLL,4721,Flynn,"", 
QLD,BELYANDO,4721,Capricornia,"", 
QLD,CHEESEBOROUGH,4721,Flynn,"", 
QLD,CLERMONT,4721,Capricornia,"", 
QLD,CLERMONT,4721,Flynn,"", 
QLD,ELGIN,4721,Capricornia,"", 
QLD,FRANKFIELD,4721,Capricornia,"", 
QLD,GEMINI MOUNTAINS,4721,Capricornia,"", 
QLD,KILCUMMIN,4721,Capricornia,"", 
QLD,LAGLAN,4721,Capricornia,"", 
QLD,PASHA,4721,Capricornia,"", 
QLD,PEAK VALE,4721,Capricornia,"", 
QLD,PEAK VALE,4721,Flynn,"", 
QLD,THERESA CREEK,4721,Flynn,"", 
QLD,WINCHESTER,4721,Capricornia,"", 
QLD,WOLFANG,4721,Capricornia,"", 
QLD,ALBINIA,4722,Flynn,"", 
QLD,ARCTURUS,4722,Flynn,"", 
QLD,BUCKLAND,4722,Flynn,"", 
QLD,CAIRDBEIGN,4722,Flynn,"", 
QLD,CONA CREEK,4722,Flynn,"", 
QLD,LOCHINGTON,4722,Flynn,"", 
QLD,MANTUAN DOWNS,4722,Flynn,"", 
QLD,MINERVA,4722,Flynn,"", 
QLD,NANDOWRIE,4722,Flynn,"", 
QLD,ORION,4722,Flynn,"", 
QLD,SPRINGSURE,4722,Flynn,"", 
QLD,WEALWANDANGIE,4722,Flynn,"", 
QLD,BELCONG,4723,Flynn,"", 
QLD,CAPELLA,4723,Flynn,"", 
QLD,CARBINE CREEK,4723,Flynn,"", 
QLD,CHIRNSIDE,4723,Flynn,"", 
QLD,CRINUM,4723,Flynn,"", 
QLD,GORDONSTONE,4723,Flynn,"", 
QLD,HIBERNIA,4723,Flynn,"", 
QLD,KHOSH BULDUK,4723,Flynn,"", 
QLD,LILYVALE,4723,Flynn,"", 
QLD,LOWESTOFF,4723,Flynn,"", 
QLD,MOUNT MACARTHUR,4723,Flynn,"", 
QLD,RETRO,4723,Flynn,"", 
QLD,ALPHA,4724,Maranoa,"", 
QLD,QUETTA,4724,Capricornia,"", 
QLD,BARCALDINE,4725,Maranoa,"", 
QLD,ARAMAC,4726,Maranoa,"", 
QLD,ILFRACOMBE,4727,Maranoa,"", 
QLD,JERICHO,4728,Maranoa,"", 
QLD,LONGREACH,4730,Maranoa,"", 
QLD,STONEHENGE,4730,Maranoa,"", 
QLD,ISISFORD,4731,Maranoa,"", 
QLD,YARAKA,4731,Maranoa,"", 
QLD,MUTTABURRA,4732,Kennedy,"", 
QLD,MUTTABURRA,4732,Maranoa,"", 
QLD,CORFIELD,4733,Maranoa,"", 
QLD,DIAMANTINA LAKES,4735,Maranoa,"", 
QLD,KYNUNA,4735,Maranoa,"", 
QLD,MIDDLETON,4735,Maranoa,"", 
QLD,OPALTON,4735,Maranoa,"", 
QLD,WINTON,4735,Maranoa,"", 
QLD,JUNDAH,4736,Maranoa,"", 
QLD,ARMSTRONG BEACH,4737,Capricornia,"", 
QLD,BLUE MOUNTAIN,4737,Capricornia,"", 
QLD,CAMPWIN BEACH,4737,Capricornia,"", 
QLD,FRESHWATER POINT,4737,Capricornia,"", 
QLD,SARINA,4737,Capricornia,"", 
QLD,SARINA BEACH,4737,Capricornia,"", 
QLD,SARINA RANGE,4737,Capricornia,"", 
QLD,SUNNYSIDE,4737,Capricornia,"", 
QLD,ILBILBIE,4738,Capricornia,"", 
QLD,KOUMALA,4738,Capricornia,"", 
QLD,CARMILA,4739,Capricornia,"", 
QLD,ALEXANDRA,4740,Capricornia,"", 
QLD,ALLIGATOR CREEK,4740,Capricornia,"", 
QLD,ANDERGROVE,4740,Dawson,"", 
QLD,BAKERS CREEK,4740,Capricornia,"", 
QLD,BALBERRA,4740,Capricornia,"", 
QLD,BALNAGOWAN,4740,Dawson,"", 
QLD,BEACONSFIELD,4740,Dawson,"", 
QLD,BELMUNDA,4740,Dawson,"", 
QLD,BLACKS BEACH,4740,Dawson,"", 
QLD,CAPE HILLSBOROUGH,4740,Dawson,"", 
QLD,CHELONA,4740,Capricornia,"", 
QLD,CREMORNE,4740,Dawson,"", 
QLD,DOLPHIN HEADS,4740,Dawson,"", 
QLD,DUMBLETON,4740,Dawson,"", 
QLD,DUNNROCK,4740,Capricornia,"", 
QLD,EAGLEMOUNT HEIGHTS,4740,Dawson,"",BEACONSFIELD
QLD,EAST MACKAY,4740,Dawson,"", 
QLD,EIMEO,4740,Dawson,"", 
QLD,ERAKALA,4740,Dawson,"", 
QLD,FARRIER ISLAND,4740,Dawson,"", 
QLD,FOULDEN,4740,Dawson,"", 
QLD,GLENELLA,4740,Dawson,"", 
QLD,GRASSTREE BEACH,4740,Capricornia,"", 
QLD,HABANA,4740,Dawson,"", 
QLD,HALIDAY BAY,4740,Dawson,"", 
QLD,HAY POINT,4740,Capricornia,"", 
QLD,HOMEBUSH,4740,Capricornia,"", 
QLD,KESWICK ISLAND,4740,Dawson,"", 
QLD,LAMBERTS BEACH,4740,Dawson,"",SLADE POINT
QLD,MACKAY,4740,Dawson,"", 
QLD,MACKAY HARBOUR,4740,Dawson,"", 
QLD,MCEWENS BEACH,4740,Capricornia,"", 
QLD,MOUNT JUKES,4740,Dawson,"", 
QLD,MOUNT PLEASANT,4740,Dawson,"", 
QLD,MUNBURA,4740,Capricornia,"", 
QLD,NINDAROO,4740,Dawson,"", 
QLD,NORTH MACKAY,4740,Dawson,"", 
QLD,OORALEA,4740,Capricornia,"", 
QLD,PAGET,4740,Dawson,"", 
QLD,PLANLANDS,4740,Capricornia,"",OORALEA
QLD,RACECOURSE,4740,Capricornia,"", 
QLD,RICHMOND,4740,Dawson,"", 
QLD,ROSELLA,4740,Capricornia,"", 
QLD,RURAL VIEW,4740,Dawson,"", 
QLD,SANDIFORD,4740,Capricornia,"", 
QLD,SLADE POINT,4740,Dawson,"", 
QLD,SOUTH MACKAY,4740,Dawson,"", 
QLD,ST BEES ISLAND,4740,Dawson,"", 
QLD,TE KOWAI,4740,Capricornia,"", 
QLD,THE LEAP,4740,Dawson,"", 
QLD,WEST MACKAY,4740,Dawson,"", 
QLD,YAKAPARI,4740,Dawson,"", 
QLD,BALL BAY,4741,Dawson,"", 
QLD,BRAMPTON ISLAND,4741,Dawson,"", 
QLD,BRIGHTLY,4741,Capricornia,"", 
QLD,CLAIRVIEW,4741,Capricornia,"", 
QLD,COPPABELLA,4741,Capricornia,"", 
QLD,CORAL SEA,4741,Capricornia,"", 
QLD,DAYDREAM ISLAND,4741,Dawson,"", 
QLD,EPSOM,4741,Capricornia,"", 
QLD,ETON,4741,Capricornia,"", 
QLD,EUNGELLA HINTERLAND,4741,Capricornia,"", 
QLD,FARLEIGH,4741,Dawson,"", 
QLD,GARGETT,4741,Capricornia,"", 
QLD,HAMPDEN,4741,Dawson,"", 
QLD,HAZLEDEAN,4741,Capricornia,"", 
QLD,HOOK ISLAND,4741,Dawson,"", 
QLD,KINCHANT DAM,4741,Capricornia,"", 
QLD,KUTTABUL,4741,Dawson,"", 
QLD,LINDEMAN ISLAND,4741,Dawson,"", 
QLD,LONG ISLAND,4741,Dawson,"", 
QLD,MOUNT CHARLTON,4741,Dawson,"", 
QLD,MOUNT CHRISTIAN,4741,Capricornia,"",KOUMALA
QLD,MOUNT OSSA,4741,Dawson,"", 
QLD,MOUNT PELION,4741,Dawson,"", 
QLD,NEWRY ISLAND,4741,Dawson,"", 
QLD,NORTH ETON,4741,Capricornia,"", 
QLD,OAKENDEN,4741,Capricornia,"", 
QLD,OWENS CREEK,4741,Capricornia,"", 
QLD,PINNACLE,4741,Capricornia,"", 
QLD,PLEYSTOWE,4741,Capricornia,"", 
QLD,SEAFORTH,4741,Dawson,"", 
QLD,SOUTH MOLLE ISLAND,4741,Dawson,"", 
QLD,YALBOROO,4741,Dawson,"", 
QLD,BURTON,4742,Capricornia,"", 
QLD,EAGLEFIELD,4742,Capricornia,"", 
QLD,ELPHINSTONE,4742,Capricornia,"", 
QLD,HAIL CREEK,4742,Capricornia,"", 
QLD,KEMMIS,4742,Capricornia,"", 
QLD,MOUNT BRITTON,4742,Capricornia,"", 
QLD,NEBO,4742,Capricornia,"", 
QLD,OXFORD,4742,Capricornia,"", 
QLD,STRATHFIELD,4742,Capricornia,"", 
QLD,TURRAWULLA,4742,Capricornia,"", 
QLD,VALKYRIE,4742,Capricornia,"", 
QLD,GLENDEN,4743,Capricornia,"", 
QLD,SUTTOR,4743,Capricornia,"", 
QLD,MORANBAH,4744,Capricornia,"", 
QLD,COTHERSTONE,4745,Flynn,"", 
QLD,DYSART,4745,Capricornia,"", 
QLD,BUNDOORA,4746,Flynn,"", 
QLD,MAY DOWNS,4746,Capricornia,"", 
QLD,MIDDLEMOUNT,4746,Capricornia,"", 
QLD,BUCASIA,4750,Dawson,"", 
QLD,SHOAL POINT,4750,Dawson,"", 
QLD,GREENMOUNT,4751,Capricornia,"", 
QLD,PALMYRA,4751,Capricornia,"", 
QLD,VICTORIA PLAINS,4751,Capricornia,"", 
QLD,WALKERSTON,4751,Capricornia,"", 
QLD,DEVEREUX CREEK,4753,Capricornia,"", 
QLD,MARIAN,4753,Capricornia,"", 
QLD,BENHOLME,4754,Capricornia,"", 
QLD,DOWS CREEK,4754,Capricornia,"", 
QLD,MIA MIA,4754,Capricornia,"", 
QLD,MIRANI,4754,Capricornia,"", 
QLD,MOUNT MARTIN,4754,Capricornia,"", 
QLD,MOUNT MARTIN,4754,Dawson,"", 
QLD,PINEVALE,4754,Capricornia,"", 
QLD,SEPTIMUS,4754,Capricornia,"", 
QLD,FINCH HATTON,4756,Capricornia,"", 
QLD,NETHERDALE,4756,Capricornia,"", 
QLD,BROKEN RIVER,4757,Capricornia,"", 
QLD,CREDITON,4757,Capricornia,"", 
QLD,DALRYMPLE HEIGHTS,4757,Capricornia,"", 
QLD,EUNGELLA,4757,Capricornia,"", 
QLD,EUNGELLA DAM,4757,Capricornia,"", 
QLD,CALEN,4798,Dawson,"", 
QLD,MENTMORE,4798,Dawson,"", 
QLD,PINDI PINDI,4798,Dawson,"", 
QLD,ST HELENS BEACH,4798,Dawson,"", 
QLD,BLOOMSBURY,4799,Dawson,"", 
QLD,MIDGE POINT,4799,Dawson,"", 
QLD,ANDROMACHE,4800,Dawson,"", 
QLD,BRANDY CREEK,4800,Dawson,"", 
QLD,BREADALBANE,4800,Dawson,"", 
QLD,CANNON VALLEY,4800,Dawson,"", 
QLD,CAPE CONWAY,4800,Dawson,"", 
QLD,CAPE GLOUCESTER,4800,Dawson,"", 
QLD,CONWAY,4800,Dawson,"", 
QLD,CONWAY BEACH,4800,Dawson,"", 
QLD,CRYSTAL BROOK,4800,Dawson,"", 
QLD,DINGO BEACH,4800,Dawson,"", 
QLD,DITTMER,4800,Dawson,"", 
QLD,FOXDALE,4800,Dawson,"", 
QLD,GLEN ISLA,4800,Dawson,"", 
QLD,GOORGANGA CREEK,4800,Dawson,"", 
QLD,GREGORY RIVER,4800,Dawson,"", 
QLD,GUNYARRA,4800,Dawson,"", 
QLD,HAMILTON PLAINS,4800,Dawson,"", 
QLD,HIDEAWAY BAY,4800,Dawson,"", 
QLD,KELSEY CREEK,4800,Dawson,"", 
QLD,LAGUNA QUAYS,4800,Dawson,"", 
QLD,LAKE PROSERPINE,4800,Dawson,"", 
QLD,LETHEBROOK,4800,Dawson,"", 
QLD,MOUNT JULIAN,4800,Dawson,"", 
QLD,MOUNT MARLOW,4800,Dawson,"", 
QLD,MOUNT PLUTO,4800,Dawson,"", 
QLD,MYRTLEVALE,4800,Dawson,"", 
QLD,PALM GROVE,4800,Dawson,"", 
QLD,PAULS POCKET,4800,Dawson,"", 
QLD,PRESTON,4800,Dawson,"", 
QLD,PROSERPINE,4800,Dawson,"", 
QLD,RIORDANVALE,4800,Dawson,"", 
QLD,SILVER CREEK,4800,Dawson,"", 
QLD,STRATHDICKIE,4800,Dawson,"", 
QLD,SUGARLOAF,4800,Dawson,"", 
QLD,THOOPARA,4800,Dawson,"", 
QLD,WILSON BEACH,4800,Dawson,"", 
QLD,AIRLIE BEACH,4802,Dawson,"", 
QLD,CANNONVALE,4802,Dawson,"", 
QLD,FLAMETREE,4802,Dawson,"", 
QLD,JUBILEE POCKET,4802,Dawson,"", 
QLD,MANDALAY,4802,Dawson,"", 
QLD,SHUTE HARBOUR,4802,Dawson,"", 
QLD,SHUTEHAVEN,4802,Dawson,"",SHUTE HARBOUR
QLD,WOODWARK,4802,Dawson,"", 
QLD,COLLINSVILLE,4804,Capricornia,"", 
QLD,MOUNT COOLON,4804,Capricornia,"", 
QLD,MOUNT WYATT,4804,Capricornia,"", 
QLD,MOUNT WYATT,4804,Dawson,"", 
QLD,NEWLANDS,4804,Capricornia,"", 
QLD,SCOTTVILLE,4804,Capricornia,"", 
QLD,SPRINGLANDS,4804,Capricornia,"", 
QLD,BINBEE,4805,Dawson,"", 
QLD,BOGIE,4805,Capricornia,"", 
QLD,BOGIE,4805,Dawson,"", 
QLD,BOWEN,4805,Dawson,"", 
QLD,CAMP ISLAND,4805,Dawson,"", 
QLD,GLOUCESTER ISLAND,4805,Dawson,"", 
QLD,GUMLU,4805,Dawson,"", 
QLD,GUTHALUNGRA,4805,Dawson,"", 
QLD,POOLE ISLAND,4805,Dawson,"", 
QLD,STONE ISLAND,4805,Dawson,"", 
QLD,CARSTAIRS,4806,Dawson,"", 
QLD,FREDERICKSFIELD,4806,Dawson,"", 
QLD,GROPER CREEK,4806,Dawson,"", 
QLD,HOME HILL,4806,Dawson,"", 
QLD,INKERMAN,4806,Dawson,"", 
QLD,KIRKNIE,4806,Dawson,"", 
QLD,OSBORNE,4806,Dawson,"", 
QLD,RANGEMORE,4806,Dawson,"", 
QLD,WANGARATTA,4806,Dawson,"", 
QLD,WUNJUNGA,4806,Dawson,"", 
QLD,AIRDMILLAN,4807,Dawson,"", 
QLD,AIRVILLE,4807,Dawson,"", 
QLD,ALVA,4807,Dawson,"", 
QLD,AYR,4807,Dawson,"", 
QLD,CLARE,4807,Dawson,"", 
QLD,CLARE,4807,Kennedy,"", 
QLD,DALBEG,4807,Kennedy,"", 
QLD,EIGHT MILE CREEK,4807,Kennedy,"", 
QLD,JARVISFIELD,4807,Dawson,"", 
QLD,KALAMIA,4807,Dawson,"",AYR
QLD,MCDESME,4807,Dawson,"", 
QLD,MILLAROO,4807,Kennedy,"", 
QLD,MONA PARK,4807,Dawson,"", 
QLD,MOUNT KELLY,4807,Dawson,"", 
QLD,MULGRAVE,4807,Kennedy,"", 
QLD,RITA ISLAND,4807,Dawson,"", 
QLD,SWANS LAGOON,4807,Kennedy,"", 
QLD,BRANDON,4808,Dawson,"", 
QLD,COLEVALE,4808,Dawson,"", 
QLD,BARRATTA,4809,Dawson,"", 
QLD,CROMARTY,4809,Dawson,"", 
QLD,GIRU,4809,Dawson,"", 
QLD,HORSESHOE LAGOON,4809,Dawson,"", 
QLD,JERONA,4809,Dawson,"", 
QLD,MOUNT SURROUND,4809,Dawson,"", 
QLD,SHIRBOURNE,4809,Dawson,"", 
QLD,UPPER HAUGHTON,4809,Dawson,"", 
QLD,UPPER HAUGHTON,4809,Kennedy,"", 
QLD,BELGIAN GARDENS,4810,Herbert,"", 
QLD,CAPE CLEVELAND,4810,Dawson,"", 
QLD,CAPE FERGUSON,4810,Dawson,"",CAPE CLEVELAND
QLD,CASTLE HILL,4810,Herbert,"", 
QLD,NORTH WARD,4810,Herbert,"", 
QLD,PALLARENDA,4810,Herbert,"", 
QLD,RAILWAY ESTATE,4810,Herbert,"", 
QLD,ROWES BAY,4810,Herbert,"", 
QLD,SOUTH TOWNSVILLE,4810,Herbert,"", 
QLD,TOWN COMMON,4810,Herbert,"", 
QLD,TOWNSVILLE CITY,4810,Herbert,"", 
QLD,WEST END,4810,Herbert,"", 
QLD,YARRAWONGA,4810,Herbert,"",CASTLE HILL
QLD,CLUDEN,4811,Dawson,"", 
QLD,FAIRFIELD WATERS,4811,Dawson,"",IDALIA
QLD,IDALIA,4811,Dawson,"", 
QLD,JAMES COOK UNIVERSITY,4811,Herbert,"", 
QLD,MOUNT STUART,4811,Herbert,"", 
QLD,MOUNT STUART,4811,Kennedy,"", 
QLD,OAK VALLEY,4811,Kennedy,"", 
QLD,OONOONBA,4811,Dawson,"", 
QLD,PARTINGTON,4811,Dawson,"",STUART
QLD,PARTINGTON,4811,Kennedy,"",STUART
QLD,ROSENEATH,4811,Dawson,"", 
QLD,ROSENEATH,4811,Kennedy,"", 
QLD,SERENE VALLEY,4811,Dawson,"",NOME
QLD,SERENE VALLEY,4811,Kennedy,"",NOME
QLD,STUART,4811,Dawson,"", 
QLD,STUART,4811,Kennedy,"", 
QLD,WULGURU,4811,Dawson,"", 
QLD,CURRAJONG,4812,Herbert,"", 
QLD,GULLIVER,4812,Herbert,"", 
QLD,HERMIT PARK,4812,Herbert,"", 
QLD,HYDE PARK,4812,Herbert,"", 
QLD,MUNDINGBURRA,4812,Herbert,"", 
QLD,MYSTERTON,4812,Herbert,"", 
QLD,PIMLICO,4812,Herbert,"", 
QLD,ROSSLEA,4812,Herbert,"", 
QLD,AITKENVALE,4814,Herbert,"", 
QLD,ANNANDALE,4814,Dawson,"", 
QLD,CRANBROOK,4814,Herbert,"", 
QLD,DOUGLAS,4814,Herbert,"", 
QLD,GARBUTT,4814,Herbert,"", 
QLD,HEATLEY,4814,Herbert,"", 
QLD,MOUNT LOUISA,4814,Herbert,"", 
QLD,RAAF BASE GARBUTT,4814,Herbert,"",GARBUTT
QLD,VINCENT,4814,Herbert,"", 
QLD,CONDON,4815,Herbert,"", 
QLD,GRANITE VALE,4815,Kennedy,"", 
QLD,GUMLOW,4815,Kennedy,"", 
QLD,KELSO,4815,Herbert,"", 
QLD,PINNACLES,4815,Kennedy,"", 
QLD,RASMUSSEN,4815,Herbert,"", 
QLD,ALLIGATOR CREEK,4816,Dawson,"", 
QLD,ALLIGATOR CREEK,4816,Kennedy,"", 
QLD,BALGAL BEACH,4816,Kennedy,"", 
QLD,BARRINGHA,4816,Kennedy,"", 
QLD,BROOKHILL,4816,Kennedy,"", 
QLD,CALCIUM,4816,Kennedy,"", 
QLD,CARRUCHAN,4816,Kennedy,"", 
QLD,CLEMANT,4816,Kennedy,"", 
QLD,CRYSTAL CREEK,4816,Kennedy,"", 
QLD,CUNGULLA,4816,Dawson,"", 
QLD,ELLERBECK,4816,Kennedy,"", 
QLD,GREENVALE,4816,Kennedy,"", 
QLD,HOMESTEAD,4816,Kennedy,"", 
QLD,JULAGO,4816,Dawson,"", 
QLD,JULAGO,4816,Kennedy,"", 
QLD,KENNEDY,4816,Kennedy,"", 
QLD,KINDURO,4816,Kennedy,"",ROLLINGSTONE
QLD,MAJORS CREEK,4816,Dawson,"", 
QLD,MAJORS CREEK,4816,Kennedy,"", 
QLD,MINGELA,4816,Kennedy,"", 
QLD,MOONGABULLA,4816,Kennedy,"",MUTARNEE
QLD,MOUNT ELLIOT,4816,Dawson,"", 
QLD,MOUNT ELLIOT,4816,Kennedy,"", 
QLD,MUTARNEE,4816,Kennedy,"", 
QLD,NELIA,4816,Kennedy,"", 
QLD,NOME,4816,Dawson,"", 
QLD,NOME,4816,Kennedy,"", 
QLD,OLLERA CREEK,4816,Kennedy,"",MUTARNEE
QLD,ORPHEUS ISLAND,4816,Herbert,"", 
QLD,PALM ISLAND,4816,Herbert,"", 
QLD,PALUMA,4816,Kennedy,"", 
QLD,PENTLAND,4816,Kennedy,"", 
QLD,RAVENSWOOD,4816,Kennedy,"", 
QLD,REID RIVER,4816,Kennedy,"", 
QLD,ROLLINGSTONE,4816,Kennedy,"", 
QLD,SLEEPER LOG CREEK,4816,Herbert,"",BLUEWATER
QLD,SLEEPER LOG CREEK,4816,Kennedy,"",BLUEWATER
QLD,TOOMULLA,4816,Kennedy,"", 
QLD,TOONPAN,4816,Kennedy,"", 
QLD,TORRENS CREEK,4816,Kennedy,"", 
QLD,WOODSTOCK,4816,Kennedy,"", 
QLD,ALICE RIVER,4817,Kennedy,"", 
QLD,BOHLE PLAINS,4817,Herbert,"", 
QLD,BOHLE PLAINS,4817,Kennedy,"", 
QLD,HERVEY RANGE,4817,Herbert,"", 
QLD,HERVEY RANGE,4817,Kennedy,"", 
QLD,KIRWAN,4817,Herbert,"", 
QLD,RANGEWOOD,4817,Herbert,"", 
QLD,RUPERTSWOOD,4817,Kennedy,"",ALICE RIVER
QLD,THURINGOWA CENTRAL,4817,Herbert,"", 
QLD,BEACH HOLM,4818,Herbert,"", 
QLD,BLACK RIVER,4818,Herbert,"", 
QLD,BLACK RIVER BEACH,4818,Herbert,"",BEACH HOLM
QLD,BLUE HILLS,4818,Herbert,"", 
QLD,BLUEWATER,4818,Herbert,"", 
QLD,BLUEWATER,4818,Kennedy,"", 
QLD,BLUEWATER BEACH,4818,Herbert,"",BLUEWATER
QLD,BLUEWATER BEACH,4818,Kennedy,"",BLUEWATER
QLD,BLUEWATER PARK,4818,Herbert,"", 
QLD,BLUEWATER PARK,4818,Kennedy,"", 
QLD,BOHLE,4818,Herbert,"", 
QLD,BOHLEVALE,4818,Herbert,"",DEERAGUN
QLD,BURDELL,4818,Herbert,"", 
QLD,BUSHLAND BEACH,4818,Herbert,"", 
QLD,COBARRA,4818,Herbert,"",YABULU
QLD,CORDELIA ESTATE,4818,Herbert,"",JENSEN
QLD,COSGROVE,4818,Herbert,"", 
QLD,DEERAGUN,4818,Herbert,"", 
QLD,INNES ESTATE,4818,Herbert,"",DEERAGUN
QLD,JENSEN,4818,Herbert,"", 
QLD,LYNAM,4818,Herbert,"", 
QLD,MOUNT LOW,4818,Herbert,"", 
QLD,MOUNT ST JOHN,4818,Herbert,"", 
QLD,PURONO PARK,4818,Herbert,"",YABULU
QLD,SAUNDERS BEACH,4818,Herbert,"", 
QLD,SHAW,4818,Herbert,"", 
QLD,TOOLAKEA,4818,Herbert,"", 
QLD,YABULU,4818,Herbert,"", 
QLD,ARCADIA,4819,Herbert,"", 
QLD,FLORENCE BAY,4819,Herbert,"", 
QLD,HORSESHOE BAY,4819,Herbert,"", 
QLD,NELLY BAY,4819,Herbert,"", 
QLD,PICNIC BAY,4819,Herbert,"", 
QLD,WEST POINT,4819,Herbert,"", 
QLD,ALABAMA HILL,4820,Kennedy,"", 
QLD,BALFES CREEK,4820,Kennedy,"", 
QLD,BASALT,4820,Kennedy,"", 
QLD,BLACK JACK,4820,Kennedy,"", 
QLD,BREDDAN,4820,Kennedy,"", 
QLD,BROUGHTON,4820,Kennedy,"", 
QLD,CAMPASPE,4820,Kennedy,"", 
QLD,CHARTERS TOWERS,4820,Kennedy,"", 
QLD,COLUMBIA,4820,Kennedy,"", 
QLD,DOTSWOOD,4820,Kennedy,"", 
QLD,GRAND SECRET,4820,Kennedy,"", 
QLD,LISSNER,4820,Kennedy,"", 
QLD,LLANARTH,4820,Kennedy,"", 
QLD,MILLCHESTER,4820,Kennedy,"", 
QLD,MOSMAN PARK,4820,Kennedy,"", 
QLD,QUEENTON,4820,Kennedy,"", 
QLD,RICHMOND HILL,4820,Kennedy,"", 
QLD,SEVENTY MILE,4820,Kennedy,"", 
QLD,SOUTHERN CROSS,4820,Kennedy,"", 
QLD,TOLL,4820,Kennedy,"", 
QLD,TOWERS HILL,4820,Kennedy,"", 
QLD,DUTTON RIVER,4821,Kennedy,"", 
QLD,HUGHENDEN,4821,Kennedy,"", 
QLD,PRAIRIE,4821,Kennedy,"", 
QLD,STAMFORD,4821,Kennedy,"", 
QLD,TANGORIN,4821,Kennedy,"", 
QLD,CAMBRIDGE,4822,Kennedy,"", 
QLD,MAXWELTON,4822,Kennedy,"", 
QLD,NONDA,4822,Kennedy,"", 
QLD,RICHMOND,4822,Kennedy,"", 
QLD,JULIA CREEK,4823,Kennedy,"", 
QLD,KYNUNA,4823,Kennedy,"", 
QLD,MCKINLAY,4823,Kennedy,"", 
QLD,STOKES,4823,Kennedy,"", 
QLD,CLONCURRY,4824,Kennedy,"", 
QLD,KAJABBI,4824,Kennedy,"", 
QLD,MALBON,4824,Kennedy,"", 
QLD,OORINDI,4824,Kennedy,"", 
QLD,QUAMBY,4824,Kennedy,"", 
QLD,URANDANGI,4824,Kennedy,"", 
QLD,BARKLY,4825,Kennedy,"", 
QLD,BREAKAWAY,4825,Kennedy,"", 
QLD,DAJARRA,4825,Kennedy,"", 
QLD,DUCHESS,4825,Kennedy,"", 
QLD,GUNPOWDER,4825,Kennedy,"", 
QLD,HAPPY VALLEY,4825,Kennedy,"", 
QLD,HEALY,4825,Kennedy,"", 
QLD,KALKADOON,4825,Kennedy,"", 
QLD,LANSKEY,4825,Kennedy,"", 
QLD,MENZIES,4825,Kennedy,"", 
QLD,MICA CREEK,4825,Kennedy,"", 
QLD,MILES END,4825,Kennedy,"", 
QLD,MORNINGTON,4825,Kennedy,"", 
QLD,MOUNT ISA,4825,Kennedy,"", 
QLD,MOUNT ISA CITY,4825,Kennedy,"", 
QLD,PARKSIDE,4825,Kennedy,"", 
QLD,PIONEER,4825,Kennedy,"", 
QLD,RYAN,4825,Kennedy,"", 
QLD,SOLDIERS HILL,4825,Kennedy,"", 
QLD,SPREADBOROUGH,4825,Kennedy,"", 
QLD,SUNSET,4825,Kennedy,"", 
QLD,THE GAP,4825,Kennedy,"", 
QLD,THE MONUMENT,4825,Kennedy,"", 
QLD,TOWNVIEW,4825,Kennedy,"", 
QLD,WINSTON,4825,Kennedy,"", 
QLD,CAMOOWEAL,4828,Kennedy,"", 
QLD,BEDOURIE,4829,Maranoa,"", 
QLD,BOULIA,4829,Kennedy,"", 
QLD,BENTINCK ISLAND,4830,Kennedy,"", 
QLD,BURKETOWN,4830,Kennedy,"", 
QLD,DOOMADGEE,4830,Kennedy,"", 
QLD,GREGORY,4830,Kennedy,"", 
QLD,CARDWELL,4849,Kennedy,"", 
QLD,RUNGOO,4849,Kennedy,"", 
QLD,ABERGOWRIE,4850,Kennedy,"", 
QLD,ALLINGHAM,4850,Kennedy,"", 
QLD,BAMBAROO,4850,Kennedy,"", 
QLD,BEMERSIDE,4850,Kennedy,"", 
QLD,BLACKROCK,4850,Kennedy,"", 
QLD,BRAEMEADOWS,4850,Kennedy,"", 
QLD,COOLBIE,4850,Kennedy,"", 
QLD,CORDELIA,4850,Kennedy,"", 
QLD,DALRYMPLE CREEK,4850,Kennedy,"", 
QLD,FORESTHOME,4850,Kennedy,"", 
QLD,FORREST BEACH,4850,Kennedy,"", 
QLD,GAIRLOCH,4850,Kennedy,"", 
QLD,HALIFAX,4850,Kennedy,"", 
QLD,HAWKINS CREEK,4850,Kennedy,"", 
QLD,HELENS HILL,4850,Kennedy,"", 
QLD,INGHAM,4850,Kennedy,"", 
QLD,LANNERCOST,4850,Kennedy,"", 
QLD,LONG POCKET,4850,Kennedy,"", 
QLD,LUCINDA,4850,Kennedy,"", 
QLD,MACKNADE,4850,Kennedy,"", 
QLD,MOUNT FOX,4850,Kennedy,"", 
QLD,PEACOCK SIDING,4850,Kennedy,"", 
QLD,PELORUS ISLAND,4850,Herbert,"", 
QLD,STONE RIVER,4850,Kennedy,"",UPPER STONE
QLD,TAYLORS BEACH,4850,Kennedy,"", 
QLD,THE ORIENT,4850,Kennedy,"",BLACKROCK
QLD,TOOBANNA,4850,Kennedy,"", 
QLD,TREBONNE,4850,Kennedy,"", 
QLD,UPPER STONE,4850,Kennedy,"", 
QLD,VALLEY OF LAGOONS,4850,Kennedy,"", 
QLD,VICTORIA PLANTATION,4850,Kennedy,"", 
QLD,WARRENS HILL,4850,Kennedy,"",BLACKROCK
QLD,YURUGA,4850,Kennedy,"", 
QLD,BINGIL BAY,4852,Kennedy,"", 
QLD,CARMOO,4852,Kennedy,"", 
QLD,DUNK,4852,Kennedy,"", 
QLD,GARNERS BEACH,4852,Kennedy,"", 
QLD,MIDGEREE BAR,4852,Kennedy,"", 
QLD,MISSION BEACH,4852,Kennedy,"", 
QLD,SOUTH MISSION BEACH,4852,Kennedy,"", 
QLD,WONGALING BEACH,4852,Kennedy,"", 
QLD,BILYANA,4854,Kennedy,"", 
QLD,BIRKALLA,4854,Kennedy,"", 
QLD,BULGUN,4854,Kennedy,"", 
QLD,DINGO POCKET,4854,Kennedy,"", 
QLD,DJARAWONG,4854,Kennedy,"", 
QLD,EAST FELUGA,4854,Kennedy,"", 
QLD,EURAMO,4854,Kennedy,"", 
QLD,FELUGA,4854,Kennedy,"", 
QLD,HARWOOD CROSSING,4854,Kennedy,"",TULLY
QLD,HULL HEADS,4854,Kennedy,"", 
QLD,JARRA CREEK,4854,Kennedy,"", 
QLD,LOWER TULLY,4854,Kennedy,"", 
QLD,MACKAYS ESTATE,4854,Kennedy,"",TULLY
QLD,MERRYBURN,4854,Kennedy,"", 
QLD,MIDGENOO,4854,Kennedy,"", 
QLD,MURRAY UPPER,4854,Kennedy,"", 
QLD,MURRIGAL,4854,Kennedy,"", 
QLD,SILKY OAK,4854,Kennedy,"", 
QLD,TULLY,4854,Kennedy,"", 
QLD,TULLY HEADS,4854,Kennedy,"", 
QLD,DAVESON,4855,Kennedy,"", 
QLD,EL ARISH,4855,Kennedy,"", 
QLD,FRIDAY POCKET,4855,Kennedy,"", 
QLD,GRANADILLA,4855,Kennedy,"", 
QLD,JAFFA,4855,Kennedy,"", 
QLD,MAADI,4855,Kennedy,"", 
QLD,MARIA CREEKS,4855,Kennedy,"", 
QLD,SHELL POCKET,4855,Kennedy,"", 
QLD,GOOLBOO,4856,Kennedy,"", 
QLD,JAPOONVALE,4856,Kennedy,"", 
QLD,MCCUTCHEON,4856,Kennedy,"", 
QLD,NO 4 BRANCH,4856,Kennedy,"", 
QLD,NO 5 BRANCH,4856,Kennedy,"", 
QLD,SILKWOOD,4856,Kennedy,"", 
QLD,WALTER LEVER ESTATE,4856,Kennedy,"", 
QLD,COMOON LOOP,4858,Kennedy,"", 
QLD,ETTY BAY,4858,Kennedy,"", 
QLD,MARTYVILLE,4858,Kennedy,"", 
QLD,MOURILYAN,4858,Kennedy,"", 
QLD,MOURILYAN HARBOUR,4858,Kennedy,"", 
QLD,NEW HARBOURLINE,4858,Kennedy,"", 
QLD,NO 6 BRANCH,4859,Kennedy,"", 
QLD,SOUTH JOHNSTONE,4859,Kennedy,"", 
QLD,BAMBOO CREEK,4860,Kennedy,"", 
QLD,BELVEDERE,4860,Kennedy,"", 
QLD,COCONUTS,4860,Kennedy,"", 
QLD,COORUMBA,4860,Kennedy,"", 
QLD,COQUETTE POINT,4860,Kennedy,"", 
QLD,CULLINANE,4860,Kennedy,"", 
QLD,DARADGEE,4860,Kennedy,"", 
QLD,EAST INNISFAIL,4860,Kennedy,"", 
QLD,EAST PALMERSTON,4860,Kennedy,"", 
QLD,EATON,4860,Kennedy,"", 
QLD,EUBENANGEE,4860,Kennedy,"", 
QLD,FITZGERALD CREEK,4860,Kennedy,"", 
QLD,FLYING FISH POINT,4860,Kennedy,"", 
QLD,GARRADUNGA,4860,Kennedy,"", 
QLD,GOONDI,4860,Kennedy,"", 
QLD,GOONDI BEND,4860,Kennedy,"", 
QLD,GOONDI HILL,4860,Kennedy,"", 
QLD,HUDSON,4860,Kennedy,"", 
QLD,INNISFAIL,4860,Kennedy,"", 
QLD,INNISFAIL ESTATE,4860,Kennedy,"", 
QLD,JUBILEE HEIGHTS,4860,Kennedy,"", 
QLD,MIGHELL,4860,Kennedy,"", 
QLD,MUNDOO,4860,Kennedy,"", 
QLD,NERADA,4860,Kennedy,"", 
QLD,O'BRIENS HILL,4860,Kennedy,"", 
QLD,PIN GIN HILL,4860,Kennedy,"", 
QLD,SOUTH INNISFAIL,4860,Kennedy,"", 
QLD,STOTERS HILL,4860,Kennedy,"", 
QLD,SUNDOWN,4860,Kennedy,"", 
QLD,UPPER DARADGEE,4860,Kennedy,"", 
QLD,VASA VIEWS,4860,Kennedy,"", 
QLD,WEBB,4860,Kennedy,"", 
QLD,BABINDA,4861,Kennedy,"", 
QLD,BARTLE FRERE,4861,Kennedy,"", 
QLD,EAST RUSSELL,4861,Kennedy,"", 
QLD,GOLDSBOROUGH,4865,Kennedy,"", 
QLD,GORDONVALE,4865,Kennedy,"", 
QLD,GREEN HILL,4865,Kennedy,"", 
QLD,LITTLE MULGRAVE,4865,Kennedy,"", 
QLD,PACKERS CAMP,4865,Kennedy,"", 
QLD,BAYVIEW HEIGHTS,4868,Leichhardt,"", 
QLD,MOUNT SHERIDAN,4868,Kennedy,"", 
QLD,MOUNT SHERIDAN,4868,Leichhardt,"", 
QLD,WHITE ROCK,4868,Leichhardt,"", 
QLD,WOREE,4868,Leichhardt,"", 
QLD,BENTLEY PARK,4869,Kennedy,"", 
QLD,EDMONTON,4869,Kennedy,"", 
QLD,MOUNT PETER,4869,Kennedy,"", 
QLD,WRIGHTS CREEK,4869,Kennedy,"", 
QLD,AEROGLEN,4870,Leichhardt,"", 
QLD,BRINSMEAD,4870,Leichhardt,"", 
QLD,BUNGALOW,4870,Leichhardt,"", 
QLD,CAIRNS CITY,4870,Leichhardt,"", 
QLD,CAIRNS NORTH,4870,Leichhardt,"", 
QLD,EARLVILLE,4870,Leichhardt,"", 
QLD,EDGE HILL,4870,Leichhardt,"", 
QLD,FRESHWATER,4870,Leichhardt,"", 
QLD,KAMERUNGA,4870,Leichhardt,"", 
QLD,KANIMBLA,4870,Leichhardt,"", 
QLD,LAMB RANGE,4870,Kennedy,"", 
QLD,LAMB RANGE,4870,Leichhardt,"", 
QLD,MANOORA,4870,Leichhardt,"", 
QLD,MANUNDA,4870,Leichhardt,"", 
QLD,MOOROOBOOL,4870,Leichhardt,"", 
QLD,PARRAMATTA PARK,4870,Leichhardt,"", 
QLD,PORTSMITH,4870,Kennedy,"", 
QLD,PORTSMITH,4870,Leichhardt,"", 
QLD,REDLYNCH,4870,Leichhardt,"", 
QLD,STRATFORD,4870,Leichhardt,"", 
QLD,WESTCOURT,4870,Leichhardt,"", 
QLD,WHITFIELD,4870,Leichhardt,"", 
QLD,AGATE CREEK,4871,Kennedy,"",GEORGETOWN
QLD,ALMADEN,4871,Kennedy,"", 
QLD,ALOOMBA,4871,Kennedy,"", 
QLD,BAMFORD,4871,Kennedy,"",PETFORD
QLD,BELLENDEN KER,4871,Kennedy,"", 
QLD,BOMBEETA,4871,Kennedy,"", 
QLD,BOOGAN,4871,Kennedy,"", 
QLD,BRAMSTON BEACH,4871,Kennedy,"", 
QLD,BYERSTOWN,4871,Leichhardt,"", 
QLD,CAMP CREEK,4871,Kennedy,"", 
QLD,CHILLAGOE,4871,Kennedy,"", 
QLD,COWLEY,4871,Kennedy,"", 
QLD,COWLEY BEACH,4871,Kennedy,"", 
QLD,COWLEY CREEK,4871,Kennedy,"", 
QLD,CROYDON,4871,Kennedy,"", 
QLD,CURRAJAH,4871,Kennedy,"", 
QLD,DEERAL,4871,Kennedy,"", 
QLD,DESAILLY,4871,Leichhardt,"", 
QLD,EAST TRINITY,4871,Kennedy,"", 
QLD,EINASLEIGH,4871,Kennedy,"", 
QLD,EMUFORD,4871,Kennedy,"",PETFORD
QLD,FISHERY FALLS,4871,Kennedy,"", 
QLD,FITZROY ISLAND,4871,Kennedy,"", 
QLD,FORSAYTH,4871,Kennedy,"", 
QLD,GEORGETOWN,4871,Kennedy,"", 
QLD,GERMANTOWN,4871,Kennedy,"", 
QLD,GILMORE,4871,Kennedy,"",PETFORD
QLD,GLEN BOUGHTON,4871,Kennedy,"", 
QLD,GREEN ISLAND,4871,Leichhardt,"", 
QLD,HURRICANE,4871,Leichhardt,"", 
QLD,JULATTEN,4871,Kennedy,"", 
QLD,KURRIMINE BEACH,4871,Kennedy,"", 
QLD,LAKELAND,4871,Leichhardt,"", 
QLD,LOWER COWLEY,4871,Kennedy,"", 
QLD,MACALISTER RANGE,4871,Leichhardt,"", 
QLD,MENA CREEK,4871,Kennedy,"", 
QLD,MIRRIWINNI,4871,Kennedy,"", 
QLD,MORESBY,4871,Kennedy,"", 
QLD,MORNINGTON ISLAND,4871,Kennedy,"", 
QLD,MOUNT CARBINE,4871,Kennedy,"", 
QLD,MOUNT MOLLOY,4871,Kennedy,"", 
QLD,MOUNT SURPRISE,4871,Kennedy,"", 
QLD,PETFORD,4871,Kennedy,"", 
QLD,PORT STEWART,4871,Leichhardt,"", 
QLD,PORTLAND ROADS,4871,Leichhardt,"",IRON RANGE
QLD,SANDY POCKET,4871,Kennedy,"", 
QLD,SOUTHEDGE,4871,Kennedy,"", 
QLD,STOCKTON,4871,Kennedy,"", 
QLD,UTCHEE CREEK,4871,Kennedy,"", 
QLD,WANGAN,4871,Kennedy,"", 
QLD,WARRUBULLEN,4871,Kennedy,"", 
QLD,WAUGH POCKET,4871,Kennedy,"", 
QLD,WOOPEN CREEK,4871,Kennedy,"", 
QLD,YARRABAH,4871,Kennedy,"", 
QLD,BARRINE,4872,Kennedy,"", 
QLD,BARWIDGI,4872,Kennedy,"", 
QLD,BOAR POCKET,4872,Kennedy,"",YUNGABURRA
QLD,DANBULLA,4872,Kennedy,"", 
QLD,DIMBULAH,4872,Kennedy,"", 
QLD,INNOT HOT SPRINGS,4872,Kennedy,"", 
QLD,KAIRI,4872,Kennedy,"", 
QLD,KOWROWA,4872,Leichhardt,"", 
QLD,MOUNT GARNET,4872,Kennedy,"", 
QLD,MUTCHILBA,4872,Kennedy,"", 
QLD,SILVER VALLEY,4872,Kennedy,"", 
QLD,TINAROO,4872,Kennedy,"", 
QLD,WALKAMIN,4872,Kennedy,"", 
QLD,BAMBOO,4873,Leichhardt,"", 
QLD,BONNIE DOON,4873,Leichhardt,"", 
QLD,CAPE TRIBULATION,4873,Leichhardt,"", 
QLD,CASSOWARY,4873,Leichhardt,"", 
QLD,COOYA BEACH,4873,Leichhardt,"", 
QLD,COW BAY,4873,Leichhardt,"", 
QLD,DAINTREE,4873,Leichhardt,"", 
QLD,DIWAN,4873,Leichhardt,"", 
QLD,FINLAYVALE,4873,Leichhardt,"", 
QLD,FOREST CREEK,4873,Leichhardt,"", 
QLD,KIMBERLEY,4873,Leichhardt,"", 
QLD,LOW ISLES,4873,Leichhardt,"", 
QLD,LOWER DAINTREE,4873,Leichhardt,"", 
QLD,MIALLO,4873,Leichhardt,"", 
QLD,MOSSMAN,4873,Leichhardt,"", 
QLD,MOSSMAN GORGE,4873,Leichhardt,"", 
QLD,NEWELL,4873,Leichhardt,"", 
QLD,NOAH,4873,Leichhardt,"", 
QLD,ROCKY POINT,4873,Leichhardt,"", 
QLD,SHANNONVALE,4873,Leichhardt,"", 
QLD,STEWART CREEK VALLEY,4873,Leichhardt,"", 
QLD,THORNTON BEACH,4873,Leichhardt,"", 
QLD,UPPER DAINTREE,4873,Leichhardt,"", 
QLD,WHYANBEEL,4873,Leichhardt,"", 
QLD,WONGA BEACH,4873,Leichhardt,"", 
QLD,EVANS LANDING,4874,Leichhardt,"", 
QLD,MAPOON,4874,Leichhardt,"", 
QLD,MISSION RIVER,4874,Leichhardt,"", 
QLD,NANUM,4874,Leichhardt,"", 
QLD,NAPRANUM,4874,Leichhardt,"", 
QLD,ROCKY POINT,4874,Leichhardt,"", 
QLD,SHELBURNE,4874,Leichhardt,"", 
QLD,TRUNDING,4874,Leichhardt,"", 
QLD,WEIPA,4874,Leichhardt,"",TRUNDING
QLD,WENLOCK,4874,Leichhardt,"", 
QLD,BADU ISLAND,4875,Leichhardt,"", 
QLD,BOIGU ISLAND,4875,Leichhardt,"", 
QLD,BOOBY ISLAND,4875,Leichhardt,"", 
QLD,COCONUT ISLAND,4875,Leichhardt,"",PORUMA ISLAND
QLD,DARNLEY ISLAND,4875,Leichhardt,"",ERUB ISLAND
QLD,DAUAN ISLAND,4875,Leichhardt,"", 
QLD,ENTRANCE ISLAND,4875,Leichhardt,"", 
QLD,ERUB ISLAND,4875,Leichhardt,"", 
QLD,FRIDAY ISLAND,4875,Leichhardt,"", 
QLD,GOODS ISLAND,4875,Leichhardt,"", 
QLD,HAMMOND ISLAND,4875,Leichhardt,"", 
QLD,HORN ISLAND,4875,Leichhardt,"", 
QLD,IAMA ISLAND,4875,Leichhardt,"", 
QLD,MABUIAG ISLAND,4875,Leichhardt,"", 
QLD,MASIG ISLAND,4875,Leichhardt,"", 
QLD,MER ISLAND,4875,Leichhardt,"", 
QLD,MOA ISLAND,4875,Leichhardt,"", 
QLD,MURRAY ISLAND,4875,Leichhardt,"",MER ISLAND
QLD,NAGHIR ISLAND,4875,Leichhardt,"", 
QLD,PACKE ISLAND,4875,Leichhardt,"", 
QLD,PORT LIHOU ISLAND,4875,Leichhardt,"", 
QLD,PORUMA ISLAND,4875,Leichhardt,"", 
QLD,PRINCE OF WALES ISLAND,4875,Leichhardt,"", 
QLD,RENNEL ISLAND,4875,Leichhardt,"", 
QLD,ROKO ISLAND,4875,Leichhardt,"", 
QLD,SAIBAI ISLAND,4875,Leichhardt,"", 
QLD,SOMERSET,4875,Leichhardt,"", 
QLD,STEPHEN ISLAND,4875,Leichhardt,"",UGAR ISLAND
QLD,THURSDAY ISLAND,4875,Leichhardt,"", 
QLD,UGAR ISLAND,4875,Leichhardt,"", 
QLD,WARRABER ISLAND,4875,Leichhardt,"",WARRABER ISLET
QLD,WARRABER ISLET,4875,Leichhardt,"", 
QLD,YAM ISLAND,4875,Leichhardt,"",IAMA ISLAND
QLD,YORKE ISLAND,4875,Leichhardt,"",MASIG ISLAND
QLD,BAMAGA,4876,Leichhardt,"", 
QLD,INJINOO,4876,Leichhardt,"", 
QLD,NEW MAPOON,4876,Leichhardt,"", 
QLD,PUNSAND,4876,Leichhardt,"", 
QLD,SEISIA,4876,Leichhardt,"", 
QLD,TURTLE HEAD ISLAND,4876,Leichhardt,"", 
QLD,UMAGICO,4876,Leichhardt,"", 
QLD,CRAIGLIE,4877,Leichhardt,"", 
QLD,KILLALOE,4877,Leichhardt,"", 
QLD,MOWBRAY,4877,Leichhardt,"", 
QLD,OAK BEACH,4877,Leichhardt,"", 
QLD,PORT DOUGLAS,4877,Leichhardt,"", 
QLD,WANGETTI,4877,Leichhardt,"", 
QLD,BARRON,4878,Leichhardt,"", 
QLD,CARAVONICA,4878,Leichhardt,"", 
QLD,HOLLOWAYS BEACH,4878,Leichhardt,"", 
QLD,MACHANS BEACH,4878,Leichhardt,"", 
QLD,SMITHFIELD,4878,Leichhardt,"", 
QLD,YORKEYS KNOB,4878,Leichhardt,"", 
QLD,BUCHAN POINT,4879,Leichhardt,"",PALM COVE
QLD,CLIFTON BEACH,4879,Leichhardt,"", 
QLD,DOUBLE ISLAND,4879,Leichhardt,"", 
QLD,ELLIS BEACH,4879,Leichhardt,"", 
QLD,KEWARRA BEACH,4879,Leichhardt,"", 
QLD,PALM COVE,4879,Leichhardt,"", 
QLD,TRINITY BEACH,4879,Leichhardt,"", 
QLD,TRINITY PARK,4879,Leichhardt,"", 
QLD,ARRIGA,4880,Kennedy,"", 
QLD,BIBOOHRA,4880,Kennedy,"", 
QLD,CHEWKO,4880,Kennedy,"", 
QLD,MAREEBA,4880,Kennedy,"", 
QLD,PADDYS GREEN,4880,Kennedy,"", 
QLD,CLOHESY,4881,Kennedy,"",KURANDA
QLD,CLOHESY,4881,Leichhardt,"",KURANDA
QLD,KOAH,4881,Kennedy,"", 
QLD,KOAH,4881,Leichhardt,"", 
QLD,KURANDA,4881,Kennedy,"", 
QLD,KURANDA,4881,Leichhardt,"", 
QLD,MONA MONA,4881,Leichhardt,"", 
QLD,MYOLA,4881,Leichhardt,"", 
QLD,SPEEWAH,4881,Leichhardt,"", 
QLD,MAPEE,4882,Kennedy,"",TOLGA
QLD,MORGAN SETTLEMENT,4882,Kennedy,"",TOLGA
QLD,TANDARA,4882,Kennedy,"",TOLGA
QLD,TOLGA,4882,Kennedy,"", 
QLD,TUTUMOULIN,4882,Kennedy,"",TOLGA
QLD,ATHERTON,4883,Kennedy,"", 
QLD,CARRINGTON,4883,Kennedy,"", 
QLD,EAST BARRON,4883,Kennedy,"", 
QLD,GOLDEN GROVE,4883,Kennedy,"",ATHERTON
QLD,HALLORANS HILL,4883,Kennedy,"",ATHERTON
QLD,KULARA,4883,Kennedy,"",ATHERTON
QLD,UPPER BARRON,4883,Kennedy,"", 
QLD,WONGABEL,4883,Kennedy,"", 
QLD,LAKE BARRINE,4884,Kennedy,"", 
QLD,LAKE EACHAM,4884,Kennedy,"", 
QLD,YUNGABURRA,4884,Kennedy,"", 
QLD,BOONJIE,4885,Kennedy,"",MALANDA
QLD,BUTCHERS CREEK,4885,Kennedy,"", 
QLD,GLEN ALLYN,4885,Kennedy,"", 
QLD,GWYNNE CREEK,4885,Kennedy,"",MALANDA
QLD,JAGGAN,4885,Kennedy,"", 
QLD,KUREEN,4885,Kennedy,"", 
QLD,MALANDA,4885,Kennedy,"", 
QLD,MERRAGALLAN,4885,Kennedy,"",MALANDA
QLD,NORTH JOHNSTONE,4885,Kennedy,"", 
QLD,PEERAMON,4885,Kennedy,"", 
QLD,TARZALI,4885,Kennedy,"", 
QLD,TOPAZ,4885,Kennedy,"", 
QLD,BEACHVIEW,4886,Kennedy,"",MILLAA MILLAA
QLD,BEATRICE,4886,Kennedy,"",MILLAA MILLAA
QLD,ELLINJAA,4886,Kennedy,"", 
QLD,MAALAN,4886,Kennedy,"", 
QLD,MIDDLEBROOK,4886,Kennedy,"", 
QLD,MILLAA MILLAA,4886,Kennedy,"", 
QLD,MINBUN,4886,Kennedy,"", 
QLD,MOREGATTA,4886,Kennedy,"", 
QLD,HERBERTON,4887,Kennedy,"", 
QLD,IRVINEBANK,4887,Kennedy,"", 
QLD,KALUNGA,4887,Kennedy,"", 
QLD,WATSONVILLE,4887,Kennedy,"", 
QLD,WONDECLA,4887,Kennedy,"", 
QLD,EVELYN,4888,Kennedy,"", 
QLD,KABAN,4888,Kennedy,"", 
QLD,MILLSTREAM,4888,Kennedy,"", 
QLD,RAVENSHOE,4888,Kennedy,"", 
QLD,TUMOULIN,4888,Kennedy,"", 
QLD,NORMANTON,4890,Kennedy,"", 
QLD,KARUMBA,4891,Kennedy,"", 
QLD,SWEERS ISLAND,4891,Kennedy,"", 
QLD,ARCHER RIVER,4892,Leichhardt,"", 
QLD,AURUKUN,4892,Leichhardt,"", 
QLD,COEN,4892,Leichhardt,"", 
QLD,DIXIE,4892,Leichhardt,"", 
QLD,EDWARD RIVER,4892,Leichhardt,"", 
QLD,GUNUNA,4892,Kennedy,"",MORNINGTON ISLAND
QLD,HOLROYD RIVER,4892,Leichhardt,"", 
QLD,IRON RANGE,4892,Leichhardt,"", 
QLD,KOWANYAMA,4892,Leichhardt,"", 
QLD,LAKEFIELD,4892,Leichhardt,"", 
QLD,LAURA,4892,Leichhardt,"", 
QLD,LIZARD,4892,Leichhardt,"", 
QLD,LOCKHART RIVER,4892,Leichhardt,"", 
QLD,MOUNT MULGRAVE,4892,Leichhardt,"", 
QLD,PALMER,4892,Leichhardt,"", 
QLD,PORMPURAAW,4892,Leichhardt,"", 
QLD,YAGOONYA,4892,Leichhardt,"", 
QLD,YARRADEN,4892,Leichhardt,"", 
QLD,AYTON,4895,Leichhardt,"", 
QLD,BLOOMFIELD,4895,Leichhardt,"", 
QLD,COOKTOWN,4895,Leichhardt,"", 
QLD,DEGARRA,4895,Leichhardt,"", 
QLD,HOPE VALE,4895,Leichhardt,"", 
QLD,MARTON,4895,Leichhardt,"", 
QLD,ROSSVILLE,4895,Leichhardt,"", 
QLD,STARCKE,4895,Leichhardt,"", 
QLD,WUJAL WUJAL,4895,Leichhardt,"", 
SA ,ADELAIDE,5000,Adelaide,"", 
SA ,NORTH ADELAIDE,5006,Adelaide,"", 
SA ,BOWDEN,5007,Adelaide,"", 
SA ,BROMPTON,5007,Adelaide,"", 
SA ,HINDMARSH,5007,Adelaide,"", 
SA ,WELLAND,5007,Adelaide,"", 
SA ,WEST HINDMARSH,5007,Adelaide,"", 
SA ,CROYDON,5008,Adelaide,"", 
SA ,CROYDON PARK,5008,Adelaide,"", 
SA ,DEVON PARK,5008,Adelaide,"", 
SA ,DUDLEY PARK,5008,Adelaide,"", 
SA ,RENOWN PARK,5008,Adelaide,"", 
SA ,RIDLEYTON,5008,Adelaide,"", 
SA ,WEST CROYDON,5008,Adelaide,"", 
SA ,ALLENBY GARDENS,5009,Adelaide,"", 
SA ,BEVERLEY,5009,Hindmarsh,"", 
SA ,KILKENNY,5009,Adelaide,"", 
SA ,ANGLE PARK,5010,Adelaide,"", 
SA ,FERRYDEN PARK,5010,Adelaide,"", 
SA ,REGENCY PARK,5010,Adelaide,"", 
SA ,ST CLAIR,5011,Hindmarsh,"", 
SA ,WOODVILLE,5011,Hindmarsh,"", 
SA ,WOODVILLE PARK,5011,Hindmarsh,"", 
SA ,WOODVILLE SOUTH,5011,Hindmarsh,"", 
SA ,WOODVILLE WEST,5011,Hindmarsh,"", 
SA ,ATHOL PARK,5012,Hindmarsh,"", 
SA ,MANSFIELD PARK,5012,Adelaide,"", 
SA ,WOODVILLE GARDENS,5012,Adelaide,"", 
SA ,WOODVILLE NORTH,5012,Hindmarsh,"", 
SA ,GILLMAN,5013,Hindmarsh,"", 
SA ,OTTOWAY,5013,Hindmarsh,"", 
SA ,PENNINGTON,5013,Hindmarsh,"", 
SA ,ROSEWATER,5013,Hindmarsh,"", 
SA ,WINGFIELD,5013,Hindmarsh,"", 
SA ,WINGFIELD,5013,Makin,"", 
SA ,ALBERT PARK,5014,Hindmarsh,"", 
SA ,ALBERTON,5014,Hindmarsh,"", 
SA ,CHELTENHAM,5014,Hindmarsh,"", 
SA ,HENDON,5014,Hindmarsh,"", 
SA ,QUEENSTOWN,5014,Hindmarsh,"", 
SA ,ROYAL PARK,5014,Hindmarsh,"", 
SA ,BIRKENHEAD,5015,Hindmarsh,"", 
SA ,ETHELTON,5015,Hindmarsh,"", 
SA ,GARDEN ISLAND,5015,Hindmarsh,"", 
SA ,GLANVILLE,5015,Hindmarsh,"", 
SA ,NEW PORT,5015,Hindmarsh,"", 
SA ,PORT ADELAIDE,5015,Hindmarsh,"", 
SA ,TORRENS ISLAND,5015,Hindmarsh,"", 
SA ,LARGS BAY,5016,Hindmarsh,"", 
SA ,LARGS NORTH,5016,Hindmarsh,"", 
SA ,PETERHEAD,5016,Hindmarsh,"", 
SA ,OSBORNE,5017,Hindmarsh,"", 
SA ,TAPEROO,5017,Hindmarsh,"", 
SA ,NORTH HAVEN,5018,Hindmarsh,"", 
SA ,OUTER HARBOR,5018,Hindmarsh,"", 
SA ,EXETER,5019,Hindmarsh,"", 
SA ,SEMAPHORE,5019,Hindmarsh,"", 
SA ,SEMAPHORE PARK,5019,Hindmarsh,"", 
SA ,SEMAPHORE SOUTH,5019,Hindmarsh,"", 
SA ,WEST LAKES SHORE,5020,Hindmarsh,"", 
SA ,WEST LAKES,5021,Hindmarsh,"", 
SA ,GRANGE,5022,Hindmarsh,"", 
SA ,HENLEY BEACH,5022,Hindmarsh,"", 
SA ,HENLEY BEACH SOUTH,5022,Hindmarsh,"", 
SA ,TENNYSON,5022,Hindmarsh,"", 
SA ,FINDON,5023,Hindmarsh,"", 
SA ,SEATON,5023,Hindmarsh,"", 
SA ,FULHAM,5024,Hindmarsh,"", 
SA ,FULHAM GARDENS,5024,Hindmarsh,"", 
SA ,WEST BEACH,5024,Hindmarsh,"", 
SA ,FLINDERS PARK,5025,Adelaide,"", 
SA ,FLINDERS PARK,5025,Hindmarsh,"", 
SA ,KIDMAN PARK,5025,Hindmarsh,"", 
SA ,MILE END,5031,Adelaide,"", 
SA ,MILE END SOUTH,5031,Adelaide,"", 
SA ,THEBARTON,5031,Adelaide,"", 
SA ,TORRENSVILLE,5031,Adelaide,"", 
SA ,BROOKLYN PARK,5032,Hindmarsh,"", 
SA ,LOCKLEYS,5032,Hindmarsh,"", 
SA ,UNDERDALE,5032,Adelaide,"", 
SA ,UNDERDALE,5032,Hindmarsh,"", 
SA ,COWANDILLA,5033,Adelaide,"", 
SA ,HILTON,5033,Adelaide,"", 
SA ,MARLESTON,5033,Adelaide,"", 
SA ,RICHMOND,5033,Adelaide,"", 
SA ,WEST RICHMOND,5033,Hindmarsh,"", 
SA ,CLARENCE PARK,5034,Boothby,"", 
SA ,GOODWOOD,5034,Adelaide,"", 
SA ,KINGS PARK,5034,Boothby,"", 
SA ,MILLSWOOD,5034,Adelaide,"", 
SA ,MILLSWOOD,5034,Boothby,"", 
SA ,WAYVILLE,5034,Adelaide,"", 
SA ,ASHFORD,5035,Adelaide,"", 
SA ,BLACK FOREST,5035,Boothby,"", 
SA ,EVERARD PARK,5035,Adelaide,"", 
SA ,FORESTVILLE,5035,Adelaide,"", 
SA ,FORESTVILLE,5035,Boothby,"", 
SA ,KESWICK,5035,Adelaide,"", 
SA ,GLANDORE,5037,Adelaide,"", 
SA ,GLANDORE,5037,Boothby,"", 
SA ,KURRALTA PARK,5037,Adelaide,"", 
SA ,NETLEY,5037,Hindmarsh,"", 
SA ,NORTH PLYMPTON,5037,Adelaide,"", 
SA ,NORTH PLYMPTON,5037,Hindmarsh,"", 
SA ,CAMDEN PARK,5038,Hindmarsh,"", 
SA ,PLYMPTON,5038,Adelaide,"", 
SA ,PLYMPTON,5038,Hindmarsh,"", 
SA ,PLYMPTON PARK,5038,Boothby,"", 
SA ,SOUTH PLYMPTON,5038,Boothby,"", 
SA ,CLARENCE GARDENS,5039,Boothby,"", 
SA ,EDWARDSTOWN,5039,Boothby,"", 
SA ,MELROSE PARK,5039,Boothby,"", 
SA ,NOVAR GARDENS,5040,Hindmarsh,"", 
SA ,COLONEL LIGHT GARDENS,5041,Boothby,"", 
SA ,CUMBERLAND PARK,5041,Boothby,"", 
SA ,DAW PARK,5041,Boothby,"", 
SA ,PANORAMA,5041,Boothby,"", 
SA ,WESTBOURNE PARK,5041,Boothby,"", 
SA ,BEDFORD PARK,5042,Boothby,"", 
SA ,CLOVELLY PARK,5042,Boothby,"", 
SA ,PASADENA,5042,Boothby,"", 
SA ,ST MARYS,5042,Boothby,"", 
SA ,TONSLEY,5042,Boothby,"", 
SA ,ASCOT PARK,5043,Boothby,"", 
SA ,MARION,5043,Boothby,"", 
SA ,MITCHELL PARK,5043,Boothby,"", 
SA ,MORPHETTVILLE,5043,Boothby,"", 
SA ,PARK HOLME,5043,Boothby,"", 
SA ,GLENGOWRIE,5044,Boothby,"", 
SA ,SOMERTON PARK,5044,Boothby,"", 
SA ,GLENELG,5045,Boothby,"", 
SA ,GLENELG EAST,5045,Boothby,"", 
SA ,GLENELG NORTH,5045,Boothby,"", 
SA ,GLENELG NORTH,5045,Hindmarsh,"", 
SA ,GLENELG SOUTH,5045,Boothby,"", 
SA ,OAKLANDS PARK,5046,Boothby,"", 
SA ,WARRADALE,5046,Boothby,"", 
SA ,DARLINGTON,5047,Boothby,"", 
SA ,DARLINGTON,5047,Kingston,"", 
SA ,SEACOMBE GARDENS,5047,Boothby,"", 
SA ,SEACOMBE HEIGHTS,5047,Boothby,"", 
SA ,STURT,5047,Boothby,"", 
SA ,BRIGHTON,5048,Boothby,"", 
SA ,DOVER GARDENS,5048,Boothby,"", 
SA ,HOVE,5048,Boothby,"", 
SA ,NORTH BRIGHTON,5048,Boothby,"", 
SA ,SOUTH BRIGHTON,5048,Boothby,"", 
SA ,KINGSTON PARK,5049,Boothby,"", 
SA ,MARINO,5049,Boothby,"", 
SA ,SEACLIFF,5049,Boothby,"", 
SA ,SEACLIFF PARK,5049,Boothby,"", 
SA ,SEAVIEW DOWNS,5049,Boothby,"", 
SA ,BELLEVUE HEIGHTS,5050,Boothby,"", 
SA ,EDEN HILLS,5050,Boothby,"", 
SA ,BLACKWOOD,5051,Boothby,"", 
SA ,COROMANDEL VALLEY,5051,Mayo,"", 
SA ,CRAIGBURN FARM,5051,Mayo,"", 
SA ,HAWTHORNDENE,5051,Mayo,"", 
SA ,BELAIR,5052,Boothby,"", 
SA ,BELAIR,5052,Mayo,"", 
SA ,GLENALTA,5052,Boothby,"", 
SA ,HYDE PARK,5061,Adelaide,"", 
SA ,MALVERN,5061,Adelaide,"", 
SA ,UNLEY,5061,Adelaide,"", 
SA ,UNLEY PARK,5061,Adelaide,"", 
SA ,BROWN HILL CREEK,5062,Boothby,"", 
SA ,CLAPHAM,5062,Boothby,"", 
SA ,HAWTHORN,5062,Boothby,"", 
SA ,KINGSWOOD,5062,Boothby,"", 
SA ,LOWER MITCHAM,5062,Boothby,"", 
SA ,LYNTON,5062,Boothby,"", 
SA ,MITCHAM,5062,Boothby,"", 
SA ,NETHERBY,5062,Boothby,"", 
SA ,SPRINGFIELD,5062,Boothby,"", 
SA ,TORRENS PARK,5062,Boothby,"", 
SA ,EASTWOOD,5063,Adelaide,"", 
SA ,FREWVILLE,5063,Sturt,"", 
SA ,FULLARTON,5063,Adelaide,"", 
SA ,FULLARTON,5063,Sturt,"", 
SA ,HIGHGATE,5063,Adelaide,"", 
SA ,PARKSIDE,5063,Adelaide,"", 
SA ,GLEN OSMOND,5064,Sturt,"", 
SA ,GLENUNGA,5064,Sturt,"", 
SA ,MOUNT OSMOND,5064,Sturt,"", 
SA ,MYRTLE BANK,5064,Sturt,"", 
SA ,ST GEORGES,5064,Sturt,"", 
SA ,URRBRAE,5064,Boothby,"", 
SA ,DULWICH,5065,Sturt,"", 
SA ,GLENSIDE,5065,Sturt,"", 
SA ,LINDEN PARK,5065,Sturt,"", 
SA ,TOORAK GARDENS,5065,Sturt,"", 
SA ,TUSMORE,5065,Sturt,"", 
SA ,BEAUMONT,5066,Sturt,"", 
SA ,BURNSIDE,5066,Sturt,"", 
SA ,ERINDALE,5066,Sturt,"", 
SA ,HAZELWOOD PARK,5066,Sturt,"", 
SA ,STONYFELL,5066,Sturt,"", 
SA ,WATERFALL GULLY,5066,Sturt,"", 
SA ,WATTLE PARK,5066,Sturt,"", 
SA ,BEULAH PARK,5067,Sturt,"", 
SA ,KENT TOWN,5067,Sturt,"", 
SA ,NORWOOD,5067,Sturt,"", 
SA ,ROSE PARK,5067,Sturt,"", 
SA ,HEATHPOOL,5068,Sturt,"", 
SA ,KENSINGTON,5068,Sturt,"", 
SA ,KENSINGTON GARDENS,5068,Sturt,"", 
SA ,KENSINGTON PARK,5068,Sturt,"", 
SA ,LEABROOK,5068,Sturt,"", 
SA ,MARRYATVILLE,5068,Sturt,"", 
SA ,ST MORRIS,5068,Sturt,"", 
SA ,TRINITY GARDENS,5068,Sturt,"", 
SA ,COLLEGE PARK,5069,Sturt,"", 
SA ,EVANDALE,5069,Sturt,"", 
SA ,HACKNEY,5069,Sturt,"", 
SA ,MAYLANDS,5069,Sturt,"", 
SA ,ST PETERS,5069,Sturt,"", 
SA ,STEPNEY,5069,Sturt,"", 
SA ,FELIXSTOW,5070,Sturt,"", 
SA ,FIRLE,5070,Sturt,"", 
SA ,GLYNDE,5070,Sturt,"", 
SA ,JOSLIN,5070,Sturt,"", 
SA ,MARDEN,5070,Sturt,"", 
SA ,PAYNEHAM,5070,Sturt,"", 
SA ,PAYNEHAM SOUTH,5070,Sturt,"", 
SA ,ROYSTON PARK,5070,Sturt,"", 
SA ,AULDANA,5072,Sturt,"", 
SA ,MAGILL,5072,Sturt,"", 
SA ,ROSSLYN PARK,5072,Sturt,"", 
SA ,SKYE,5072,Sturt,"", 
SA ,TERINGIE,5072,Mayo,"", 
SA ,TERINGIE,5072,Sturt,"", 
SA ,WOODFORDE,5072,Sturt,"", 
SA ,HECTORVILLE,5073,Sturt,"", 
SA ,ROSTREVOR,5073,Sturt,"", 
SA ,TRANMERE,5073,Sturt,"", 
SA ,CAMPBELLTOWN,5074,Sturt,"", 
SA ,NEWTON,5074,Sturt,"", 
SA ,DERNANCOURT,5075,Sturt,"", 
SA ,PARADISE,5075,Sturt,"", 
SA ,ATHELSTONE,5076,Sturt,"", 
SA ,CASTAMBUL,5076,Mayo,"", 
SA ,COLLINSWOOD,5081,Adelaide,"", 
SA ,GILBERTON,5081,Adelaide,"", 
SA ,MEDINDIE,5081,Adelaide,"", 
SA ,MEDINDIE GARDENS,5081,Adelaide,"", 
SA ,VALE PARK,5081,Adelaide,"", 
SA ,WALKERVILLE,5081,Adelaide,"", 
SA ,FITZROY,5082,Adelaide,"", 
SA ,OVINGHAM,5082,Adelaide,"", 
SA ,PROSPECT,5082,Adelaide,"", 
SA ,THORNGATE,5082,Adelaide,"", 
SA ,BROADVIEW,5083,Adelaide,"", 
SA ,NAILSWORTH,5083,Adelaide,"", 
SA ,SEFTON PARK,5083,Adelaide,"", 
SA ,BLAIR ATHOL,5084,Adelaide,"", 
SA ,KILBURN,5084,Adelaide,"", 
SA ,CLEARVIEW,5085,Adelaide,"", 
SA ,ENFIELD,5085,Adelaide,"", 
SA ,LIGHTSVIEW,5085,Adelaide,"", 
SA ,NORTHFIELD,5085,Adelaide,"", 
SA ,NORTHFIELD,5085,Makin,"", 
SA ,NORTHGATE,5085,Adelaide,"", 
SA ,GILLES PLAINS,5086,Sturt,"", 
SA ,GREENACRES,5086,Adelaide,"", 
SA ,HAMPSTEAD GARDENS,5086,Adelaide,"", 
SA ,HILLCREST,5086,Sturt,"", 
SA ,MANNINGHAM,5086,Adelaide,"", 
SA ,OAKDEN,5086,Sturt,"", 
SA ,KLEMZIG,5087,Sturt,"", 
SA ,WINDSOR GARDENS,5087,Sturt,"", 
SA ,HOLDEN HILL,5088,Sturt,"", 
SA ,HIGHBURY,5089,Sturt,"", 
SA ,HOPE VALLEY,5090,Makin,"", 
SA ,HOPE VALLEY,5090,Sturt,"", 
SA ,BANKSIA PARK,5091,Makin,"", 
SA ,TEA TREE GULLY,5091,Makin,"", 
SA ,VISTA,5091,Makin,"", 
SA ,MODBURY,5092,Makin,"", 
SA ,MODBURY HEIGHTS,5092,Makin,"", 
SA ,MODBURY NORTH,5092,Makin,"", 
SA ,PARA VISTA,5093,Makin,"", 
SA ,VALLEY VIEW,5093,Makin,"", 
SA ,CAVAN,5094,Makin,"", 
SA ,DRY CREEK,5094,Makin,"", 
SA ,GEPPS CROSS,5094,Makin,"", 
SA ,MAWSON LAKES,5095,Makin,"", 
SA ,POORAKA,5095,Makin,"", 
SA ,GULFVIEW HEIGHTS,5096,Makin,"", 
SA ,PARA HILLS,5096,Makin,"", 
SA ,PARA HILLS WEST,5096,Makin,"", 
SA ,REDWOOD PARK,5097,Makin,"", 
SA ,RIDGEHAVEN,5097,Makin,"", 
SA ,ST AGNES,5097,Makin,"", 
SA ,INGLE FARM,5098,Makin,"", 
SA ,WALKLEY HEIGHTS,5098,Makin,"", 
SA ,PARAFIELD,5106,Makin,"", 
SA ,SALISBURY SOUTH,5106,Spence,"", 
SA ,GREEN FIELDS,5107,Makin,"", 
SA ,PARAFIELD GARDENS,5107,Makin,"", 
SA ,PARALOWIE,5108,Spence,"", 
SA ,SALISBURY,5108,Spence,"", 
SA ,SALISBURY DOWNS,5108,Spence,"", 
SA ,SALISBURY NORTH,5108,Spence,"", 
SA ,BRAHMA LODGE,5109,Spence,"", 
SA ,SALISBURY EAST,5109,Makin,"", 
SA ,SALISBURY HEIGHTS,5109,Makin,"", 
SA ,SALISBURY PARK,5109,Spence,"", 
SA ,SALISBURY PLAIN,5109,Spence,"", 
SA ,BOLIVAR,5110,Spence,"", 
SA ,BURTON,5110,Spence,"", 
SA ,DIREK,5110,Spence,"", 
SA ,GLOBE DERBY PARK,5110,Makin,"", 
SA ,ST KILDA,5110,Spence,"", 
SA ,WATERLOO CORNER,5110,Spence,"", 
SA ,EDINBURGH,5111,Spence,"", 
SA ,ELIZABETH,5112,Spence,"", 
SA ,ELIZABETH EAST,5112,Spence,"", 
SA ,ELIZABETH GROVE,5112,Spence,"", 
SA ,ELIZABETH SOUTH,5112,Spence,"", 
SA ,ELIZABETH VALE,5112,Spence,"", 
SA ,HILLBANK,5112,Spence,"", 
SA ,DAVOREN PARK,5113,Spence,"", 
SA ,EDINBURGH NORTH,5113,Spence,"", 
SA ,ELIZABETH DOWNS,5113,Spence,"", 
SA ,ELIZABETH NORTH,5113,Spence,"", 
SA ,ELIZABETH PARK,5113,Spence,"", 
SA ,ANDREWS FARM,5114,Spence,"", 
SA ,BLAKEVIEW,5114,Spence,"", 
SA ,CRAIGMORE,5114,Spence,"", 
SA ,GOULD CREEK,5114,Makin,"", 
SA ,GOULD CREEK,5114,Spence,"", 
SA ,HUMBUG SCRUB,5114,Mayo,"", 
SA ,HUMBUG SCRUB,5114,Spence,"", 
SA ,ONE TREE HILL,5114,Spence,"", 
SA ,SAMPSON FLAT,5114,Spence,"", 
SA ,SMITHFIELD,5114,Spence,"", 
SA ,SMITHFIELD PLAINS,5114,Spence,"", 
SA ,ULEYBURY,5114,Spence,"", 
SA ,YATTALUNGA,5114,Spence,"", 
SA ,KUDLA,5115,Spence,"", 
SA ,MUNNO PARA,5115,Spence,"", 
SA ,MUNNO PARA DOWNS,5115,Spence,"", 
SA ,MUNNO PARA WEST,5115,Spence,"", 
SA ,EVANSTON,5116,Spence,"", 
SA ,EVANSTON GARDENS,5116,Spence,"", 
SA ,EVANSTON PARK,5116,Spence,"", 
SA ,EVANSTON SOUTH,5116,Spence,"", 
SA ,HILLIER,5116,Spence,"", 
SA ,ANGLE VALE,5117,Spence,"", 
SA ,BIBARINGA,5118,Spence,"", 
SA ,BUCHFELDE,5118,Spence,"", 
SA ,CONCORDIA,5118,Spence,"", 
SA ,GAWLER,5118,Spence,"", 
SA ,GAWLER BELT,5118,Spence,"", 
SA ,GAWLER EAST,5118,Spence,"", 
SA ,GAWLER RIVER,5118,Grey,"", 
SA ,GAWLER SOUTH,5118,Spence,"", 
SA ,GAWLER WEST,5118,Spence,"", 
SA ,HEWETT,5118,Spence,"", 
SA ,KALBEEBA,5118,Spence,"", 
SA ,KANGAROO FLAT,5118,Grey,"", 
SA ,KINGSFORD,5118,Barker,"", 
SA ,REID,5118,Spence,"", 
SA ,WARD BELT,5118,Grey,"", 
SA ,WARD BELT,5118,Spence,"", 
SA ,WILLASTON,5118,Spence,"", 
SA ,BUCKLAND PARK,5120,Spence,"", 
SA ,VIRGINIA,5120,Spence,"", 
SA ,EYRE,5121,Spence,"", 
SA ,MACDONALD PARK,5121,Spence,"", 
SA ,PENFIELD,5121,Spence,"", 
SA ,PENFIELD GARDENS,5121,Spence,"", 
SA ,GOLDEN GROVE,5125,Makin,"", 
SA ,GREENWITH,5125,Makin,"", 
SA ,FAIRVIEW PARK,5126,Makin,"", 
SA ,SURREY DOWNS,5126,Makin,"", 
SA ,YATALA VALE,5126,Makin,"", 
SA ,WYNN VALE,5127,Makin,"", 
SA ,HOUGHTON,5131,Makin,"", 
SA ,HOUGHTON,5131,Mayo,"", 
SA ,LOWER HERMITAGE,5131,Mayo,"", 
SA ,UPPER HERMITAGE,5131,Makin,"", 
SA ,UPPER HERMITAGE,5131,Mayo,"", 
SA ,PARACOMBE,5132,Mayo,"", 
SA ,PARACOMBE,5132,Sturt,"", 
SA ,INGLEWOOD,5133,Mayo,"", 
SA ,CHERRYVILLE,5134,Mayo,"", 
SA ,MONTACUTE,5134,Mayo,"", 
SA ,NORTON SUMMIT,5136,Mayo,"", 
SA ,ASHTON,5137,Mayo,"", 
SA ,MARBLE HILL,5137,Mayo,"", 
SA ,BASKET RANGE,5138,Mayo,"", 
SA ,FOREST RANGE,5139,Mayo,"", 
SA ,GREENHILL,5140,Mayo,"", 
SA ,HORSNELL GULLY,5141,Mayo,"", 
SA ,SUMMERTOWN,5141,Mayo,"", 
SA ,URAIDLA,5142,Mayo,"", 
SA ,CAREY GULLY,5144,Mayo,"", 
SA ,LEAWOOD GARDENS,5150,Boothby,"", 
SA ,LEAWOOD GARDENS,5150,Sturt,"", 
SA ,PICCADILLY,5151,Mayo,"", 
SA ,CLELAND,5152,Mayo,"", 
SA ,CRAFERS,5152,Mayo,"", 
SA ,CRAFERS WEST,5152,Boothby,"", 
SA ,CRAFERS WEST,5152,Mayo,"", 
SA ,STIRLING,5152,Mayo,"", 
SA ,BIGGS FLAT,5153,Mayo,"", 
SA ,BRADBURY,5153,Mayo,"", 
SA ,CHAPEL HILL,5153,Mayo,"", 
SA ,ECHUNGA,5153,Mayo,"", 
SA ,FLAXLEY,5153,Mayo,"", 
SA ,GREEN HILLS RANGE,5153,Mayo,"", 
SA ,HEATHFIELD,5153,Mayo,"", 
SA ,IRONBANK,5153,Mayo,"", 
SA ,JUPITER CREEK,5153,Mayo,"", 
SA ,LONGWOOD,5153,Mayo,"", 
SA ,MACCLESFIELD,5153,Mayo,"", 
SA ,MYLOR,5153,Mayo,"", 
SA ,SCOTT CREEK,5153,Mayo,"", 
SA ,ALDGATE,5154,Mayo,"", 
SA ,BRIDGEWATER,5155,Mayo,"", 
SA ,MOUNT GEORGE,5155,Mayo,"", 
SA ,UPPER STURT,5156,Mayo,"", 
SA ,ASHBOURNE,5157,Mayo,"", 
SA ,BULL CREEK,5157,Mayo,"", 
SA ,CHERRY GARDENS,5157,Mayo,"", 
SA ,CLARENDON,5157,Mayo,"", 
SA ,COROMANDEL EAST,5157,Mayo,"", 
SA ,DORSET VALE,5157,Mayo,"", 
SA ,KANGARILLA,5157,Mayo,"", 
SA ,MCHARG CREEK,5157,Mayo,"", 
SA ,HALLETT COVE,5158,Kingston,"", 
SA ,O'HALLORAN HILL,5158,Boothby,"", 
SA ,O'HALLORAN HILL,5158,Kingston,"", 
SA ,SHEIDOW PARK,5158,Kingston,"", 
SA ,TROTT PARK,5158,Kingston,"", 
SA ,ABERFOYLE PARK,5159,Kingston,"", 
SA ,CHANDLERS HILL,5159,Kingston,"", 
SA ,CHANDLERS HILL,5159,Mayo,"", 
SA ,FLAGSTAFF HILL,5159,Kingston,"", 
SA ,HAPPY VALLEY,5159,Kingston,"", 
SA ,LONSDALE,5160,Kingston,"", 
SA ,OLD REYNELLA,5161,Kingston,"", 
SA ,REYNELLA,5161,Kingston,"", 
SA ,REYNELLA EAST,5161,Kingston,"", 
SA ,MORPHETT VALE,5162,Kingston,"", 
SA ,WOODCROFT,5162,Kingston,"", 
SA ,HACKHAM,5163,Kingston,"", 
SA ,HACKHAM WEST,5163,Kingston,"", 
SA ,HUNTFIELD HEIGHTS,5163,Kingston,"", 
SA ,ONKAPARINGA HILLS,5163,Kingston,"", 
SA ,CHRISTIE DOWNS,5164,Kingston,"", 
SA ,CHRISTIES BEACH,5165,Kingston,"", 
SA ,O'SULLIVAN BEACH,5166,Kingston,"", 
SA ,PORT NOARLUNGA,5167,Kingston,"", 
SA ,PORT NOARLUNGA SOUTH,5167,Kingston,"", 
SA ,NOARLUNGA CENTRE,5168,Kingston,"", 
SA ,NOARLUNGA DOWNS,5168,Kingston,"", 
SA ,OLD NOARLUNGA,5168,Kingston,"", 
SA ,OLD NOARLUNGA,5168,Mayo,"", 
SA ,MOANA,5169,Kingston,"", 
SA ,SEAFORD,5169,Kingston,"", 
SA ,SEAFORD HEIGHTS,5169,Kingston,"", 
SA ,SEAFORD MEADOWS,5169,Kingston,"", 
SA ,SEAFORD RISE,5169,Kingston,"", 
SA ,MASLIN BEACH,5170,Kingston,"", 
SA ,BLEWITT SPRINGS,5171,Mayo,"", 
SA ,MCLAREN FLAT,5171,Mayo,"", 
SA ,MCLAREN VALE,5171,Mayo,"", 
SA ,TATACHILLA,5171,Mayo,"", 
SA ,DINGABLEDINGA,5172,Mayo,"", 
SA ,HOPE FOREST,5172,Mayo,"", 
SA ,KUITPO COLONY,5172,Mayo,"", 
SA ,KYEEMA,5172,Mayo,"", 
SA ,MONTARRA,5172,Mayo,"", 
SA ,PAGES FLAT,5172,Mayo,"", 
SA ,THE RANGE,5172,Mayo,"", 
SA ,WHITES VALLEY,5172,Mayo,"", 
SA ,WILLUNGA,5172,Mayo,"", 
SA ,WILLUNGA HILL,5172,Mayo,"", 
SA ,WILLUNGA SOUTH,5172,Mayo,"", 
SA ,YUNDI,5172,Mayo,"", 
SA ,ALDINGA,5173,Mayo,"", 
SA ,ALDINGA BEACH,5173,Mayo,"", 
SA ,PORT WILLUNGA,5173,Mayo,"", 
SA ,SELLICKS BEACH,5174,Mayo,"", 
SA ,SELLICKS HILL,5174,Mayo,"", 
SA ,BLACKFELLOWS CREEK,5201,Mayo,"", 
SA ,KUITPO,5201,Mayo,"", 
SA ,MEADOWS,5201,Mayo,"", 
SA ,PARIS CREEK,5201,Mayo,"", 
SA ,PROSPECT HILL,5201,Mayo,"", 
SA ,HINDMARSH TIERS,5202,Mayo,"", 
SA ,MYPONGA,5202,Mayo,"", 
SA ,MYPONGA BEACH,5202,Mayo,"", 
SA ,BALD HILLS,5203,Mayo,"", 
SA ,PARAWA,5203,Mayo,"", 
SA ,TORRENS VALE,5203,Mayo,"", 
SA ,TUNKALILLA,5203,Mayo,"", 
SA ,WATTLE FLAT,5203,Mayo,"", 
SA ,YANKALILLA,5203,Mayo,"", 
SA ,CAPE JERVIS,5204,Mayo,"", 
SA ,CARRICKALINGA,5204,Mayo,"", 
SA ,DEEP CREEK,5204,Mayo,"", 
SA ,DELAMERE,5204,Mayo,"", 
SA ,HAY FLAT,5204,Mayo,"", 
SA ,NORMANVILLE,5204,Mayo,"", 
SA ,RAPID BAY,5204,Mayo,"", 
SA ,SECOND VALLEY,5204,Mayo,"", 
SA ,SILVERTON,5204,Mayo,"", 
SA ,WIRRINA COVE,5204,Mayo,"", 
SA ,MOUNT COMPASS,5210,Mayo,"", 
SA ,MOUNT MAGNIFICENT,5210,Mayo,"", 
SA ,NANGKITA,5210,Mayo,"", 
SA ,BACK VALLEY,5211,Mayo,"", 
SA ,CHITON,5211,Mayo,"", 
SA ,ENCOUNTER BAY,5211,Mayo,"", 
SA ,HAYBOROUGH,5211,Mayo,"", 
SA ,HINDMARSH VALLEY,5211,Mayo,"", 
SA ,INMAN VALLEY,5211,Mayo,"", 
SA ,LOWER INMAN VALLEY,5211,Mayo,"", 
SA ,MCCRACKEN,5211,Mayo,"", 
SA ,MOUNT JAGGED,5211,Mayo,"", 
SA ,VICTOR HARBOR,5211,Mayo,"", 
SA ,WAITPINGA,5211,Mayo,"", 
SA ,WILLOW CREEK,5211,Mayo,"", 
SA ,PORT ELLIOT,5212,Mayo,"", 
SA ,MIDDLETON,5213,Mayo,"", 
SA ,CURRENCY CREEK,5214,Mayo,"", 
SA ,GOOLWA,5214,Mayo,"", 
SA ,GOOLWA BEACH,5214,Mayo,"", 
SA ,GOOLWA NORTH,5214,Mayo,"", 
SA ,GOOLWA SOUTH,5214,Mayo,"", 
SA ,HINDMARSH ISLAND,5214,Mayo,"", 
SA ,MOSQUITO HILL,5214,Mayo,"", 
SA ,MUNDOO ISLAND,5214,Mayo,"", 
SA ,PARNDANA,5220,Mayo,"", 
SA ,AMERICAN RIVER,5221,Mayo,"", 
SA ,BALLAST HEAD,5221,Mayo,"", 
SA ,MUSTON,5221,Mayo,"", 
SA ,AMERICAN BEACH,5222,Mayo,"", 
SA ,ANTECHAMBER BAY,5222,Mayo,"", 
SA ,BAUDIN BEACH,5222,Mayo,"", 
SA ,BROWN BEACH,5222,Mayo,"", 
SA ,CUTTLEFISH BAY,5222,Mayo,"", 
SA ,DUDLEY EAST,5222,Mayo,"", 
SA ,DUDLEY WEST,5222,Mayo,"", 
SA ,IRONSTONE,5222,Mayo,"", 
SA ,ISLAND BEACH,5222,Mayo,"", 
SA ,KANGAROO HEAD,5222,Mayo,"", 
SA ,PELICAN LAGOON,5222,Mayo,"", 
SA ,PENNESHAW,5222,Mayo,"", 
SA ,PORKY FLAT,5222,Mayo,"", 
SA ,SAPPHIRETOWN,5222,Mayo,"", 
SA ,WILLOUGHBY,5222,Mayo,"", 
SA ,WILLSON RIVER,5222,Mayo,"", 
SA ,BAY OF SHOALS,5223,Mayo,"", 
SA ,BIRCHMORE,5223,Mayo,"", 
SA ,BROWNLOW KI,5223,Mayo,"", 
SA ,CAPE BORDA,5223,Mayo,"", 
SA ,CASSINI,5223,Mayo,"", 
SA ,CYGNET RIVER,5223,Mayo,"", 
SA ,DE MOLE RIVER,5223,Mayo,"", 
SA ,D'ESTREES BAY,5223,Mayo,"", 
SA ,DUNCAN,5223,Mayo,"", 
SA ,EMU BAY,5223,Mayo,"", 
SA ,FLINDERS CHASE,5223,Mayo,"", 
SA ,GOSSE,5223,Mayo,"", 
SA ,HAINES,5223,Mayo,"", 
SA ,KANGAROO ISLAND,5223,Mayo,"",PENNESHAW
SA ,KARATTA,5223,Mayo,"", 
SA ,KINGSCOTE,5223,Mayo,"", 
SA ,KOHINOOR,5223,Mayo,"", 
SA ,MACGILLIVRAY,5223,Mayo,"", 
SA ,MENZIES,5223,Mayo,"", 
SA ,MIDDLE RIVER,5223,Mayo,"", 
SA ,NEPEAN BAY,5223,Mayo,"", 
SA ,NEWLAND,5223,Mayo,"", 
SA ,NORTH CAPE,5223,Mayo,"", 
SA ,SEAL BAY,5223,Mayo,"", 
SA ,SEDDON,5223,Mayo,"", 
SA ,STOKES BAY,5223,Mayo,"", 
SA ,STUN'SAIL BOOM,5223,Mayo,"", 
SA ,VIVONNE BAY,5223,Mayo,"", 
SA ,WESTERN RIVER,5223,Mayo,"", 
SA ,WISANGER,5223,Mayo,"", 
SA ,CHAIN OF PONDS,5231,Mayo,"", 
SA ,KERSBROOK,5231,Mayo,"", 
SA ,MILLBROOK,5231,Mayo,"", 
SA ,CUDLEE CREEK,5232,Mayo,"", 
SA ,FORRESTON,5233,Mayo,"", 
SA ,GUMERACHA,5233,Mayo,"", 
SA ,KENTON VALLEY,5233,Mayo,"", 
SA ,BIRDWOOD,5234,Barker,"", 
SA ,BIRDWOOD,5234,Mayo,"", 
SA ,CROMER,5235,Barker,"", 
SA ,CROMER,5235,Mayo,"", 
SA ,EDEN VALLEY,5235,Barker,"", 
SA ,FLAXMAN VALLEY,5235,Barker,"", 
SA ,MOUNT PLEASANT,5235,Barker,"", 
SA ,SPRINGTON,5235,Barker,"", 
SA ,TAUNTON,5235,Barker,"", 
SA ,TUNGKILLO,5236,Barker,"", 
SA ,APAMURRA,5237,Barker,"", 
SA ,MILENDELLA,5237,Barker,"", 
SA ,PALMER,5237,Barker,"", 
SA ,SANDERSTON,5237,Barker,"", 
SA ,ANGAS VALLEY,5238,Barker,"", 
SA ,BIG BEND,5238,Barker,"", 
SA ,BOLTO,5238,Barker,"", 
SA ,BOWHILL,5238,Barker,"", 
SA ,CAURNAMONT,5238,Barker,"", 
SA ,CLAYPANS,5238,Barker,"", 
SA ,COWIRRA,5238,Barker,"", 
SA ,FIVE MILES,5238,Barker,"", 
SA ,FORSTER,5238,Barker,"", 
SA ,FRAHNS,5238,Barker,"", 
SA ,FRAYVILLE,5238,Barker,"", 
SA ,JULANKA HOLDINGS,5238,Barker,"", 
SA ,LAKE CARLET,5238,Barker,"", 
SA ,MANNUM,5238,Barker,"", 
SA ,NILDOTTIE,5238,Barker,"", 
SA ,OLD TEAL FLAT,5238,Barker,"", 
SA ,PELLARING FLAT,5238,Barker,"", 
SA ,POMPOOTA,5238,Barker,"", 
SA ,PONDE,5238,Barker,"", 
SA ,PORT MANNUM,5238,Barker,"", 
SA ,PUNTHARI,5238,Barker,"", 
SA ,PURNONG,5238,Barker,"", 
SA ,ROCKY POINT,5238,Barker,"", 
SA ,TEAL FLAT,5238,Barker,"", 
SA ,WALKER FLAT,5238,Barker,"", 
SA ,WALL FLAT,5238,Barker,"", 
SA ,WONGULLA,5238,Barker,"", 
SA ,YOUNGHUSBAND,5238,Barker,"", 
SA ,YOUNGHUSBAND HOLDINGS,5238,Barker,"", 
SA ,LENSWOOD,5240,Mayo,"", 
SA ,LOBETHAL,5241,Mayo,"", 
SA ,BALHANNAH,5242,Mayo,"", 
SA ,OAKBANK,5243,Mayo,"", 
SA ,CHARLESTON,5244,Mayo,"", 
SA ,HARROGATE,5244,Mayo,"", 
SA ,MOUNT TORRENS,5244,Barker,"", 
SA ,MOUNT TORRENS,5244,Mayo,"", 
SA ,WOODSIDE,5244,Mayo,"", 
SA ,HAHNDORF,5245,Mayo,"", 
SA ,PAECHTOWN,5245,Mayo,"", 
SA ,VERDUN,5245,Mayo,"", 
SA ,BLAKISTON,5250,Mayo,"", 
SA ,LITTLEHAMPTON,5250,Mayo,"", 
SA ,TOTNESS,5250,Mayo,"", 
SA ,BUGLE RANGES,5251,Mayo,"", 
SA ,MOUNT BARKER,5251,Mayo,"", 
SA ,MOUNT BARKER JUNCTION,5251,Mayo,"", 
SA ,MOUNT BARKER SPRINGS,5251,Mayo,"", 
SA ,MOUNT BARKER SUMMIT,5251,Mayo,"", 
SA ,WISTOW,5251,Mayo,"", 
SA ,BRUKUNGA,5252,Mayo,"", 
SA ,DAWESLEY,5252,Mayo,"", 
SA ,HAY VALLEY,5252,Mayo,"", 
SA ,KANMANTOO,5252,Mayo,"", 
SA ,NAIRNE,5252,Mayo,"", 
SA ,ST IVES,5252,Mayo,"", 
SA ,AVOCA DELL,5253,Barker,"", 
SA ,BRINKLEY,5253,Barker,"", 
SA ,BURDETT,5253,Barker,"", 
SA ,CHAPMAN BORE,5253,Barker,"", 
SA ,ETTRICK,5253,Barker,"", 
SA ,GIFFORD HILL,5253,Barker,"", 
SA ,GREENBANKS,5253,Barker,"", 
SA ,LONG FLAT,5253,Barker,"", 
SA ,MOBILONG,5253,Barker,"", 
SA ,MURRAWONG,5253,Barker,"", 
SA ,MURRAY BRIDGE,5253,Barker,"", 
SA ,MURRAY BRIDGE EAST,5253,Barker,"", 
SA ,MURRAY BRIDGE NORTH,5253,Barker,"", 
SA ,MURRAY BRIDGE SOUTH,5253,Barker,"", 
SA ,NORTHERN HEIGHTS,5253,Barker,"", 
SA ,RIVERGLADES,5253,Barker,"", 
SA ,RIVERGLEN,5253,Barker,"", 
SA ,ROCKY GULLY,5253,Barker,"", 
SA ,SUNNYSIDE,5253,Barker,"", 
SA ,SWANPORT,5253,Barker,"", 
SA ,TOORA,5253,Barker,"", 
SA ,WHITE HILL,5253,Barker,"", 
SA ,WHITE SANDS,5253,Barker,"", 
SA ,WILLOW BANKS,5253,Barker,"", 
SA ,WOODS POINT,5253,Barker,"", 
SA ,CALLINGTON,5254,Barker,"", 
SA ,CALLINGTON,5254,Mayo,"", 
SA ,CALOOTE,5254,Barker,"", 
SA ,MONARTO,5254,Barker,"", 
SA ,MONARTO SOUTH,5254,Barker,"", 
SA ,MONTEITH,5254,Barker,"", 
SA ,MYPOLONGA,5254,Barker,"", 
SA ,PALLAMANA,5254,Barker,"", 
SA ,PETWOOD,5254,Mayo,"", 
SA ,ROCKLEIGH,5254,Barker,"", 
SA ,TEPKO,5254,Barker,"", 
SA ,WOODLANE,5254,Barker,"", 
SA ,ZADOWS LANDING,5254,Barker,"", 
SA ,ANGAS PLAINS,5255,Mayo,"", 
SA ,BELVIDERE,5255,Mayo,"", 
SA ,BLETCHLEY,5255,Mayo,"", 
SA ,FINNISS,5255,Mayo,"", 
SA ,GEMMELLS,5255,Mayo,"", 
SA ,HARTLEY,5255,Mayo,"", 
SA ,HIGHLAND VALLEY,5255,Mayo,"", 
SA ,LAKE PLAINS,5255,Mayo,"", 
SA ,LANGHORNE CREEK,5255,Mayo,"", 
SA ,MOUNT OBSERVATION,5255,Mayo,"", 
SA ,MULGUNDAWA,5255,Barker,"", 
SA ,NALPA,5255,Barker,"", 
SA ,RED CREEK,5255,Mayo,"", 
SA ,SALEM,5255,Mayo,"", 
SA ,SANDERGROVE,5255,Mayo,"", 
SA ,STRATHALBYN,5255,Mayo,"", 
SA ,TOOPERANG,5255,Mayo,"", 
SA ,WILLYAROO,5255,Mayo,"", 
SA ,WOODCHESTER,5255,Mayo,"", 
SA ,CLAYTON BAY,5256,Mayo,"", 
SA ,MILANG,5256,Mayo,"", 
SA ,NURRAGI,5256,Mayo,"", 
SA ,POINT STURT,5256,Mayo,"", 
SA ,TOLDEROL,5256,Mayo,"", 
SA ,ASHVILLE,5259,Barker,"", 
SA ,JERVOIS,5259,Barker,"", 
SA ,KEPA,5259,Barker,"", 
SA ,MALINONG,5259,Barker,"", 
SA ,NARRUNG,5259,Barker,"", 
SA ,NATURI,5259,Barker,"", 
SA ,POINT MCLEAY,5259,Barker,"",RAUKKAN
SA ,POLTALLOCH,5259,Barker,"", 
SA ,RAUKKAN,5259,Barker,"", 
SA ,WELLINGTON,5259,Barker,"", 
SA ,WELLINGTON EAST,5259,Barker,"", 
SA ,ELWOMPLE,5260,Barker,"", 
SA ,TAILEM BEND,5260,Barker,"", 
SA ,COOKE PLAINS,5261,Barker,"", 
SA ,COOMANDOOK,5261,Barker,"", 
SA ,CULBURRA,5261,Barker,"", 
SA ,KI KI,5261,Barker,"", 
SA ,YUMALI,5261,Barker,"", 
SA ,BINNUM,5262,Barker,"", 
SA ,FRANCES,5262,Barker,"", 
SA ,HYNAM,5262,Barker,"", 
SA ,KYBYBOLITE,5262,Barker,"", 
SA ,COONAWARRA,5263,Barker,"", 
SA ,COORONG,5264,Barker,"", 
SA ,MENINGIE,5264,Barker,"", 
SA ,MENINGIE EAST,5264,Barker,"", 
SA ,MENINGIE WEST,5264,Barker,"", 
SA ,POLICEMAN POINT,5264,Barker,"",SALT CREEK
SA ,SALT CREEK,5264,Barker,"", 
SA ,WALTOWA,5264,Barker,"", 
SA ,COONALPYN,5265,Barker,"", 
SA ,FIELD,5265,Barker,"", 
SA ,BUNBURY,5266,Barker,"", 
SA ,COLEBATCH,5266,Barker,"", 
SA ,DEEPWATER,5266,Barker,"", 
SA ,TINTINARA,5266,Barker,"", 
SA ,BRIMBAGO,5267,Barker,"", 
SA ,COOMBE,5267,Barker,"", 
SA ,KEITH,5267,Barker,"", 
SA ,LAFFER,5267,Barker,"", 
SA ,MAKIN,5267,Barker,"", 
SA ,MCCALLUM,5267,Barker,"", 
SA ,MOUNT CHARLES,5267,Barker,"", 
SA ,PETHERICK,5267,Barker,"", 
SA ,SHAUGH,5267,Barker,"", 
SA ,SHERWOOD,5267,Barker,"", 
SA ,WILLALOOKA,5267,Barker,"", 
SA ,WIRREGA,5267,Barker,"", 
SA ,BANGHAM,5268,Barker,"", 
SA ,BORDERTOWN,5268,Barker,"", 
SA ,BORDERTOWN SOUTH,5268,Barker,"", 
SA ,CANNAWIGARA,5268,Barker,"", 
SA ,LOWAN VALE,5268,Barker,"", 
SA ,POOGINAGORIC,5268,Barker,"", 
SA ,SENIOR,5268,Barker,"", 
SA ,WESTERN FLAT,5268,Barker,"", 
SA ,CUSTON,5269,Barker,"", 
SA ,PINE HILL,5269,Barker,"", 
SA ,WOLSELEY,5269,Barker,"", 
SA ,BUCKINGHAM,5270,Barker,"", 
SA ,CAREW,5270,Barker,"", 
SA ,KONGAL,5270,Barker,"", 
SA ,MUNDULLA,5270,Barker,"", 
SA ,MUNDULLA WEST,5270,Barker,"", 
SA ,SWEDE FLAT,5270,Barker,"", 
SA ,BOOL LAGOON,5271,Barker,"", 
SA ,CADGEE,5271,Barker,"", 
SA ,JOANNA,5271,Barker,"", 
SA ,KEPPOCH,5271,Barker,"", 
SA ,KOPPAMURRA,5271,Barker,"", 
SA ,LAURIE PARK,5271,Barker,"", 
SA ,LOCHABER,5271,Barker,"", 
SA ,MARCOLLAT,5271,Barker,"", 
SA ,MOUNT LIGHT,5271,Barker,"", 
SA ,MOYHALL,5271,Barker,"", 
SA ,NARACOORTE,5271,Barker,"", 
SA ,PADTHAWAY,5271,Barker,"", 
SA ,SPENCE,5271,Barker,"", 
SA ,STEWART RANGE,5271,Barker,"", 
SA ,STRUAN,5271,Barker,"", 
SA ,THE GAP,5271,Barker,"", 
SA ,WILD DOG VALLEY,5271,Barker,"", 
SA ,WRATTONBULLY,5271,Barker,"", 
SA ,COLES,5272,Barker,"", 
SA ,CONMURRA,5272,Barker,"", 
SA ,FOX,5272,Barker,"", 
SA ,GREENWAYS,5272,Barker,"", 
SA ,LUCINDALE,5272,Barker,"", 
SA ,WOOLUMBOOL,5272,Barker,"", 
SA ,AVENUE RANGE,5273,Barker,"", 
SA ,BISCUIT FLAT,5275,Barker,"",REEDY CREEK
SA ,BLACKFORD,5275,Barker,"", 
SA ,BOATSWAIN POINT,5275,Barker,"", 
SA ,CAPE JAFFA,5275,Barker,"", 
SA ,KEILIRA,5275,Barker,"", 
SA ,KINGSTON SE,5275,Barker,"", 
SA ,MOUNT BENSON,5275,Barker,"", 
SA ,PINKS BEACH,5275,Barker,"", 
SA ,REEDY CREEK,5275,Barker,"", 
SA ,ROSETOWN,5275,Barker,"", 
SA ,SANDY GROVE,5275,Barker,"", 
SA ,TARATAP,5275,Barker,"", 
SA ,TILLEY SWAMP,5275,Barker,"", 
SA ,WANGOLINA,5275,Barker,"", 
SA ,WEST RANGE,5275,Barker,"", 
SA ,WYOMI,5275,Barker,"", 
SA ,BRAY,5276,Barker,"", 
SA ,NORA CREINA,5276,Barker,"", 
SA ,ROBE,5276,Barker,"", 
SA ,COMAUM,5277,Barker,"", 
SA ,GLENROY,5277,Barker,"", 
SA ,MAAOUPE,5277,Barker,"", 
SA ,MONBULLA,5277,Barker,"", 
SA ,NANGWARRY,5277,Barker,"", 
SA ,PENOLA,5277,Barker,"", 
SA ,PLEASANT PARK,5277,Barker,"", 
SA ,TARPEENA,5277,Barker,"", 
SA ,KALANGADOO,5278,Barker,"", 
SA ,KRONGART,5278,Barker,"", 
SA ,MOERLONG,5278,Barker,"", 
SA ,WEPAR,5278,Barker,"", 
SA ,KOORINE,5279,Barker,"", 
SA ,MOUNT BURR,5279,Barker,"", 
SA ,MOUNT MCINTYRE,5279,Barker,"", 
SA ,SHORT,5279,Barker,"", 
SA ,WATTLE RANGE EAST,5279,Barker,"", 
SA ,BEACHPORT,5280,Barker,"", 
SA ,CLAY WELLS,5280,Barker,"", 
SA ,FURNER,5280,Barker,"", 
SA ,GERMAN CREEK,5280,Barker,"", 
SA ,GERMAN FLAT,5280,Barker,"", 
SA ,HATHERLEIGH,5280,Barker,"", 
SA ,KANGAROO INN,5280,Barker,"", 
SA ,MAGAREY,5280,Barker,"", 
SA ,MILLICENT,5280,Barker,"", 
SA ,RENDELSHAM,5280,Barker,"", 
SA ,ROCKY CAMP,5280,Barker,"", 
SA ,SEBASTOPOL,5280,Barker,"", 
SA ,SOUTHEND,5280,Barker,"", 
SA ,TANTANOOLA,5280,Barker,"", 
SA ,THORNLEA,5280,Barker,"", 
SA ,WATTLE RANGE,5280,Barker,"", 
SA ,MOUNT GAMBIER,5290,Barker,"", 
SA ,ALLENDALE EAST,5291,Barker,"", 
SA ,BLACKFELLOWS CAVES,5291,Barker,"", 
SA ,BURRUNGULE,5291,Barker,"", 
SA ,CANUNDA,5291,Barker,"", 
SA ,CAPE DOUGLAS,5291,Barker,"", 
SA ,CAROLINE,5291,Barker,"", 
SA ,CARPENTER ROCKS,5291,Barker,"", 
SA ,CAVETON,5291,Barker,"", 
SA ,COMPTON,5291,Barker,"", 
SA ,DISMAL SWAMP,5291,Barker,"", 
SA ,DONOVANS,5291,Barker,"", 
SA ,EIGHT MILE CREEK,5291,Barker,"", 
SA ,GLENBURNIE,5291,Barker,"", 
SA ,GLENCOE,5291,Barker,"", 
SA ,KONGORONG,5291,Barker,"", 
SA ,MIL-LEL,5291,Barker,"", 
SA ,MINGBOOL,5291,Barker,"", 
SA ,MOORAK,5291,Barker,"", 
SA ,MOUNT SCHANK,5291,Barker,"", 
SA ,NENE VALLEY,5291,Barker,"", 
SA ,OB FLAT,5291,Barker,"", 
SA ,PELICAN POINT,5291,Barker,"", 
SA ,PORT MACDONNELL,5291,Barker,"", 
SA ,RACECOURSE BAY,5291,Barker,"", 
SA ,SQUARE MILE,5291,Barker,"", 
SA ,SUTTONTOWN,5291,Barker,"", 
SA ,WANDILO,5291,Barker,"", 
SA ,WORROLONG,5291,Barker,"", 
SA ,WYE,5291,Barker,"", 
SA ,YAHL,5291,Barker,"", 
SA ,CARCUMA,5301,Barker,"", 
SA ,GERANIUM,5301,Barker,"", 
SA ,JABUK,5301,Barker,"", 
SA ,MOORLANDS,5301,Barker,"", 
SA ,NETHERTON,5301,Barker,"", 
SA ,PARRAKIE,5301,Barker,"", 
SA ,PEAKE,5301,Barker,"", 
SA ,SHERLOCK,5301,Barker,"", 
SA ,WILKAWATT,5301,Barker,"",PARRAKIE
SA ,LAMEROO,5302,Barker,"", 
SA ,NGARKAT,5302,Barker,"", 
SA ,PARILLA,5303,Barker,"", 
SA ,KRINGIN,5304,Barker,"", 
SA ,PEEBINGA,5304,Barker,"", 
SA ,PINNAROO,5304,Barker,"", 
SA ,WYNARKA,5306,Barker,"", 
SA ,KAROONDA,5307,Barker,"", 
SA ,KARTE,5307,Barker,"", 
SA ,KULKAMI,5307,Barker,"",LAMEROO
SA ,MARAMA,5307,Barker,"", 
SA ,MOOTATUNGA,5307,Barker,"",PEEBINGA
SA ,COPEVILLE,5308,Barker,"", 
SA ,GALGA,5308,Barker,"", 
SA ,KALYAN,5308,Barker,"",PERPONDA
SA ,MANTUNG,5308,Barker,"", 
SA ,MERCUNDA,5308,Barker,"", 
SA ,PERPONDA,5308,Barker,"", 
SA ,BORRIKA,5309,Barker,"", 
SA ,HALIDON,5309,Barker,"", 
SA ,MINDARIE,5309,Barker,"", 
SA ,SANDALWOOD,5309,Barker,"", 
SA ,CALIPH,5310,Barker,"", 
SA ,WANBI,5310,Barker,"", 
SA ,ALAWOONA,5311,Barker,"", 
SA ,BUGLE HUT,5311,Barker,"", 
SA ,MAGGEA,5311,Barker,"", 
SA ,MALPAS,5311,Barker,"", 
SA ,MERIBAH,5311,Barker,"", 
SA ,PARUNA,5311,Barker,"", 
SA ,SCHELL WELL,5311,Barker,"", 
SA ,TALDRA,5311,Barker,"", 
SA ,TAPLAN,5311,Barker,"", 
SA ,VEITCH,5311,Barker,"", 
SA ,WOODLEIGH,5311,Barker,"", 
SA ,WUNKAR,5311,Barker,"", 
SA ,BEATTY,5320,Barker,"", 
SA ,BEAUMONTS,5320,Barker,"", 
SA ,BRENDA PARK,5320,Barker,"", 
SA ,BUNDEY,5320,Grey,"", 
SA ,EBA,5320,Barker,"", 
SA ,LINDLEY,5320,Barker,"", 
SA ,MAUDE,5320,Barker,"", 
SA ,MORGAN,5320,Barker,"", 
SA ,MORPHETTS FLAT,5320,Barker,"", 
SA ,MURBKO,5320,Barker,"", 
SA ,NORTH WEST BEND,5320,Barker,"", 
SA ,STUART,5320,Barker,"", 
SA ,WOMBATS REST,5320,Barker,"", 
SA ,CADELL,5321,Barker,"", 
SA ,CADELL LAGOON,5321,Barker,"", 
SA ,GOLDEN HEIGHTS,5322,Barker,"", 
SA ,QUALCO,5322,Barker,"", 
SA ,RAMCO,5322,Barker,"", 
SA ,RAMCO HEIGHTS,5322,Barker,"", 
SA ,SUNLANDS,5322,Barker,"", 
SA ,BOOLGUN,5330,Barker,"", 
SA ,DEVLINS POUND,5330,Barker,"", 
SA ,GOOD HOPE LANDING,5330,Barker,"", 
SA ,HOLDER,5330,Barker,"", 
SA ,HOLDER SIDING,5330,Barker,"", 
SA ,KANNI,5330,Barker,"", 
SA ,LOWBANK,5330,Barker,"", 
SA ,MARKARANKA,5330,Barker,"", 
SA ,OVERLAND CORNER,5330,Barker,"", 
SA ,POOGINOOK,5330,Barker,"", 
SA ,STOCKYARD PLAIN,5330,Barker,"", 
SA ,TAYLORVILLE,5330,Barker,"", 
SA ,WAIKERIE,5330,Barker,"", 
SA ,WIGLEY FLAT,5330,Barker,"", 
SA ,WOOLPUNDA,5330,Barker,"", 
SA ,KINGSTON ON MURRAY,5331,Barker,"", 
SA ,MOOROOK,5332,Barker,"", 
SA ,MOOROOK SOUTH,5332,Barker,"", 
SA ,WAPPILKA,5332,Barker,"", 
SA ,YINKANIE,5332,Barker,"", 
SA ,BOOKPURNONG,5333,Barker,"", 
SA ,LOXTON,5333,Barker,"", 
SA ,LOXTON NORTH,5333,Barker,"", 
SA ,NEW RESIDENCE,5333,Barker,"", 
SA ,PATA,5333,Barker,"", 
SA ,PYAP,5333,Barker,"", 
SA ,PYAP WEST,5333,Barker,"", 
SA ,MUNDIC CREEK,5340,Barker,"", 
SA ,MURTHO,5340,Barker,"", 
SA ,PARINGA,5340,Barker,"", 
SA ,PIKE RIVER,5340,Barker,"", 
SA ,WONUARRA,5340,Barker,"", 
SA ,YAMBA,5340,Barker,"", 
SA ,CALPERUM STATION,5341,Barker,"", 
SA ,CANOPUS,5341,Barker,"", 
SA ,CHAFFEY,5341,Barker,"", 
SA ,CHOWILLA,5341,Barker,"", 
SA ,COOLTONG,5341,Barker,"", 
SA ,CRESCENT,5341,Barker,"", 
VIC,LINDSAY POINT,5341,Mallee,"", 
SA ,OLD CALPERUM,5341,Barker,"", 
SA ,RENMARK,5341,Barker,"", 
SA ,RENMARK NORTH,5341,Barker,"", 
SA ,RENMARK SOUTH,5341,Barker,"", 
SA ,RENMARK WEST,5341,Barker,"", 
SA ,MONASH,5342,Barker,"", 
SA ,BERRI,5343,Barker,"", 
SA ,GERARD,5343,Barker,"", 
SA ,GURRA GURRA,5343,Barker,"", 
SA ,LYRUP,5343,Barker,"", 
SA ,WINKIE,5343,Barker,"", 
SA ,GLOSSOP,5344,Barker,"", 
SA ,BARMERA,5345,Barker,"", 
SA ,LOVEDAY,5345,Barker,"", 
SA ,SPECTACLE LAKE,5345,Barker,"", 
SA ,COBDOGLA,5346,Barker,"", 
SA ,ROSEDALE,5350,Barker,"", 
SA ,SANDY CREEK,5350,Barker,"", 
SA ,ALTONA,5351,Barker,"", 
SA ,BAROSSA GOLDFIELDS,5351,Barker,"", 
SA ,COCKATOO VALLEY,5351,Barker,"", 
SA ,LYNDOCH,5351,Barker,"", 
SA ,MOUNT CRAWFORD,5351,Barker,"", 
SA ,MOUNT CRAWFORD,5351,Mayo,"", 
SA ,PEWSEY VALE,5351,Barker,"", 
SA ,WILLIAMSTOWN,5351,Barker,"", 
SA ,BETHANY,5352,Barker,"", 
SA ,GOMERSAL,5352,Barker,"", 
SA ,KRONDORF,5352,Barker,"", 
SA ,ROWLAND FLAT,5352,Barker,"", 
SA ,STONE WELL,5352,Barker,"", 
SA ,TANUNDA,5352,Barker,"", 
SA ,VINE VALE,5352,Barker,"", 
SA ,ANGASTON,5353,Barker,"", 
SA ,BLACK HILL,5353,Barker,"", 
SA ,CAMBRAI,5353,Barker,"", 
SA ,KEYNETON,5353,Barker,"", 
SA ,MOCULTA,5353,Barker,"", 
SA ,MOUNT MCKENZIE,5353,Barker,"", 
SA ,PENRICE,5353,Barker,"", 
SA ,SEDAN,5353,Barker,"", 
SA ,TOWITTA,5353,Barker,"", 
SA ,BAKARA,5354,Barker,"", 
SA ,BAKARA WELL,5354,Barker,"", 
SA ,FISHER,5354,Barker,"", 
SA ,LANGS LANDING,5354,Barker,"", 
SA ,MARKS LANDING,5354,Barker,"", 
SA ,NAIDIA,5354,Barker,"", 
SA ,PUNYELROO,5354,Barker,"", 
SA ,SUNNYDALE,5354,Barker,"", 
SA ,SWAN REACH,5354,Barker,"", 
SA ,DAVEYSTON,5355,Barker,"", 
SA ,EBENEZER,5355,Barker,"", 
SA ,LIGHT PASS,5355,Barker,"", 
SA ,MARANANGA,5355,Barker,"", 
SA ,MOPPA,5355,Barker,"", 
SA ,NURIOOTPA,5355,Barker,"", 
SA ,SEPPELTSFIELD,5355,Barker,"", 
SA ,STOCKWELL,5355,Barker,"", 
SA ,ANNADALE,5356,Barker,"", 
SA ,DUTTON,5356,Barker,"", 
SA ,DUTTON,5356,Grey,"", 
SA ,DUTTON EAST,5356,Barker,"", 
SA ,SANDLETON,5356,Barker,"", 
SA ,ST KITTS,5356,Barker,"", 
SA ,STEINFELD,5356,Barker,"", 
SA ,STEINFELD,5356,Grey,"", 
SA ,STONEFIELD,5356,Barker,"",STEINFELD
SA ,STONEFIELD,5356,Grey,"",STEINFELD
SA ,TRURO,5356,Barker,"", 
SA ,BLANCHETOWN,5357,Barker,"", 
SA ,MCBEAN POUND,5357,Barker,"", 
SA ,NEW WELL,5357,Barker,"", 
SA ,NOTTS WELL,5357,Barker,"", 
SA ,PAISLEY,5357,Barker,"", 
SA ,GREENOCK,5360,Barker,"", 
SA ,NAIN,5360,Barker,"", 
SA ,MORN HILL,5371,Barker,"", 
SA ,MORN HILL,5371,Grey,"", 
SA ,ROSEWORTHY,5371,Barker,"", 
SA ,ROSEWORTHY,5371,Grey,"", 
SA ,SHEA-OAK LOG,5371,Barker,"", 
SA ,TEMPLERS,5371,Barker,"", 
SA ,TEMPLERS,5371,Grey,"", 
SA ,FREELING,5372,Barker,"", 
SA ,ALLENDALE NORTH,5373,Barker,"", 
SA ,BAGOT WELL,5373,Barker,"", 
SA ,BETHEL,5373,Barker,"", 
SA ,FORDS,5373,Barker,"", 
SA ,HAMILTON,5373,Barker,"", 
SA ,KAPUNDA,5373,Barker,"", 
SA ,KOONUNGA,5373,Barker,"", 
SA ,ST JOHNS,5373,Barker,"", 
SA ,AUSTRALIA PLAINS,5374,Grey,"", 
SA ,BOWER,5374,Barker,"", 
SA ,BOWER,5374,Grey,"", 
SA ,BROWNLOW,5374,Grey,"", 
SA ,BROWNLOW,5374,Mayo,"", 
SA ,BUCHANAN,5374,Grey,"", 
SA ,EUDUNDA,5374,Grey,"", 
SA ,FRANKTON,5374,Barker,"", 
SA ,FRANKTON,5374,Grey,"", 
SA ,HAMPDEN,5374,Grey,"", 
SA ,HANSBOROUGH,5374,Barker,"", 
SA ,HANSBOROUGH,5374,Grey,"", 
SA ,JULIA,5374,Grey,"", 
SA ,MOUNT MARY,5374,Barker,"", 
SA ,NEALES FLAT,5374,Grey,"", 
SA ,NGAPALA,5374,Grey,"", 
SA ,PEEP HILL,5374,Grey,"", 
SA ,POINT PASS,5374,Grey,"", 
SA ,SUTHERLANDS,5374,Grey,"", 
SA ,BRADY CREEK,5381,Grey,"", 
SA ,BRIGHT,5381,Grey,"", 
SA ,EMU DOWNS,5381,Grey,"", 
SA ,GERANIUM PLAINS,5381,Grey,"", 
SA ,HALLELUJAH HILLS,5381,Grey,"", 
SA ,ROBERTSTOWN,5381,Grey,"", 
SA ,ROCKY PLAIN,5381,Grey,"", 
SA ,WORLDS END,5381,Grey,"", 
SA ,MAGDALA,5400,Grey,"", 
SA ,PINKERTON PLAINS,5400,Grey,"", 
SA ,WASLEYS,5400,Grey,"", 
SA ,WOOLSHEDS,5400,Grey,"", 
SA ,ALMA,5401,Grey,"", 
SA ,HAMLEY BRIDGE,5401,Grey,"", 
SA ,SALTER SPRINGS,5401,Grey,"", 
SA ,LINWOOD,5410,Barker,"", 
SA ,LINWOOD,5410,Grey,"", 
SA ,STOCKPORT,5410,Grey,"", 
SA ,GILES CORNER,5411,Grey,"", 
SA ,TARLEE,5411,Grey,"", 
SA ,RHYNIE,5412,Grey,"", 
SA ,RIVERTON,5412,Grey,"", 
SA ,WOOLSHED FLAT,5412,Grey,"", 
SA ,APOINGA,5413,Grey,"", 
SA ,BLACK SPRINGS,5413,Grey,"", 
SA ,MARRABEL,5413,Grey,"", 
SA ,SADDLEWORTH,5413,Grey,"", 
SA ,STEELTON,5413,Grey,"", 
SA ,TARNMA,5413,Grey,"", 
SA ,TOTHILL BELT,5413,Grey,"", 
SA ,TOTHILL CREEK,5413,Grey,"", 
SA ,WATERLOO,5413,Grey,"", 
SA ,MANOORA,5414,Grey,"", 
SA ,MINTARO,5415,Grey,"", 
SA ,STANLEY,5415,Grey,"", 
SA ,FARRELL FLAT,5416,Grey,"", 
SA ,PORTER LAGOON,5416,Grey,"", 
SA ,BALAH,5417,Grey,"", 
SA ,BALDINA,5417,Grey,"", 
SA ,BOOBOROWIE,5417,Grey,"", 
SA ,BURRA,5417,Grey,"", 
SA ,BURRA EASTERN DISTRICTS,5417,Grey,"", 
SA ,CANEGRASS,5417,Grey,"", 
SA ,GUM CREEK,5417,Grey,"", 
SA ,HANSON,5417,Grey,"", 
SA ,KOONOONA,5417,Grey,"", 
SA ,LEIGHTON,5417,Grey,"", 
SA ,MONGOLATA,5417,Grey,"", 
SA ,NORTH BOOBOROWIE,5417,Grey,"", 
SA ,OLD KOOMOOLOO,5417,Grey,"", 
SA ,PARCOOLA,5417,Grey,"", 
SA ,WARNES,5417,Grey,"", 
SA ,COLLINSVILLE,5418,Grey,"", 
SA ,MOUNT BRYAN,5418,Grey,"", 
SA ,CANOWIE,5419,Grey,"", 
SA ,HALLETT,5419,Grey,"", 
SA ,MOUNT BRYAN EAST,5419,Grey,"", 
SA ,ULOOLOO,5419,Grey,"", 
SA ,WILLALO,5419,Grey,"", 
SA ,CANOWIE BELT,5420,Grey,"", 
SA ,WHYTE YARCOWIE,5420,Grey,"", 
SA ,FRANKLYN,5421,Grey,"", 
SA ,TEROWIE,5421,Grey,"", 
SA ,CAVENAGH,5422,Grey,"", 
SA ,DAWSON,5422,Grey,"", 
SA ,ERSKINE,5422,Grey,"", 
SA ,HARDY,5422,Grey,"", 
SA ,MANNANARIE,5422,Grey,"", 
SA ,MINVALARA,5422,Grey,"", 
SA ,OODLA WIRRA,5422,Grey,"", 
SA ,PARATOO,5422,Grey,"", 
SA ,PARNAROO,5422,Grey,"", 
SA ,PETERBOROUGH,5422,Grey,"", 
SA ,SUNNYBRAE,5422,Grey,"", 
SA ,UCOLTA,5422,Grey,"", 
SA ,YATINA,5422,Grey,"", 
SA ,AMYTON,5431,Grey,"", 
SA ,BLACK ROCK,5431,Grey,"", 
SA ,COOMOOROO,5431,Grey,"", 
SA ,EURELIA,5431,Grey,"", 
SA ,HAMMOND,5431,Grey,"", 
SA ,JOHNBURGH,5431,Grey,"", 
SA ,MINBURRA,5431,Grey,"", 
SA ,MORCHARD,5431,Grey,"", 
SA ,ORROROO,5431,Grey,"", 
SA ,PEKINA,5431,Grey,"", 
SA ,TARCOWIE,5431,Grey,"", 
SA ,WALLOWAY,5431,Grey,"", 
SA ,WILLOWIE,5431,Grey,"", 
SA ,YALPARA,5431,Grey,"", 
SA ,BARATTA,5432,Grey,"", 
SA ,BELTON,5432,Grey,"", 
SA ,CARRIETON,5432,Grey,"", 
SA ,CRADOCK,5432,Grey,"", 
SA ,MOOCKRA,5432,Grey,"", 
SA ,YANYARRIE,5432,Grey,"", 
SA ,BRUCE,5433,Grey,"", 
SA ,QUORN,5433,Grey,"", 
SA ,SALTIA,5433,Grey,"", 
SA ,STEPHENSTON,5433,Grey,"", 
SA ,WILLOCHRA,5433,Grey,"", 
SA ,YARRAH,5433,Grey,"", 
SA ,BARNDIOOTA,5434,Grey,"", 
SA ,FLINDERS RANGES,5434,Grey,"", 
SA ,HAWKER,5434,Grey,"", 
SA ,KANYAKA,5434,Grey,"", 
SA ,WILPENA POUND,5434,Grey,"", 
SA ,WORUMBA,5434,Grey,"", 
SA ,BINDARRAH,5440,Grey,"", 
SA ,COCKBURN,5440,Grey,"", 
SA ,GRAMPUS,5440,Grey,"", 
SA ,MANNA HILL,5440,Grey,"", 
SA ,MINGARY,5440,Grey,"", 
SA ,NACKARA,5440,Grey,"", 
SA ,OLARY,5440,Grey,"", 
SA ,YUNTA,5440,Grey,"", 
SA ,AUBURN,5451,Grey,"", 
SA ,UNDALYA,5451,Grey,"", 
SA ,LEASINGHAM,5452,Grey,"", 
SA ,WATERVALE,5452,Grey,"", 
SA ,ARMAGH,5453,Grey,"", 
SA ,BARINIA,5453,Grey,"", 
SA ,BENBOURNIE,5453,Grey,"", 
SA ,BOCONNOC PARK,5453,Grey,"", 
SA ,CLARE,5453,Grey,"", 
SA ,EMU FLAT,5453,Grey,"", 
SA ,GILLENTOWN,5453,Grey,"", 
SA ,HILL RIVER,5453,Grey,"", 
SA ,HOYLETON,5453,Grey,"", 
SA ,KYBUNGA,5453,Grey,"", 
SA ,PENWORTHAM,5453,Grey,"", 
SA ,POLISH HILL RIVER,5453,Grey,"", 
SA ,SEVENHILL,5453,Grey,"", 
SA ,SPRING FARM,5453,Grey,"", 
SA ,SPRING GULLY,5453,Grey,"", 
SA ,STANLEY FLAT,5453,Grey,"", 
SA ,ANDREWS,5454,Grey,"", 
SA ,BROUGHTON RIVER VALLEY,5454,Grey,"", 
SA ,EUROMINA,5454,Grey,"", 
SA ,HACKLINS CORNER,5454,Grey,"", 
SA ,MAYFIELD,5454,Grey,"", 
SA ,SPALDING,5454,Grey,"", 
SA ,WASHPOOL,5454,Grey,"", 
SA ,HILLTOWN,5455,Grey,"", 
SA ,BARABBA,5460,Grey,"", 
SA ,OWEN,5460,Grey,"", 
SA ,PINERY,5460,Grey,"", 
SA ,STOCKYARD CREEK,5460,Grey,"", 
SA ,BALAKLAVA,5461,Grey,"", 
SA ,BOWILLIA,5461,Grey,"", 
SA ,DALKEY,5461,Grey,"", 
SA ,ERITH,5461,Grey,"", 
SA ,EVERARD CENTRAL,5461,Grey,"", 
SA ,GOYDER,5461,Grey,"", 
SA ,HALBURY,5461,Grey,"", 
SA ,HOSKIN CORNER,5461,Grey,"", 
SA ,MOUNT TEMPLETON,5461,Grey,"", 
SA ,SAINTS,5461,Grey,"", 
SA ,STOW,5461,Grey,"", 
SA ,WATCHMAN,5461,Grey,"", 
SA ,WHITWARTA,5461,Grey,"", 
SA ,BLYTH,5462,Grey,"", 
SA ,ANAMA,5464,Grey,"", 
SA ,BRINKWORTH,5464,Grey,"", 
SA ,BUNGAREE,5464,Grey,"", 
SA ,CONDOWIE,5464,Grey,"", 
SA ,HART,5464,Grey,"", 
SA ,KOOLUNGA,5464,Grey,"", 
SA ,MAROLA,5464,Grey,"", 
SA ,ROCHESTER,5464,Grey,"", 
SA ,YACKA,5470,Grey,"", 
SA ,GULNARE,5471,Grey,"", 
SA ,GEORGETOWN,5472,Grey,"", 
SA ,GLADSTONE,5473,Grey,"", 
SA ,APPILA,5480,Grey,"", 
SA ,LAURA,5480,Grey,"", 
SA ,STONE HUT,5480,Grey,"", 
SA ,BANGOR,5481,Grey,"", 
SA ,MURRAY TOWN,5481,Grey,"", 
SA ,WIRRABARA,5481,Grey,"", 
SA ,WONGYARRA,5481,Grey,"", 
SA ,BOOLEROO CENTRE,5482,Grey,"", 
SA ,MELROSE,5483,Grey,"", 
SA ,WILMINGTON,5485,Grey,"", 
SA ,CALTOWIE,5490,Grey,"", 
SA ,CALTOWIE NORTH,5490,Grey,"", 
SA ,CALTOWIE WEST,5490,Grey,"", 
SA ,BELALIE EAST,5491,Grey,"", 
SA ,BELALIE NORTH,5491,Grey,"", 
SA ,BUNDALEER GARDENS,5491,Grey,"", 
SA ,BUNDALEER NORTH,5491,Grey,"", 
SA ,HORNSDALE,5491,Grey,"", 
SA ,JAMESTOWN,5491,Grey,"", 
SA ,WEST BUNDALEER,5491,Grey,"", 
SA ,YONGALA,5493,Grey,"", 
SA ,BAROOTA,5495,Grey,"", 
SA ,GERMEIN BAY,5495,Grey,"", 
SA ,MAMBRAY CREEK,5495,Grey,"", 
SA ,NECTAR BROOK,5495,Grey,"", 
SA ,PORT GERMEIN,5495,Grey,"", 
SA ,WEEROONA ISLAND,5495,Grey,"", 
SA ,AVON,5501,Grey,"", 
SA ,CALOMBA,5501,Grey,"", 
SA ,DUBLIN,5501,Grey,"", 
SA ,LEWISTON,5501,Grey,"", 
SA ,LONG PLAINS,5501,Grey,"", 
SA ,LOWER LIGHT,5501,Grey,"", 
SA ,MIDDLE BEACH,5501,Grey,"", 
SA ,PARHAM,5501,Grey,"", 
SA ,PORT GAWLER,5501,Grey,"", 
SA ,THOMPSON BEACH,5501,Grey,"", 
SA ,TWO WELLS,5501,Grey,"", 
SA ,WEBB BEACH,5501,Grey,"", 
SA ,WILD HORSE PLAINS,5501,Grey,"", 
SA ,WINDSOR,5501,Grey,"", 
SA ,FISCHER,5502,Grey,"", 
SA ,GRACE PLAINS,5502,Grey,"", 
SA ,KORUNYE,5502,Grey,"", 
SA ,MALLALA,5502,Grey,"", 
SA ,REDBANKS,5502,Grey,"", 
SA ,REEVES PLAINS,5502,Grey,"", 
SA ,LOCHIEL,5510,Grey,"", 
SA ,BARUNGA GAP,5520,Grey,"", 
SA ,BUMBUNGA,5520,Grey,"", 
SA ,BURNSFIELD,5520,Grey,"", 
SA ,SNOWTOWN,5520,Grey,"", 
SA ,WOKURNA,5520,Grey,"", 
SA ,REDHILL,5521,Grey,"", 
SA ,FISHERMAN BAY,5522,Grey,"", 
SA ,PORT BROUGHTON,5522,Grey,"", 
SA ,WARD HILL,5522,Grey,"", 
SA ,BEETALOO VALLEY,5523,Grey,"", 
SA ,CLEMENTS GAP,5523,Grey,"", 
SA ,CRYSTAL BROOK,5523,Grey,"", 
SA ,HUDDLESTON,5523,Grey,"", 
SA ,MERRITON,5523,Grey,"", 
SA ,NARRIDY,5523,Grey,"", 
SA ,NUROM,5523,Grey,"", 
SA ,WANDEARAH EAST,5523,Grey,"", 
SA ,WANDEARAH WEST,5523,Grey,"", 
SA ,BUNGAMA,5540,Grey,"", 
SA ,COONAMIA,5540,Grey,"", 
SA ,LOWER BROUGHTON,5540,Grey,"", 
SA ,NAPPERBY,5540,Grey,"", 
SA ,NELSHABY,5540,Grey,"", 
SA ,PIRIE EAST,5540,Grey,"", 
SA ,PORT DAVIS,5540,Grey,"", 
SA ,PORT PIRIE,5540,Grey,"", 
SA ,PORT PIRIE SOUTH,5540,Grey,"", 
SA ,PORT PIRIE WEST,5540,Grey,"", 
SA ,RISDON PARK,5540,Grey,"", 
SA ,RISDON PARK SOUTH,5540,Grey,"", 
SA ,SOLOMONTOWN,5540,Grey,"", 
SA ,TELOWIE,5540,Grey,"", 
SA ,WARNERTOWN,5540,Grey,"", 
SA ,BEAUFORT,5550,Grey,"", 
SA ,BOWMANS,5550,Grey,"", 
SA ,INKERMAN,5550,Grey,"", 
SA ,KALLORA,5550,Grey,"", 
SA ,NANTAWARRA,5550,Grey,"", 
SA ,PORT WAKEFIELD,5550,Grey,"", 
SA ,PROOF RANGE,5550,Grey,"", 
SA ,SOUTH HUMMOCKS,5550,Grey,"", 
SA ,KAINTON,5552,Grey,"", 
SA ,KULPARA,5552,Grey,"", 
SA ,MELTON,5552,Grey,"", 
SA ,PASKEVILLE,5552,Grey,"", 
SA ,PORT ARTHUR,5552,Grey,"", 
SA ,SUNNYVALE,5552,Grey,"", 
SA ,THRINGTON,5552,Grey,"", 
SA ,BOORS PLAIN,5554,Grey,"", 
SA ,CUNLIFFE,5554,Grey,"", 
SA ,JERICHO,5554,Grey,"", 
SA ,JERUSALEM,5554,Grey,"", 
SA ,KADINA,5554,Grey,"", 
SA ,MATTA FLAT,5554,Grey,"", 
SA ,NEW TOWN,5554,Grey,"", 
SA ,THOMAS PLAIN,5554,Grey,"", 
SA ,WALLAROO MINES,5554,Grey,"", 
SA ,WILLAMULKA,5554,Grey,"", 
SA ,ALFORD,5555,Grey,"", 
SA ,COLLINSFIELD,5555,Grey,"", 
SA ,HOPE GAP,5555,Grey,"", 
SA ,LAKE VIEW,5555,Grey,"", 
SA ,MUNDOORA,5555,Grey,"", 
SA ,TICKERA,5555,Grey,"", 
SA ,NORTH BEACH,5556,Grey,"", 
SA ,WALLAROO,5556,Grey,"", 
SA ,WALLAROO PLAIN,5556,Grey,"", 
SA ,WARBURTO,5556,Grey,"", 
SA ,AGERY,5558,Grey,"", 
SA ,CROSS ROADS,5558,Grey,"", 
SA ,EAST MOONTA,5558,Grey,"", 
SA ,HAMLEY,5558,Grey,"", 
SA ,KOOROONA,5558,Grey,"", 
SA ,MOONTA,5558,Grey,"", 
SA ,MOONTA BAY,5558,Grey,"", 
SA ,MOONTA MINES,5558,Grey,"", 
SA ,NALYAPPA,5558,Grey,"", 
SA ,NORTH MOONTA,5558,Grey,"", 
SA ,NORTH YELTA,5558,Grey,"", 
SA ,PARAMATTA,5558,Grey,"", 
SA ,PORT HUGHES,5558,Grey,"", 
SA ,YELTA,5558,Grey,"", 
SA ,BUTE,5560,Grey,"", 
SA ,NINNES,5560,Grey,"", 
SA ,CLINTON,5570,Grey,"", 
SA ,CLINTON CENTRE,5570,Grey,"", 
SA ,PRICE,5570,Grey,"", 
SA ,WINULTA,5570,Grey,"", 
SA ,ARDROSSAN,5571,Grey,"", 
SA ,BLACK POINT,5571,Grey,"", 
SA ,CUNNINGHAM,5571,Grey,"", 
SA ,DOWLINGVILLE,5571,Grey,"", 
SA ,JAMES WELL,5571,Grey,"", 
SA ,PETERSVILLE,5571,Grey,"", 
SA ,PINE POINT,5571,Grey,"", 
SA ,ROGUES POINT,5571,Grey,"", 
SA ,SANDILANDS,5571,Grey,"", 
SA ,TIDDY WIDDY BEACH,5571,Grey,"", 
SA ,ARTHURTON,5572,Grey,"", 
SA ,BALGOWAN,5573,Grey,"", 
SA ,CHINAMAN WELLS,5573,Grey,"", 
SA ,MAITLAND,5573,Grey,"", 
SA ,POINT PEARCE,5573,Grey,"", 
SA ,PORT VICTORIA,5573,Grey,"", 
SA ,SOUTH KILKERRAN,5573,Grey,"", 
SA ,URANIA,5573,Grey,"", 
SA ,WAURALTEE,5573,Grey,"", 
SA ,WEETULTA,5573,Grey,"", 
SA ,YORKE VALLEY,5573,Grey,"", 
SA ,BLUFF BEACH,5575,Grey,"", 
SA ,BRENTWOOD,5575,Grey,"", 
SA ,CORNY POINT,5575,Grey,"", 
SA ,HARDWICKE BAY,5575,Grey,"", 
SA ,KOOLYWURTIE,5575,Grey,"", 
SA ,MARION BAY,5575,Grey,"", 
SA ,MINLATON,5575,Grey,"", 
SA ,PARSONS BEACH,5575,Grey,"", 
SA ,POINT TURTON,5575,Grey,"", 
SA ,PORT RICKABY,5575,Grey,"", 
SA ,RAMSAY,5575,Grey,"", 
SA ,WHITE HUT,5575,Grey,"", 
SA ,WOOL BAY,5575,Grey,"", 
SA ,HONITON,5576,Grey,"", 
SA ,PORT MOOROWIE,5576,Grey,"", 
SA ,YORKETOWN,5576,Grey,"", 
SA ,COUCH BEACH,5577,Grey,"", 
SA ,FOUL BAY,5577,Grey,"", 
SA ,INNESTON,5577,Grey,"", 
SA ,POINT SOUTTAR,5577,Grey,"", 
SA ,THE PINES,5577,Grey,"", 
SA ,WAROOKA,5577,Grey,"", 
SA ,CURRAMULKA,5580,Grey,"", 
SA ,PORT JULIA,5580,Grey,"", 
SA ,PORT VINCENT,5581,Grey,"", 
SA ,SHEAOAK FLAT,5581,Grey,"", 
SA ,STANSBURY,5582,Grey,"", 
SA ,COOBOWIE,5583,Grey,"", 
SA ,EDITHBURGH,5583,Grey,"", 
SA ,SULTANA POINT,5583,Grey,"", 
SA ,WHYALLA,5600,Grey,"", 
SA ,WHYALLA PLAYFORD,5600,Grey,"", 
SA ,BACKY POINT,5601,Grey,"", 
SA ,COWLEDS LANDING,5601,Grey,"", 
SA ,DOUGLAS POINT,5601,Grey,"", 
SA ,DOUGLAS POINT SOUTH,5601,Grey,"", 
SA ,FALSE BAY,5601,Grey,"", 
SA ,FITZGERALD BAY,5601,Grey,"", 
SA ,IRON BARON,5601,Grey,"", 
SA ,POINT LOWLY,5601,Grey,"", 
SA ,POINT LOWLY NORTH,5601,Grey,"", 
SA ,COWELL,5602,Grey,"", 
SA ,LUCKY BAY,5602,Grey,"", 
SA ,MANGALO,5602,Grey,"", 
SA ,MIDGEE,5602,Grey,"", 
SA ,MILTALIE,5602,Grey,"", 
SA ,MINBRIE,5602,Grey,"", 
SA ,MITCHELLVILLE,5602,Grey,"", 
SA ,MURNINNIE BEACH,5602,Grey,"", 
SA ,PORT GIBBON,5602,Grey,"", 
SA ,ARNO BAY,5603,Grey,"", 
SA ,VERRAN,5603,Grey,"", 
SA ,WHARMINDA,5603,Grey,"", 
SA ,PORT NEILL,5604,Grey,"", 
SA ,BUTLER,5605,Grey,"", 
SA ,TUMBY BAY,5605,Grey,"", 
SA ,PORT LINCOLN,5606,Grey,"", 
SA ,WEDGE ISLAND,5606,Grey,"", 
SA ,BOSTON,5607,Grey,"", 
SA ,BROOKER,5607,Grey,"", 
SA ,CHARLTON GULLY,5607,Grey,"", 
SA ,COFFIN BAY,5607,Grey,"", 
SA ,COOMUNGA,5607,Grey,"", 
SA ,COULTA,5607,Grey,"", 
SA ,DUCK PONDS,5607,Grey,"", 
SA ,FARM BEACH,5607,Grey,"", 
SA ,FOUNTAIN,5607,Grey,"", 
SA ,GREEN PATCH,5607,Grey,"", 
SA ,HAWSON,5607,Grey,"", 
SA ,KELLIDIE BAY,5607,Grey,"", 
SA ,KIANA,5607,Grey,"", 
SA ,KOPPIO,5607,Grey,"", 
SA ,LIPSON,5607,Grey,"", 
SA ,LITTLE DOUGLAS,5607,Grey,"", 
SA ,LOUTH BAY,5607,Grey,"", 
SA ,MOODY,5607,Grey,"", 
SA ,MOUNT DRUMMOND,5607,Grey,"", 
SA ,MOUNT DUTTON BAY,5607,Grey,"", 
SA ,MOUNT HOPE,5607,Grey,"", 
SA ,MURDINGA,5607,Grey,"", 
SA ,NORTH SHIELDS,5607,Grey,"", 
SA ,PEARLAH,5607,Grey,"", 
SA ,POINT BOSTON,5607,Grey,"", 
SA ,POONINDIE,5607,Grey,"", 
SA ,SHERINGA,5607,Grey,"", 
SA ,SLEAFORD,5607,Grey,"", 
SA ,TIATUKIA,5607,Grey,"", 
SA ,TOOLIGIE,5607,Grey,"", 
SA ,TOOTENILLA,5607,Grey,"", 
SA ,TULKA,5607,Grey,"", 
SA ,ULEY,5607,Grey,"", 
SA ,UNGARRA,5607,Grey,"", 
SA ,VENUS BAY,5607,Grey,"", 
SA ,WANGARY,5607,Grey,"", 
SA ,WANILLA,5607,Grey,"", 
SA ,WHITES FLAT,5607,Grey,"", 
SA ,WHITES RIVER,5607,Grey,"", 
SA ,YALLUNDA FLAT,5607,Grey,"", 
SA ,MULLAQUANA,5608,Grey,"", 
SA ,WHYALLA NORRIE,5608,Grey,"", 
SA ,WHYALLA STUART,5608,Grey,"", 
SA ,MIDDLEBACK RANGE,5609,Grey,"", 
SA ,WHYALLA JENKINS,5609,Grey,"", 
SA ,IRON KNOB,5611,Grey,"", 
SA ,MYOLA STATION,5611,Grey,"", 
SA ,EDILLILIE,5630,Grey,"", 
SA ,COCKALEECHIE,5631,Grey,"", 
SA ,CUMMINS,5631,Grey,"", 
SA ,KAPINNIE,5632,Grey,"", 
SA ,KARKOO,5632,Grey,"", 
SA ,MITCHELL,5632,Grey,"", 
SA ,YEELANNA,5632,Grey,"", 
SA ,BOONERDO,5633,Grey,"", 
SA ,LOCK,5633,Grey,"", 
SA ,ULYERRA,5633,Grey,"", 
SA ,CAMPOONA,5640,Grey,"", 
SA ,CLEVE,5640,Grey,"", 
SA ,JAMIESON,5640,Grey,"", 
SA ,WADDIKEE,5640,Grey,"", 
SA ,BARNA,5641,Grey,"", 
SA ,BUCKLEBOO,5641,Grey,"", 
SA ,CARALUE,5641,Grey,"", 
SA ,CORTLINYE,5641,Grey,"", 
SA ,CUNYARIE,5641,Grey,"", 
SA ,KELLY,5641,Grey,"", 
SA ,KIMBA,5641,Grey,"", 
SA ,MOSELEY,5641,Grey,"", 
SA ,PANITYA,5641,Grey,"", 
SA ,PINKAWILLINIE,5641,Grey,"", 
SA ,SOLOMON,5641,Grey,"", 
SA ,WILCHERRY,5641,Grey,"", 
SA ,YALANDA,5641,Grey,"", 
SA ,DARKE PEAK,5642,Grey,"", 
SA ,KIELPA,5642,Grey,"", 
SA ,MURLONG,5642,Grey,"", 
SA ,RUDALL,5642,Grey,"", 
SA ,COOTRA,5650,Grey,"", 
SA ,KOONGAWA,5650,Grey,"", 
SA ,WARRAMBOO,5650,Grey,"", 
SA ,KYANCUTTA,5651,Grey,"", 
SA ,PYGERY,5652,Grey,"", 
SA ,WUDINNA,5652,Grey,"", 
SA ,YANINEE,5653,Grey,"", 
SA ,COCATA,5654,Grey,"", 
SA ,KARCULTABY,5654,Grey,"", 
SA ,MINNIPA,5654,Grey,"", 
SA ,MOUNT DAMPER,5654,Grey,"", 
SA ,BOCKELBERG,5655,Grey,"", 
SA ,KALDOONERA,5655,Grey,"", 
SA ,POOCHERA,5655,Grey,"", 
SA ,CHILPENUNDA,5660,Grey,"", 
SA ,CUNGENA,5660,Grey,"", 
SA ,KOOLGERA,5661,Grey,"", 
SA ,PIMBAACLA,5661,Grey,"", 
SA ,WALLALA,5661,Grey,"", 
SA ,WIRRULLA,5661,Grey,"", 
SA ,YANTANABIE,5661,Grey,"", 
SA ,BRAMFIELD,5670,Grey,"", 
SA ,COLTON,5670,Grey,"", 
SA ,COOLILLIE,5670,Grey,"", 
SA ,ELLISTON,5670,Grey,"", 
SA ,KAPPAWANTA,5670,Grey,"", 
SA ,MOUNT JOY,5670,Grey,"", 
SA ,MOUNT WEDGE,5670,Grey,"", 
SA ,PALKAGEE,5670,Grey,"", 
SA ,POLDA,5670,Grey,"", 
SA ,TALIA,5670,Grey,"", 
SA ,BAIRD BAY,5671,Grey,"", 
SA ,CALCA,5671,Grey,"", 
SA ,COLLEY,5671,Grey,"", 
SA ,MORTANA,5671,Grey,"", 
SA ,MOUNT COOPER,5671,Grey,"", 
SA ,PORT KENNY,5671,Grey,"", 
SA ,TYRINGA,5671,Grey,"", 
SA ,WITERA,5671,Grey,"", 
SA ,CARAWA,5680,Grey,"", 
SA ,CHANDADA,5680,Grey,"", 
SA ,CHINBINGINA,5680,Grey,"", 
SA ,EBA ANCHORAGE,5680,Grey,"", 
SA ,HASLAM,5680,Grey,"", 
SA ,INKSTER,5680,Grey,"", 
SA ,LAURA BAY,5680,Grey,"", 
SA ,MARYVALE,5680,Grey,"", 
SA ,MUDAMUCKLA,5680,Grey,"", 
SA ,NUNJIKOMPITA,5680,Grey,"", 
SA ,PERLUBIE,5680,Grey,"", 
SA ,PETINA,5680,Grey,"", 
SA ,PIEDNIPPIE,5680,Grey,"", 
SA ,PUNTABIE,5680,Grey,"", 
SA ,SCEALE BAY,5680,Grey,"", 
SA ,SMOKY BAY,5680,Grey,"", 
SA ,STREAKY BAY,5680,Grey,"", 
SA ,TIA TUCKIA,5680,Grey,"", 
SA ,WESTALL,5680,Grey,"", 
SA ,YANERBIE,5680,Grey,"", 
SA ,BOGATI,5690,Grey,"",BOOKABIE
SA ,BOOGABI,5690,Grey,"",BOOKABIE
SA ,BOOKABIE,5690,Grey,"", 
SA ,CEDUNA,5690,Grey,"", 
SA ,CEDUNA WATERS,5690,Grey,"", 
SA ,CHARRA,5690,Grey,"", 
SA ,COORABIE,5690,Grey,"", 
SA ,DENIAL BAY,5690,Grey,"", 
SA ,DINAHLINE,5690,Grey,"", 
SA ,FOWLERS BAY,5690,Grey,"", 
SA ,KALANBI,5690,Grey,"", 
SA ,KOONGAWA DUNDEY COMMUNITY,5690,Grey,"", 
SA ,KOONIBBA,5690,Grey,"", 
SA ,MALTEE,5690,Grey,"", 
SA ,MERGHINY,5690,Grey,"", 
SA ,MUNDA MUNDA WATUTJINNA,5690,Grey,"", 
SA ,NADIA,5690,Grey,"", 
SA ,NULLARBOR,5690,Grey,"", 
SA ,NUNDROO,5690,Grey,"", 
SA ,OAK VALLEY,5690,Grey,"", 
SA ,PENKIMBA HOMESTEAD,5690,Grey,"",OAK VALLEY
SA ,PENONG,5690,Grey,"", 
SA ,THEVENARD,5690,Grey,"", 
SA ,UWORRA,5690,Grey,"", 
SA ,WANDANA,5690,Grey,"", 
SA ,WARE VILLA,5690,Grey,"", 
SA ,WATRABA,5690,Grey,"", 
SA ,WHITE WELL CORNER,5690,Grey,"", 
SA ,YALATA,5690,Grey,"", 
SA ,YARILENA COMMUNITY,5690,Grey,"", 
SA ,BLANCHE HARBOR,5700,Grey,"", 
SA ,COMMISSARIAT POINT,5700,Grey,"", 
SA ,CULTANA,5700,Grey,"", 
SA ,DAVENPORT,5700,Grey,"", 
SA ,MIRANDA,5700,Grey,"", 
SA ,PORT AUGUSTA,5700,Grey,"", 
SA ,PORT AUGUSTA WEST,5700,Grey,"", 
SA ,PORT PATERSON,5700,Grey,"", 
SA ,WAMI KATA,5700,Grey,"", 
SA ,WINNINOWIE,5700,Grey,"", 
SA ,ARKAROOLA,5701,Grey,"", 
SA ,ARKAROOLA VILLAGE,5701,Grey,"", 
SA ,CARRIEWERLOO,5701,Grey,"", 
SA ,COMMONWEALTH HILL,5701,Grey,"", 
SA ,COOK,5701,Grey,"", 
SA ,COONDAMBO,5701,Grey,"", 
SA ,EMEROO,5701,Grey,"", 
SA ,ETADUNNA,5701,Grey,"", 
SA ,GLENDAMBO,5701,Grey,"", 
SA ,KOLENDO,5701,Grey,"", 
SA ,KOOTABERRA,5701,Grey,"", 
SA ,LAKE EVERARD,5701,Grey,"", 
SA ,MAHANEWO,5701,Grey,"", 
SA ,MOOMBA,5701,Grey,"", 
SA ,MOONAREE,5701,Grey,"", 
SA ,MOUNT IVE,5701,Grey,"", 
SA ,MULGATHING,5701,Grey,"", 
SA ,NARCOONA,5701,Grey,"", 
SA ,NONNING,5701,Grey,"", 
SA ,NORTH WELL,5701,Grey,"", 
SA ,OAKDEN HILLS,5701,Grey,"", 
SA ,PANDIE PANDIE,5701,Grey,"", 
SA ,PANDURRA,5701,Grey,"", 
SA ,PERNATTY,5701,Grey,"", 
SA ,SIAM,5701,Grey,"", 
SA ,SOUTH GAP,5701,Grey,"", 
SA ,TARCOOLA,5701,Grey,"", 
SA ,THURLGA,5701,Grey,"", 
SA ,WARTAKA,5701,Grey,"", 
SA ,WILKATANA STATION,5701,Grey,"", 
SA ,WILLIAM CREEK,5701,Grey,"", 
SA ,WIRRAMINNA,5701,Grey,"", 
SA ,WOOLUNDUNGA,5701,Grey,"", 
SA ,YADLAMALKA,5701,Grey,"", 
SA ,YARDEA,5701,Grey,"", 
SA ,STIRLING NORTH,5710,Grey,"", 
SA ,YALYMBOO,5715,Grey,"", 
SA ,YUDNAPINNA,5715,Grey,"", 
SA ,HILTABA,5717,Grey,"", 
SA ,KONDOOLKA,5717,Grey,"", 
SA ,UNO,5717,Grey,"", 
SA ,KINGOONYA,5719,Grey,"", 
SA ,BOSWORTH,5720,Grey,"", 
SA ,PIMBA,5720,Grey,"", 
SA ,STUARTS CREEK,5720,Grey,"", 
SA ,WOOMERA,5720,Grey,"", 
SA ,ANDAMOOKA,5722,Grey,"", 
SA ,ALLANDALE STATION,5723,Grey,"", 
SA ,ANNA CREEK,5723,Grey,"", 
SA ,COOBER PEDY,5723,Grey,"", 
SA ,NILPINNA STATION,5723,Grey,"", 
SA ,UMOONA,5723,Grey,"", 
SA ,MARLA,5724,Grey,"", 
SA ,MINTABIE,5724,Grey,"", 
SA ,OLYMPIC DAM,5725,Grey,"", 
SA ,ROXBY DOWNS,5725,Grey,"", 
SA ,BELTANA,5730,Grey,"", 
SA ,BLINMAN,5730,Grey,"", 
SA ,MOTPENA,5730,Grey,"", 
SA ,PARACHILNA,5730,Grey,"", 
SA ,CORDILLO DOWNS,5731,Grey,"", 
SA ,INNAMINCKA,5731,Grey,"", 
SA ,LEIGH CREEK,5731,Grey,"", 
SA ,LYNDHURST,5731,Grey,"", 
SA ,COPLEY,5732,Grey,"", 
SA ,IGA WARTA,5732,Grey,"", 
SA ,NEPABUNNA,5732,Grey,"", 
SA ,COWARIE,5733,Grey,"", 
SA ,MARREE,5733,Grey,"", 
SA ,MACUMBA,5734,Grey,"", 
SA ,OODNADATTA,5734,Grey,"", 
SA ,WITJIRA,5734,Grey,"", 
SA ,ADELAIDE AIRPORT,5950,Hindmarsh,"", 
WA ,PERTH,6000,Perth,"", 
WA ,HIGHGATE,6003,Perth,"", 
WA ,NORTHBRIDGE,6003,Perth,"", 
WA ,EAST PERTH,6004,Perth,"", 
WA ,KINGS PARK,6005,Perth,"", 
WA ,WEST PERTH,6005,Perth,"", 
WA ,NORTH PERTH,6006,Perth,"", 
WA ,LEEDERVILLE,6007,Perth,"", 
WA ,WEST LEEDERVILLE,6007,Curtin,"", 
WA ,DAGLISH,6008,Curtin,"", 
WA ,SHENTON PARK,6008,Curtin,"", 
WA ,SUBIACO,6008,Curtin,"", 
WA ,CRAWLEY,6009,Curtin,"", 
WA ,DALKEITH,6009,Curtin,"", 
WA ,NEDLANDS,6009,Curtin,"", 
WA ,CLAREMONT,6010,Curtin,"", 
WA ,KARRAKATTA,6010,Curtin,"", 
WA ,MT CLAREMONT,6010,Curtin,"", 
WA ,SWANBOURNE,6010,Curtin,"", 
WA ,COTTESLOE,6011,Curtin,"", 
WA ,PEPPERMINT GROVE,6011,Curtin,"", 
WA ,MOSMAN PARK,6012,Curtin,"", 
WA ,FLOREAT,6014,Curtin,"", 
WA ,JOLIMONT,6014,Curtin,"", 
WA ,WEMBLEY,6014,Curtin,"", 
WA ,CITY BEACH,6015,Curtin,"", 
WA ,GLENDALOUGH,6016,Curtin,"", 
WA ,MT HAWTHORN,6016,Perth,"", 
WA ,OSBORNE PARK,6017,Cowan,"", 
WA ,OSBORNE PARK,6017,Curtin,"", 
WA ,OSBORNE PARK,6017,Perth,"", 
WA ,CHURCHLANDS,6018,Curtin,"", 
WA ,DOUBLEVIEW,6018,Curtin,"", 
WA ,GWELUP,6018,Curtin,"", 
WA ,GWELUP,6018,Moore,"", 
WA ,INNALOO,6018,Curtin,"", 
WA ,KARRINYUP,6018,Curtin,"", 
WA ,KARRINYUP,6018,Moore,"", 
WA ,WOODLANDS,6018,Curtin,"", 
WA ,SCARBOROUGH,6019,Curtin,"", 
WA ,WEMBLEY DOWNS,6019,Curtin,"", 
WA ,CARINE,6020,Moore,"", 
WA ,MARMION,6020,Moore,"", 
WA ,NORTH BEACH,6020,Moore,"", 
WA ,SORRENTO,6020,Moore,"", 
WA ,WATERMANS BAY,6020,Moore,"", 
WA ,BALCATTA,6021,Cowan,"", 
WA ,STIRLING,6021,Cowan,"", 
WA ,HAMERSLEY,6022,Cowan,"", 
WA ,DUNCRAIG,6023,Moore,"", 
WA ,GREENWOOD,6024,Cowan,"", 
WA ,WARWICK,6024,Cowan,"", 
WA ,CRAIGIE,6025,Moore,"", 
WA ,HILLARYS,6025,Moore,"", 
WA ,KALLAROO,6025,Moore,"", 
WA ,PADBURY,6025,Moore,"", 
WA ,KINGSLEY,6026,Moore,"", 
WA ,WOODVALE,6026,Moore,"", 
WA ,BELDON,6027,Moore,"", 
WA ,CONNOLLY,6027,Moore,"", 
WA ,EDGEWATER,6027,Moore,"", 
WA ,HEATHRIDGE,6027,Moore,"", 
WA ,JOONDALUP,6027,Moore,"", 
WA ,MULLALOO,6027,Moore,"", 
WA ,OCEAN REEF,6027,Moore,"", 
WA ,BURNS BEACH,6028,Moore,"", 
WA ,CURRAMBINE,6028,Moore,"", 
WA ,ILUKA,6028,Moore,"", 
WA ,KINROSS,6028,Moore,"", 
WA ,TRIGG,6029,Curtin,"", 
WA ,TRIGG,6029,Moore,"", 
WA ,CLARKSON,6030,Pearce,"", 
WA ,MERRIWA,6030,Pearce,"", 
WA ,MINDARIE,6030,Pearce,"", 
WA ,QUINNS ROCKS,6030,Pearce,"", 
WA ,RIDGEWOOD,6030,Pearce,"", 
WA ,TAMALA PARK,6030,Pearce,"", 
WA ,BANKSIA GROVE,6031,Pearce,"", 
WA ,CARRAMAR,6031,Pearce,"", 
WA ,NEERABUP,6031,Pearce,"", 
WA ,NOWERGUP,6032,Pearce,"", 
WA ,CARABOODA,6033,Pearce,"", 
WA ,EGLINTON,6034,Pearce,"", 
WA ,YANCHEP,6035,Pearce,"", 
WA ,BUTLER,6036,Pearce,"", 
WA ,JINDALEE,6036,Pearce,"", 
WA ,TWO ROCKS,6037,Pearce,"", 
WA ,ALKIMOS,6038,Pearce,"", 
WA ,CARABAN,6041,Durack,"", 
WA ,GABBADAH,6041,Durack,"", 
WA ,GUILDERTON,6041,Durack,"", 
WA ,WILBINGA,6041,Durack,"", 
WA ,WOODRIDGE,6041,Durack,"", 
WA ,SEABIRD,6042,Durack,"", 
WA ,BRETON BAY,6043,Durack,"", 
WA ,LEDGE POINT,6043,Durack,"", 
WA ,KARAKIN,6044,Durack,"", 
WA ,LANCELIN,6044,Durack,"", 
WA ,NILGEN,6044,Durack,"", 
WA ,WEDGE ISLAND,6044,Durack,"", 
WA ,COOLBINIA,6050,Perth,"", 
WA ,MENORA,6050,Perth,"", 
WA ,MT LAWLEY,6050,Perth,"", 
WA ,MAYLANDS,6051,Perth,"", 
WA ,BEDFORD,6052,Perth,"", 
WA ,INGLEWOOD,6052,Perth,"", 
WA ,BAYSWATER,6053,Perth,"", 
WA ,ASHFIELD,6054,Perth,"", 
WA ,BASSENDEAN,6054,Perth,"", 
WA ,EDEN HILL,6054,Perth,"", 
WA ,KIARA,6054,Cowan,"", 
WA ,LOCKRIDGE,6054,Cowan,"", 
WA ,BRABHAM,6055,Hasluck,"", 
WA ,BUSHMEAD,6055,Hasluck,"", 
WA ,CAVERSHAM,6055,Hasluck,"", 
WA ,DAYTON,6055,Hasluck,"", 
WA ,GUILDFORD,6055,Hasluck,"", 
WA ,HAZELMERE,6055,Hasluck,"", 
WA ,HENLEY BROOK,6055,Hasluck,"", 
WA ,SOUTH GUILDFORD,6055,Hasluck,"", 
WA ,SOUTH GUILDFORD,6055,Swan,"", 
WA ,WEST SWAN,6055,Hasluck,"", 
WA ,BASKERVILLE,6056,Hasluck,"", 
WA ,BELLEVUE,6056,Hasluck,"", 
WA ,BOYA,6056,Hasluck,"", 
WA ,GREENMOUNT,6056,Hasluck,"", 
WA ,HELENA VALLEY,6056,Hasluck,"", 
WA ,HERNE HILL,6056,Hasluck,"", 
WA ,JANE BROOK,6056,Hasluck,"", 
WA ,KOONGAMIA,6056,Hasluck,"", 
WA ,MIDDLE SWAN,6056,Hasluck,"", 
WA ,MIDLAND,6056,Hasluck,"", 
WA ,MIDVALE,6056,Hasluck,"", 
WA ,MILLENDON,6056,Hasluck,"", 
WA ,RED HILL,6056,Hasluck,"", 
WA ,STRATTON,6056,Hasluck,"", 
WA ,SWAN VIEW,6056,Hasluck,"", 
WA ,VIVEASH,6056,Hasluck,"", 
WA ,WOODBRIDGE,6056,Hasluck,"", 
WA ,HIGH WYCOMBE,6057,Swan,"", 
WA ,MAIDA VALE,6057,Swan,"", 
WA ,FORRESTFIELD,6058,Swan,"", 
WA ,DIANELLA,6059,Cowan,"", 
WA ,DIANELLA,6059,Perth,"", 
WA ,DIANELLA HEIGHTS,6059,Cowan,"",DIANELLA
WA ,DIANELLA HEIGHTS,6059,Perth,"",DIANELLA
WA ,JOONDANNA,6060,Perth,"", 
WA ,TUART HILL,6060,Perth,"", 
WA ,YOKINE,6060,Perth,"", 
WA ,BALGA,6061,Cowan,"", 
WA ,MIRRABOOKA,6061,Cowan,"", 
WA ,NOLLAMARA,6061,Cowan,"", 
WA ,WESTMINSTER,6061,Cowan,"", 
WA ,EMBLETON,6062,Perth,"", 
WA ,MORLEY,6062,Cowan,"", 
WA ,MORLEY,6062,Perth,"", 
WA ,NORANDA,6062,Cowan,"", 
WA ,BEECHBORO,6063,Cowan,"", 
WA ,BENNETT SPRINGS,6063,Hasluck,"", 
WA ,ALEXANDER HEIGHTS,6064,Cowan,"", 
WA ,GIRRAWHEEN,6064,Cowan,"", 
WA ,KOONDOOLA,6064,Cowan,"", 
WA ,MARANGAROO,6064,Cowan,"", 
WA ,ASHBY,6065,Pearce,"", 
WA ,DARCH,6065,Pearce,"", 
WA ,HOCKING,6065,Pearce,"", 
WA ,LANDSDALE,6065,Pearce,"", 
WA ,MADELEY,6065,Pearce,"", 
WA ,PEARSALL,6065,Pearce,"", 
WA ,SINAGRA,6065,Pearce,"", 
WA ,TAPPING,6065,Pearce,"", 
WA ,WANGARA,6065,Pearce,"", 
WA ,WANNEROO,6065,Pearce,"", 
WA ,BALLAJURA,6066,Cowan,"", 
WA ,BALLAJURA,6066,Pearce,"", 
WA ,CULLACABARDEE,6067,Pearce,"", 
WA ,WHITEMAN,6068,Hasluck,"", 
WA ,AVELEY,6069,Hasluck,"", 
WA ,BELHUS,6069,Hasluck,"", 
WA ,BRIGADOON,6069,Hasluck,"", 
WA ,ELLENBROOK,6069,Hasluck,"", 
WA ,THE VINES,6069,Hasluck,"", 
WA ,UPPER SWAN,6069,Hasluck,"", 
WA ,DARLINGTON,6070,Hasluck,"", 
WA ,GLEN FORREST,6071,Hasluck,"", 
WA ,HOVEA,6071,Hasluck,"", 
WA ,MAHOGANY CREEK,6072,Hasluck,"", 
WA ,MUNDARING,6073,Hasluck,"", 
WA ,SAWYERS VALLEY,6074,Hasluck,"", 
WA ,BICKLEY,6076,Hasluck,"", 
WA ,CARMEL,6076,Canning,"", 
WA ,GOOSEBERRY HILL,6076,Hasluck,"", 
WA ,HACKETTS GULLY,6076,Hasluck,"", 
WA ,KALAMUNDA,6076,Hasluck,"", 
WA ,LESMURDIE,6076,Hasluck,"", 
WA ,PAULLS VALLEY,6076,Hasluck,"", 
WA ,PICKERING BROOK,6076,Canning,"", 
WA ,PIESSE BROOK,6076,Hasluck,"", 
WA ,RESERVOIR,6076,Hasluck,"", 
WA ,WALLISTON,6076,Hasluck,"", 
WA ,GNANGARA,6077,Pearce,"", 
WA ,JANDABUP,6077,Pearce,"", 
WA ,MARIGINIUP,6078,Pearce,"", 
WA ,PINJAR,6078,Pearce,"", 
WA ,LEXIA,6079,Pearce,"", 
WA ,MELALEUCA,6079,Pearce,"", 
WA ,PARKERVILLE,6081,Hasluck,"", 
WA ,STONEVILLE,6081,Hasluck,"", 
WA ,BAILUP,6082,Hasluck,"", 
WA ,MT HELENA,6082,Hasluck,"", 
WA ,GIDGEGANNUP,6083,Hasluck,"", 
WA ,MORANGUP,6083,Durack,"", 
WA ,AVON VALLEY NATIONAL PARK,6084,Durack,"", 
WA ,BULLSBROOK,6084,Durack,"", 
WA ,CHITTERING,6084,Durack,"", 
WA ,LOWER CHITTERING,6084,Durack,"", 
WA ,RAAF BASE PEARCE,6084,Durack,"",BULLSBROOK
WA ,WALYUNGA NATIONAL PARK,6084,Durack,"", 
WA ,MALAGA,6090,Cowan,"", 
WA ,BURSWOOD,6100,Swan,"", 
WA ,LATHLAIN,6100,Swan,"", 
WA ,VICTORIA PARK,6100,Swan,"", 
WA ,CARLISLE,6101,Swan,"", 
WA ,EAST VICTORIA PARK,6101,Swan,"", 
WA ,BENTLEY,6102,Swan,"", 
WA ,ST JAMES,6102,Swan,"", 
WA ,RIVERVALE,6103,Swan,"", 
WA ,ASCOT,6104,Swan,"", 
WA ,BELMONT,6104,Swan,"", 
WA ,REDCLIFFE,6104,Swan,"", 
WA ,CLOVERDALE,6105,Swan,"", 
WA ,KEWDALE,6105,Swan,"", 
WA ,PERTH AIRPORT,6105,Swan,"", 
WA ,WELSHPOOL,6106,Swan,"", 
WA ,BECKENHAM,6107,Burt,"", 
WA ,CANNINGTON,6107,Swan,"", 
WA ,EAST CANNINGTON,6107,Swan,"", 
WA ,KENWICK,6107,Burt,"", 
WA ,QUEENS PARK,6107,Swan,"", 
WA ,WATTLE GROVE,6107,Swan,"", 
WA ,WILSON,6107,Tangney,"", 
WA ,THORNLIE,6108,Burt,"", 
WA ,MADDINGTON,6109,Burt,"", 
WA ,ORANGE GROVE,6109,Burt,"", 
WA ,GOSNELLS,6110,Burt,"", 
WA ,HUNTINGDALE,6110,Burt,"", 
WA ,MARTIN,6110,Burt,"", 
WA ,MARTIN,6110,Canning,"", 
WA ,SOUTHERN RIVER,6110,Burt,"", 
WA ,ASHENDON,6111,Canning,"", 
WA ,CAMILLO,6111,Burt,"", 
WA ,CANNING MILLS,6111,Canning,"", 
WA ,CHAMPION LAKES,6111,Burt,"", 
WA ,KARRAGULLEN,6111,Canning,"", 
WA ,KELMSCOTT,6111,Burt,"", 
WA ,ROLEYSTONE,6111,Canning,"", 
WA ,ARMADALE,6112,Burt,"", 
WA ,BEDFORDALE,6112,Canning,"", 
WA ,BROOKDALE,6112,Burt,"", 
WA ,FORRESTDALE,6112,Burt,"", 
WA ,HARRISDALE,6112,Burt,"", 
WA ,HAYNES,6112,Burt,"", 
WA ,HILBERT,6112,Burt,"", 
WA ,HILBERT,6112,Canning,"", 
WA ,MT NASURA,6112,Burt,"", 
WA ,MT RICHON,6112,Canning,"", 
WA ,PIARA WATERS,6112,Burt,"", 
WA ,SEVILLE GROVE,6112,Burt,"", 
WA ,WUNGONG,6112,Burt,"", 
WA ,WUNGONG,6112,Canning,"", 
WA ,OAKFORD,6121,Canning,"", 
WA ,OLDBURY,6121,Canning,"", 
WA ,BYFORD,6122,Canning,"", 
WA ,CARDUP,6122,Canning,"", 
WA ,DARLING DOWNS,6122,Canning,"", 
WA ,KARRAKUP,6122,Canning,"", 
WA ,MUNDIJONG,6123,Canning,"", 
WA ,WHITBY,6123,Canning,"", 
WA ,JARRAHDALE,6124,Canning,"", 
WA ,HOPELAND,6125,Canning,"", 
WA ,MARDELLA,6125,Canning,"", 
WA ,SERPENTINE,6125,Canning,"", 
WA ,KEYSBROOK,6126,Canning,"", 
WA ,LANGFORD,6147,Burt,"", 
WA ,LYNWOOD,6147,Tangney,"", 
WA ,PARKWOOD,6147,Tangney,"", 
WA ,FERNDALE,6148,Tangney,"", 
WA ,RIVERTON,6148,Tangney,"", 
WA ,ROSSMOYNE,6148,Tangney,"", 
WA ,SHELLEY,6148,Tangney,"", 
WA ,BULL CREEK,6149,Tangney,"", 
WA ,LEEMING,6149,Tangney,"", 
WA ,BATEMAN,6150,Tangney,"", 
WA ,MURDOCH,6150,Tangney,"", 
WA ,WINTHROP,6150,Tangney,"", 
WA ,KENSINGTON,6151,Swan,"", 
WA ,SOUTH PERTH,6151,Swan,"", 
WA ,COMO,6152,Swan,"", 
WA ,KARAWARA,6152,Swan,"", 
WA ,MANNING,6152,Swan,"", 
WA ,SALTER POINT,6152,Swan,"", 
WA ,WATERFORD,6152,Swan,"", 
WA ,APPLECROSS,6153,Tangney,"", 
WA ,ARDROSS,6153,Tangney,"", 
WA ,BRENTWOOD,6153,Tangney,"", 
WA ,CANNING BRIDGE,6153,Tangney,"",APPLECROSS
WA ,MT PLEASANT,6153,Tangney,"", 
WA ,ALFRED COVE,6154,Tangney,"", 
WA ,BOORAGOON,6154,Tangney,"", 
WA ,MYAREE,6154,Tangney,"", 
WA ,BURRENDAH,6155,Tangney,"",WILLETTON
WA ,CANNING VALE,6155,Tangney,"", 
WA ,ROSTRATA,6155,Tangney,"",WILLETTON
WA ,WILLETTON,6155,Tangney,"", 
WA ,ATTADALE,6156,Tangney,"", 
WA ,MELVILLE,6156,Tangney,"", 
WA ,WILLAGEE,6156,Tangney,"", 
WA ,BICTON,6157,Tangney,"", 
WA ,PALMYRA,6157,Fremantle,"", 
WA ,EAST FREMANTLE,6158,Fremantle,"", 
WA ,NORTH FREMANTLE,6159,Fremantle,"", 
WA ,FREMANTLE,6160,Fremantle,"", 
WA ,ROTTNEST ISLAND,6161,Fremantle,"", 
WA ,BEACONSFIELD,6162,Fremantle,"", 
WA ,SOUTH FREMANTLE,6162,Fremantle,"", 
WA ,WHITE GUM VALLEY,6162,Fremantle,"", 
WA ,BIBRA LAKE,6163,Fremantle,"", 
WA ,COOLBELLUP,6163,Fremantle,"", 
WA ,HAMILTON HILL,6163,Fremantle,"", 
WA ,HILTON,6163,Fremantle,"", 
WA ,KARDINYA,6163,Fremantle,"", 
WA ,KARDINYA,6163,Tangney,"", 
WA ,NORTH COOGEE,6163,Fremantle,"", 
WA ,NORTH LAKE,6163,Fremantle,"", 
WA ,O'CONNOR,6163,Fremantle,"", 
WA ,SAMSON,6163,Fremantle,"", 
WA ,SPEARWOOD,6163,Fremantle,"", 
WA ,ATWELL,6164,Fremantle,"", 
WA ,AUBIN GROVE,6164,Fremantle,"", 
WA ,BANJUP,6164,Fremantle,"", 
WA ,BEELIAR,6164,Fremantle,"", 
WA ,COCKBURN CENTRAL,6164,Fremantle,"", 
WA ,HAMMOND PARK,6164,Fremantle,"", 
WA ,JANDAKOT,6164,Fremantle,"", 
WA ,SOUTH LAKE,6164,Fremantle,"", 
WA ,SUCCESS,6164,Fremantle,"", 
WA ,TREEBY,6164,Fremantle,"", 
WA ,YANGEBUP,6164,Fremantle,"", 
WA ,HOPE VALLEY,6165,Brand,"", 
WA ,NAVAL BASE,6165,Brand,"", 
WA ,COOGEE,6166,Fremantle,"", 
WA ,HENDERSON,6166,Fremantle,"", 
WA ,LAKE COOGEE,6166,Fremantle,"", 
WA ,MUNSTER,6166,Fremantle,"", 
WA ,WATTLEUP,6166,Fremantle,"", 
WA ,ANKETELL,6167,Brand,"", 
WA ,BERTRAM,6167,Brand,"", 
WA ,CALISTA,6167,Brand,"", 
WA ,CASUARINA,6167,Brand,"", 
WA ,KWINANA BEACH,6167,Brand,"", 
WA ,KWINANA TOWN CENTRE,6167,Brand,"", 
WA ,MANDOGALUP,6167,Brand,"", 
WA ,MEDINA,6167,Brand,"", 
WA ,ORELIA,6167,Brand,"", 
WA ,PARMELIA,6167,Brand,"", 
WA ,POSTANS,6167,Brand,"", 
WA ,THE SPECTACLES,6167,Brand,"", 
WA ,WANDI,6167,Brand,"", 
WA ,COOLOONGUP,6168,Brand,"", 
WA ,EAST ROCKINGHAM,6168,Brand,"", 
WA ,GARDEN ISLAND,6168,Brand,"", 
WA ,HILLMAN,6168,Brand,"", 
WA ,PERON,6168,Brand,"", 
WA ,POINT PERON,6168,Brand,"",PERON
WA ,ROCKINGHAM,6168,Brand,"", 
WA ,SAFETY BAY,6169,Brand,"", 
WA ,SHOALWATER,6169,Brand,"", 
WA ,WAIKIKI,6169,Brand,"", 
WA ,WARNBRO,6169,Brand,"", 
WA ,LEDA,6170,Brand,"", 
WA ,WELLARD,6170,Brand,"", 
WA ,BALDIVIS,6171,Brand,"", 
WA ,PORT KENNEDY,6172,Brand,"", 
WA ,SECRET HARBOUR,6173,Brand,"", 
WA ,GOLDEN BAY,6174,Brand,"", 
WA ,SINGLETON,6175,Brand,"", 
WA ,KARNUP,6176,Brand,"", 
WA ,LAKELANDS,6180,Canning,"", 
WA ,PARKLANDS,6180,Canning,"", 
WA ,STAKE HILL,6181,Canning,"", 
WA ,KERALUP,6182,Brand,"", 
WA ,MYARA,6207,Canning,"", 
WA ,NAMBEELUP,6207,Canning,"", 
WA ,NORTH DANDALUP,6207,Canning,"", 
WA ,WHITTAKER,6207,Canning,"", 
WA ,BLYTHEWOOD,6208,Canning,"", 
WA ,FAIRBRIDGE,6208,Canning,"", 
WA ,MEELON,6208,Canning,"", 
WA ,NIRIMBA,6208,Canning,"", 
WA ,NORTH YUNDERUP,6208,Canning,"", 
WA ,OAKLEY,6208,Canning,"", 
WA ,PINJARRA,6208,Canning,"", 
WA ,POINT GREY,6208,Canning,"", 
WA ,RAVENSWOOD,6208,Canning,"", 
WA ,SOUTH YUNDERUP,6208,Canning,"", 
WA ,WEST PINJARRA,6208,Canning,"", 
WA ,BARRAGUP,6209,Canning,"", 
WA ,FURNISSDALE,6209,Canning,"", 
WA ,COODANUP,6210,Canning,"", 
WA ,DUDLEY PARK,6210,Canning,"", 
WA ,ERSKINE,6210,Canning,"", 
WA ,FALCON,6210,Canning,"", 
WA ,GREENFIELDS,6210,Canning,"", 
WA ,HALLS HEAD,6210,Canning,"", 
WA ,MADORA BAY,6210,Canning,"", 
WA ,MANDURAH,6210,Canning,"", 
WA ,MEADOW SPRINGS,6210,Canning,"", 
WA ,SAN REMO,6210,Canning,"", 
WA ,SILVER SANDS,6210,Canning,"", 
WA ,WANNANUP,6210,Canning,"", 
WA ,BOUVARD,6211,Canning,"", 
WA ,DAWESVILLE,6211,Canning,"", 
WA ,HERRON,6211,Canning,"", 
WA ,DWELLINGUP,6213,Canning,"", 
WA ,HOLYOAKE,6213,Canning,"", 
WA ,INGLEHOPE,6213,Canning,"", 
WA ,MARRINUP,6213,Canning,"", 
WA ,TEESDALE,6213,Canning,"", 
WA ,BIRCHMONT,6214,Canning,"", 
WA ,COOLUP,6214,Canning,"", 
WA ,WEST COOLUP,6214,Canning,"", 
WA ,HAMEL,6215,Canning,"", 
WA ,LAKE CLIFTON,6215,Canning,"", 
WA ,NANGA BROOK,6215,Canning,"", 
WA ,PRESTON BEACH,6215,Canning,"", 
WA ,WAGERUP,6215,Canning,"", 
WA ,WAROONA,6215,Canning,"", 
WA ,YARLOOP,6218,Forrest,"", 
WA ,COOKERNUP,6219,Forrest,"", 
WA ,HARVEY,6220,Forrest,"", 
WA ,HOFFMAN,6220,Forrest,"", 
WA ,MYALUP,6220,Forrest,"", 
WA ,UDUC,6220,Forrest,"", 
WA ,WARAWARRUP,6220,Forrest,"", 
WA ,MORNINGTON,6221,Forrest,"", 
WA ,WOKALUP,6221,Forrest,"", 
WA ,BENGER,6223,Forrest,"", 
WA ,BEELA,6224,Forrest,"", 
WA ,BRUNSWICK,6224,Forrest,"", 
WA ,ALLANSON,6225,O'Connor,"", 
WA ,BOWELLING,6225,O'Connor,"", 
WA ,BUCKINGHAM,6225,O'Connor,"", 
WA ,CARDIFF,6225,O'Connor,"", 
WA ,COLLIE,6225,O'Connor,"", 
WA ,COLLIE BURN,6225,O'Connor,"", 
WA ,HARRIS RIVER,6225,O'Connor,"", 
WA ,LYALLS MILL,6225,O'Connor,"", 
WA ,MCALINDEN,6225,O'Connor,"", 
WA ,MUJA,6225,O'Connor,"", 
WA ,MUMBALLUP,6225,Forrest,"", 
WA ,MUNGALUP,6225,O'Connor,"", 
WA ,NOGGERUP,6225,Forrest,"", 
WA ,PALMER,6225,O'Connor,"", 
WA ,PRESTON SETTLEMENT,6225,O'Connor,"", 
WA ,SHOTTS,6225,O'Connor,"", 
WA ,WORSLEY,6225,O'Connor,"", 
WA ,YOURDAMUNG LAKE,6225,O'Connor,"", 
WA ,ROELANDS,6226,Forrest,"", 
WA ,BUREKUP,6227,Forrest,"", 
WA ,WATERLOO,6228,Forrest,"", 
WA ,PICTON,6229,Forrest,"", 
WA ,PICTON EAST,6229,Forrest,"", 
WA ,BUNBURY,6230,Forrest,"", 
WA ,CAREY PARK,6230,Forrest,"", 
WA ,COLLEGE GROVE,6230,Forrest,"", 
WA ,DALYELLUP,6230,Forrest,"", 
WA ,DAVENPORT,6230,Forrest,"", 
WA ,EAST BUNBURY,6230,Forrest,"", 
WA ,GELORUP,6230,Forrest,"", 
WA ,GLEN IRIS,6230,Forrest,"", 
WA ,PELICAN POINT,6230,Forrest,"", 
WA ,SOUTH BUNBURY,6230,Forrest,"", 
WA ,USHER,6230,Forrest,"", 
WA ,VITTORIA,6230,Forrest,"", 
WA ,WITHERS,6230,Forrest,"", 
WA ,EATON,6232,Forrest,"", 
WA ,MILLBRIDGE,6232,Forrest,"", 
WA ,AUSTRALIND,6233,Forrest,"", 
WA ,BINNINGUP,6233,Forrest,"", 
WA ,CLIFTON PARK,6233,Forrest,"",AUSTRALIND
WA ,KINGSTON,6233,Forrest,"",AUSTRALIND
WA ,LESCHENAULT,6233,Forrest,"", 
WA ,PARKFIELD,6233,Forrest,"", 
WA ,TREENDALE,6233,Forrest,"",AUSTRALIND
WA ,WELLESLEY,6233,Forrest,"", 
WA ,CROOKED BROOK,6236,Forrest,"", 
WA ,DARDANUP,6236,Forrest,"", 
WA ,DARDANUP WEST,6236,Forrest,"", 
WA ,FERGUSON,6236,Forrest,"", 
WA ,HENTY,6236,Forrest,"", 
WA ,PARADISE,6236,Forrest,"", 
WA ,WELLINGTON FOREST,6236,Forrest,"", 
WA ,WELLINGTON MILL,6236,Forrest,"", 
WA ,BOYANUP,6237,Forrest,"", 
WA ,ELGIN,6237,Forrest,"", 
WA ,GWINDINUP,6237,Forrest,"", 
WA ,NORTH BOYANUP,6237,Forrest,"", 
WA ,STRATHAM,6237,Forrest,"", 
WA ,THE PLAINS,6237,Forrest,"", 
WA ,ARGYLE,6239,Forrest,"", 
WA ,BEELERUP,6239,Forrest,"", 
WA ,BROOKHAMPTON,6239,Forrest,"", 
WA ,CHARLEY CREEK,6239,Forrest,"", 
WA ,DONNYBROOK,6239,Forrest,"", 
WA ,GLEN MERVYN,6239,Forrest,"", 
WA ,PAYNEDALE,6239,Forrest,"", 
WA ,QUEENWOOD,6239,Forrest,"", 
WA ,THOMSON BROOK,6239,Forrest,"", 
WA ,UPPER CAPEL,6239,Forrest,"", 
WA ,YABBERUP,6239,Forrest,"", 
WA ,LOWDEN,6240,Forrest,"", 
WA ,WILGA,6243,O'Connor,"", 
WA ,WILGA WEST,6243,Forrest,"", 
WA ,BOYUP BROOK,6244,O'Connor,"", 
WA ,CHOWERUP,6244,O'Connor,"", 
WA ,DINNINUP,6244,O'Connor,"", 
WA ,KULIKUP,6244,O'Connor,"", 
WA ,MAYANUP,6244,O'Connor,"", 
WA ,SCOTTS BROOK,6244,O'Connor,"", 
WA ,TONEBRIDGE,6244,O'Connor,"", 
WA ,TRIGWELL,6244,O'Connor,"", 
WA ,BRAZIER,6251,Forrest,"", 
WA ,KIRUP,6251,Forrest,"", 
WA ,NEWLANDS,6251,Forrest,"", 
WA ,MULLALYUP,6252,Forrest,"", 
WA ,BALINGUP,6253,Forrest,"", 
WA ,GRIMWADE,6253,Forrest,"", 
WA ,SOUTHAMPTON,6253,Forrest,"", 
WA ,GREENBUSHES,6254,O'Connor,"", 
WA ,NORTH GREENBUSHES,6254,O'Connor,"", 
WA ,BENJINUP,6255,O'Connor,"", 
WA ,BRIDGETOWN,6255,O'Connor,"", 
WA ,CATTERICK,6255,O'Connor,"", 
WA ,HESTER,6255,O'Connor,"", 
WA ,HESTER BROOK,6255,O'Connor,"", 
WA ,KANGAROO GULLY,6255,O'Connor,"", 
WA ,WINNEJUP,6255,O'Connor,"", 
WA ,GLENLYNN,6256,O'Connor,"", 
WA ,KINGSTON,6256,O'Connor,"", 
WA ,MARANUP,6256,O'Connor,"", 
WA ,SUNNYSIDE,6256,O'Connor,"", 
WA ,WANDILLUP,6256,O'Connor,"", 
WA ,YORNUP,6256,O'Connor,"", 
WA ,BALBARRUP,6258,O'Connor,"", 
WA ,DEANMILL,6258,O'Connor,"", 
WA ,DIAMOND TREE,6258,O'Connor,"", 
WA ,DINGUP,6258,O'Connor,"", 
WA ,DIXVALE,6258,O'Connor,"", 
WA ,DONNELLY RIVER,6258,O'Connor,"", 
WA ,GLENORAN,6258,O'Connor,"", 
WA ,JARDEE,6258,O'Connor,"", 
WA ,LAKE MUIR,6258,O'Connor,"", 
WA ,LINFARNE,6258,O'Connor,"", 
WA ,MANJIMUP,6258,O'Connor,"", 
WA ,MIDDLESEX,6258,O'Connor,"", 
WA ,MORDALUP,6258,O'Connor,"", 
WA ,PALGARUP,6258,O'Connor,"", 
WA ,PERUP,6258,O'Connor,"", 
WA ,QUINNINUP,6258,O'Connor,"", 
WA ,RINGBARK,6258,O'Connor,"", 
WA ,SMITH BROOK,6258,O'Connor,"", 
WA ,UPPER WARREN,6258,O'Connor,"", 
WA ,WILGARRUP,6258,O'Connor,"", 
WA ,YANMAH,6258,O'Connor,"", 
WA ,BEEDELUP,6260,O'Connor,"", 
WA ,BIDDELIA,6260,O'Connor,"", 
WA ,CALLCUP,6260,O'Connor,"", 
WA ,CHANNYBEARUP,6260,O'Connor,"", 
WA ,COLLINS,6260,O'Connor,"", 
WA ,EASTBROOK,6260,O'Connor,"", 
WA ,LAKE JASPER,6260,O'Connor,"", 
WA ,PEERABEELUP,6260,O'Connor,"", 
WA ,PEMBERTON,6260,O'Connor,"", 
WA ,YEAGARUP,6260,O'Connor,"", 
WA ,BOORARA BROOK,6262,O'Connor,"", 
WA ,CROWEA,6262,O'Connor,"", 
WA ,MEERUP,6262,O'Connor,"", 
WA ,NORTHCLIFFE,6262,O'Connor,"", 
WA ,SHANNON,6262,O'Connor,"", 
WA ,WINDY HARBOUR,6262,O'Connor,"", 
WA ,CAPEL,6271,Forrest,"", 
WA ,CAPEL RIVER,6271,Forrest,"", 
WA ,FORREST BEACH,6271,Forrest,"", 
WA ,PEPPERMINT GROVE BEACH,6271,Forrest,"", 
WA ,STIRLING ESTATE,6271,Forrest,"", 
WA ,BARRABUP,6275,O'Connor,"", 
WA ,CARLOTTA,6275,O'Connor,"", 
WA ,CUNDINUP,6275,Forrest,"", 
WA ,CUNDINUP,6275,O'Connor,"", 
WA ,DARRADUP,6275,O'Connor,"", 
WA ,EAST NANNUP,6275,O'Connor,"", 
WA ,JALBARRAGUP,6275,O'Connor,"", 
WA ,JARRAHWOOD,6275,Forrest,"", 
WA ,NANNUP,6275,O'Connor,"", 
WA ,SCOTT RIVER EAST,6275,O'Connor,"", 
WA ,YOGANUP,6275,Forrest,"", 
WA ,ABBA RIVER,6280,Forrest,"", 
WA ,ABBEY,6280,Forrest,"", 
WA ,ACTON PARK,6280,Forrest,"", 
WA ,AMBERGATE,6280,Forrest,"", 
WA ,ANNIEBROOK,6280,Forrest,"", 
WA ,BOALLIA,6280,Forrest,"", 
WA ,BOVELL,6280,Forrest,"", 
WA ,BROADWATER,6280,Forrest,"", 
WA ,BUSSELTON,6280,Forrest,"", 
WA ,CARBUNUP RIVER,6280,Forrest,"", 
WA ,CHAPMAN HILL,6280,Forrest,"", 
WA ,GEOGRAPHE,6280,Forrest,"", 
WA ,HITHERGREEN,6280,Forrest,"", 
WA ,JINDONG,6280,Forrest,"", 
WA ,KALGUP,6280,Forrest,"", 
WA ,KALOORUP,6280,Forrest,"", 
WA ,KEALY,6280,Forrest,"", 
WA ,LUDLOW,6280,Forrest,"", 
WA ,MARYBROOK,6280,Forrest,"", 
WA ,METRICUP,6280,Forrest,"", 
WA ,NORTH JINDONG,6280,Forrest,"", 
WA ,REINSCOURT,6280,Forrest,"", 
WA ,RUABON,6280,Forrest,"", 
WA ,SABINA RIVER,6280,Forrest,"", 
WA ,SIESTA PARK,6280,Forrest,"", 
WA ,TUTUNUP,6280,Forrest,"", 
WA ,VASSE,6280,Forrest,"", 
WA ,WALSALL,6280,Forrest,"", 
WA ,WEST BUSSELTON,6280,Forrest,"", 
WA ,WILYABRUP,6280,Forrest,"", 
WA ,WONNERUP,6280,Forrest,"", 
WA ,YALYALUP,6280,Forrest,"", 
WA ,YELVERTON,6280,Forrest,"", 
WA ,YOONGARILLUP,6280,Forrest,"", 
WA ,DUNSBOROUGH,6281,Forrest,"", 
WA ,EAGLE BAY,6281,Forrest,"", 
WA ,NATURALISTE,6281,Forrest,"", 
WA ,QUEDJINUP,6281,Forrest,"", 
WA ,QUINDALUP,6281,Forrest,"", 
WA ,YALLINGUP,6282,Forrest,"", 
WA ,YALLINGUP SIDING,6282,Forrest,"", 
WA ,COWARAMUP,6284,Forrest,"", 
WA ,GRACETOWN,6284,Forrest,"", 
WA ,TREETON,6284,Forrest,"", 
WA ,BRAMLEY,6285,Forrest,"", 
WA ,BURNSIDE,6285,Forrest,"", 
WA ,GNARABUP,6285,Forrest,"", 
WA ,MARGARET RIVER,6285,Forrest,"", 
WA ,OSMINGTON,6285,Forrest,"", 
WA ,PREVELLY,6285,Forrest,"", 
WA ,ROSA BROOK,6285,Forrest,"", 
WA ,ROSA GLEN,6285,Forrest,"", 
WA ,BORANUP,6286,Forrest,"", 
WA ,FOREST GROVE,6286,Forrest,"", 
WA ,REDGATE,6286,Forrest,"", 
WA ,WITCHCLIFFE,6286,Forrest,"", 
WA ,ALEXANDRA BRIDGE,6288,Forrest,"", 
WA ,COURTENAY,6288,Forrest,"", 
WA ,HAMELIN BAY,6288,Forrest,"", 
WA ,KARRIDALE,6288,Forrest,"", 
WA ,NILLUP,6288,Forrest,"", 
WA ,SCOTT RIVER,6288,Forrest,"", 
WA ,WARNER GLEN,6288,Forrest,"", 
WA ,AUGUSTA,6290,Forrest,"", 
WA ,DEEPDENE,6290,Forrest,"", 
WA ,EAST AUGUSTA,6290,Forrest,"", 
WA ,KUDARDUP,6290,Forrest,"", 
WA ,LEEUWIN,6290,Forrest,"", 
WA ,MOLLOY ISLAND,6290,Forrest,"", 
WA ,BADGIN,6302,Durack,"", 
WA ,BALLADONG,6302,Durack,"", 
WA ,BURGES,6302,Durack,"", 
WA ,CALJIE,6302,Durack,"", 
WA ,COLD HARBOUR,6302,Durack,"", 
WA ,DALIAK,6302,Durack,"", 
WA ,FLINT,6302,O'Connor,"", 
WA ,FLYNN,6302,Durack,"", 
WA ,GILGERING,6302,Durack,"", 
WA ,GREENHILLS,6302,Durack,"", 
WA ,GWAMBYGINE,6302,Durack,"", 
WA ,INKPEN,6302,Durack,"", 
WA ,KAURING,6302,Durack,"", 
WA ,MALEBELLING,6302,Durack,"", 
WA ,MT HARDEY,6302,Durack,"", 
WA ,MT OBSERVATION,6302,Durack,"", 
WA ,NARRALOGGAN,6302,Durack,"", 
WA ,QUELLINGTON,6302,Durack,"", 
WA ,ST RONANS,6302,Durack,"", 
WA ,TALBOT,6302,Durack,"", 
WA ,TALBOT WEST,6302,O'Connor,"", 
WA ,WILBERFORCE,6302,Durack,"", 
WA ,YORK,6302,Durack,"", 
WA ,BALLY BALLY,6304,O'Connor,"", 
WA ,BEVERLEY,6304,O'Connor,"", 
WA ,DALE,6304,O'Connor,"", 
WA ,EAST BEVERLEY,6304,O'Connor,"", 
WA ,KOKEBY,6304,O'Connor,"", 
WA ,MORBINNING,6304,O'Connor,"", 
WA ,WESTDALE,6304,O'Connor,"", 
WA ,ALDERSYDE,6306,O'Connor,"", 
WA ,BROOKTON,6306,O'Connor,"", 
WA ,BULYEE,6306,O'Connor,"", 
WA ,JELCOBINE,6306,O'Connor,"", 
WA ,KWEDA,6306,O'Connor,"", 
WA ,CODJATOTINE,6308,O'Connor,"", 
WA ,DWARDA,6308,O'Connor,"", 
WA ,EAST PINGELLY,6308,O'Connor,"", 
WA ,GILLIMANNING,6308,O'Connor,"", 
WA ,HASTINGS,6308,O'Connor,"", 
WA ,PINGELLY,6308,O'Connor,"", 
WA ,PUMPHREYS BRIDGE,6308,O'Connor,"", 
WA ,SPRINGS,6308,O'Connor,"", 
WA ,WANDERING,6308,O'Connor,"", 
WA ,WEST PINGELLY,6308,O'Connor,"", 
WA ,EAST POPANYINNING,6309,O'Connor,"", 
WA ,POPANYINNING,6309,O'Connor,"", 
WA ,STRATHERNE,6309,O'Connor,"", 
WA ,WEST POPANYINNING,6309,O'Connor,"", 
WA ,COMMODINE,6311,O'Connor,"", 
WA ,CONTINE,6311,O'Connor,"", 
WA ,CUBALLING,6311,O'Connor,"", 
WA ,DRYANDRA,6311,O'Connor,"", 
WA ,LOL GRAY,6311,O'Connor,"", 
WA ,TOWNSENDALE,6311,O'Connor,"", 
WA ,WARDERING,6311,O'Connor,"", 
WA ,YORNANING,6311,O'Connor,"", 
WA ,BOUNDAIN,6312,O'Connor,"", 
WA ,DUMBERNING,6312,O'Connor,"", 
WA ,HILLSIDE,6312,O'Connor,"", 
WA ,MINIGIN,6312,O'Connor,"", 
WA ,NARROGIN,6312,O'Connor,"", 
WA ,NARROGIN VALLEY,6312,O'Connor,"", 
WA ,NOMANS LAKE,6312,O'Connor,"", 
WA ,TOOLIBIN,6312,O'Connor,"", 
WA ,YILLIMINNING,6312,O'Connor,"", 
WA ,HIGHBURY,6313,O'Connor,"", 
WA ,ARTHUR RIVER,6315,O'Connor,"", 
WA ,BALLAYING,6315,O'Connor,"", 
WA ,CANCANNING,6315,O'Connor,"", 
WA ,COLLANILLING,6315,O'Connor,"", 
WA ,DONGOLOCKING,6315,O'Connor,"", 
WA ,GUNDARING,6315,O'Connor,"", 
WA ,JALORAN,6315,O'Connor,"", 
WA ,LIME LAKE,6315,O'Connor,"", 
WA ,MINDING,6315,O'Connor,"", 
WA ,PIESSEVILLE,6315,O'Connor,"", 
WA ,WAGIN,6315,O'Connor,"", 
WA ,WEDGECARRUP,6315,O'Connor,"", 
WA ,BOYERINE,6316,O'Connor,"", 
WA ,CARTMETICUP,6316,O'Connor,"", 
WA ,GLENCOE,6316,O'Connor,"", 
WA ,KENMARE,6316,O'Connor,"", 
WA ,WESTWOOD,6316,O'Connor,"", 
WA ,WOODANILLING,6316,O'Connor,"", 
WA ,BADGEBUP,6317,O'Connor,"", 
WA ,BULLOCK HILLS,6317,O'Connor,"", 
WA ,CARROLUP,6317,O'Connor,"", 
WA ,COBLININE,6317,O'Connor,"", 
WA ,COYRECUP,6317,O'Connor,"", 
WA ,DATATINE,6317,O'Connor,"", 
WA ,EWLYAMARTUP,6317,O'Connor,"", 
WA ,KATANNING,6317,O'Connor,"", 
WA ,MARRACOONDA,6317,O'Connor,"", 
WA ,MOOJEBING,6317,O'Connor,"", 
WA ,MURDONG,6317,O'Connor,"", 
WA ,PINWERNYING,6317,O'Connor,"", 
WA ,SOUTH DATATINE,6317,O'Connor,"", 
WA ,SOUTH GLENCOE,6317,O'Connor,"", 
WA ,BROOMEHILL EAST,6318,O'Connor,"", 
WA ,BROOMEHILL VILLAGE,6318,O'Connor,"", 
WA ,BROOMEHILL WEST,6318,O'Connor,"", 
WA ,BOBALONG,6320,O'Connor,"", 
WA ,BORDERDALE,6320,O'Connor,"", 
WA ,DARTNALL,6320,O'Connor,"", 
WA ,LAKE TOOLBRUNUP,6320,O'Connor,"", 
WA ,MOONIES HILL,6320,O'Connor,"", 
WA ,TAMBELLUP,6320,O'Connor,"", 
WA ,WANSBROUGH,6320,O'Connor,"", 
WA ,CRANBROOK,6321,O'Connor,"", 
WA ,TENTERDEN,6322,O'Connor,"", 
WA ,KENDENUP,6323,O'Connor,"", 
WA ,DENBARKER,6324,O'Connor,"", 
WA ,FOREST HILL,6324,O'Connor,"", 
WA ,MT BARKER,6324,O'Connor,"", 
WA ,PERILLUP,6324,O'Connor,"", 
WA ,PORONGURUP,6324,O'Connor,"", 
WA ,SOUTH STIRLING,6324,O'Connor,"", 
WA ,TAKALARUP,6324,O'Connor,"", 
WA ,WOOGENELLUP,6324,O'Connor,"", 
WA ,NARRIKUP,6326,O'Connor,"", 
WA ,REDMOND,6327,O'Connor,"", 
WA ,REDMOND WEST,6327,O'Connor,"", 
WA ,CHEYNES,6328,O'Connor,"", 
WA ,GNOWELLEN,6328,O'Connor,"", 
WA ,GREEN RANGE,6328,O'Connor,"", 
WA ,KOJANEERUP,6328,O'Connor,"", 
WA ,KOJANEERUP SOUTH,6328,O'Connor,"", 
WA ,MANYPEAKS,6328,O'Connor,"", 
WA ,METTLER,6328,O'Connor,"", 
WA ,PALMDALE,6328,O'Connor,"", 
WA ,WELLSTEAD,6328,O'Connor,"", 
WA ,ALBANY,6330,O'Connor,"", 
WA ,BAYONET HEAD,6330,O'Connor,"", 
WA ,BIG GROVE,6330,O'Connor,"", 
WA ,BORNHOLM,6330,O'Connor,"", 
WA ,CENTENNIAL PARK,6330,O'Connor,"", 
WA ,COLLINGWOOD HEIGHTS,6330,O'Connor,"", 
WA ,COLLINGWOOD PARK,6330,O'Connor,"", 
WA ,CUTHBERT,6330,O'Connor,"", 
WA ,DROME,6330,O'Connor,"", 
WA ,ELLEKER,6330,O'Connor,"", 
WA ,EMU POINT,6330,O'Connor,"", 
WA ,FLINDERS PARK,6330,O'Connor,"",BAYONET HEAD
WA ,FRENCHMAN BAY,6330,O'Connor,"", 
WA ,GLEDHOW,6330,O'Connor,"", 
WA ,GOODE BEACH,6330,O'Connor,"", 
WA ,GREEN VALLEY,6330,O'Connor,"", 
WA ,KALGAN,6330,O'Connor,"", 
WA ,KING RIVER,6330,O'Connor,"", 
WA ,KRONKUP,6330,O'Connor,"", 
WA ,LANGE,6330,O'Connor,"", 
WA ,LITTLE GROVE,6330,O'Connor,"", 
WA ,LOCKYER,6330,O'Connor,"", 
WA ,LOWER KING,6330,O'Connor,"", 
WA ,LOWLANDS,6330,O'Connor,"", 
WA ,MARBELUP,6330,O'Connor,"", 
WA ,MCKAIL,6330,O'Connor,"", 
WA ,MIDDLETON BEACH,6330,O'Connor,"", 
WA ,MILLBROOK,6330,O'Connor,"", 
WA ,MILPARA,6330,O'Connor,"", 
WA ,MIRA MAR,6330,O'Connor,"", 
WA ,MT CLARENCE,6330,O'Connor,"", 
WA ,MT ELPHINSTONE,6330,O'Connor,"", 
WA ,MT MELVILLE,6330,O'Connor,"", 
WA ,NANARUP,6330,O'Connor,"", 
WA ,NAPIER,6330,O'Connor,"", 
WA ,NULLAKI,6330,O'Connor,"", 
WA ,ORANA,6330,O'Connor,"", 
WA ,OYSTER HARBOUR,6330,O'Connor,"",ALBANY
WA ,PORT ALBANY,6330,O'Connor,"", 
WA ,ROBINSON,6330,O'Connor,"", 
WA ,SANDPATCH,6330,O'Connor,"", 
WA ,SEPPINGS,6330,O'Connor,"", 
WA ,SPENCER PARK,6330,O'Connor,"", 
WA ,TORBAY,6330,O'Connor,"", 
WA ,TORNDIRRUP,6330,O'Connor,"", 
WA ,TWO PEOPLES BAY,6330,O'Connor,"",ALBANY
WA ,VANCOUVER PENINSULA,6330,O'Connor,"", 
WA ,WALMSLEY,6330,O'Connor,"", 
WA ,WARRENUP,6330,O'Connor,"", 
WA ,WEST CAPE HOWE,6330,O'Connor,"", 
WA ,WILLYUNG,6330,O'Connor,"", 
WA ,YAKAMIA,6330,O'Connor,"", 
WA ,YOUNGS SIDING,6330,O'Connor,"", 
WA ,BOW BRIDGE,6333,O'Connor,"", 
WA ,DENMARK,6333,O'Connor,"", 
WA ,HAY,6333,O'Connor,"", 
WA ,HAZELVALE,6333,O'Connor,"", 
WA ,KENTDALE,6333,O'Connor,"", 
WA ,KORDABUP,6333,O'Connor,"", 
WA ,MT LINDESAY,6333,O'Connor,"", 
WA ,MT ROMANCE,6333,O'Connor,"", 
WA ,NORNALUP,6333,O'Connor,"", 
WA ,OCEAN BEACH,6333,O'Connor,"", 
WA ,PARRYVILLE,6333,O'Connor,"", 
WA ,PEACEFUL BAY,6333,O'Connor,"", 
WA ,SCOTSDALE,6333,O'Connor,"", 
WA ,SHADFORTH,6333,O'Connor,"", 
WA ,TINGLEDALE,6333,O'Connor,"", 
WA ,TRENT,6333,O'Connor,"", 
WA ,WILLIAM BAY,6333,O'Connor,"", 
WA ,GNOWANGERUP,6335,O'Connor,"", 
WA ,JACKITUP,6335,O'Connor,"", 
WA ,KEBARINGUP,6335,O'Connor,"", 
WA ,PALLINUP,6335,O'Connor,"", 
WA ,COWALELLUP,6336,O'Connor,"", 
WA ,MILLS LAKE,6336,O'Connor,"", 
WA ,MINDARABIN,6336,O'Connor,"", 
WA ,NEEDILUP,6336,O'Connor,"", 
WA ,ONGERUP,6336,O'Connor,"", 
WA ,TOOMPUP,6336,O'Connor,"", 
WA ,FITZGERALD,6337,O'Connor,"", 
WA ,GAIRDNER,6337,O'Connor,"", 
WA ,JACUP,6337,O'Connor,"", 
WA ,JERRAMUNGUP,6337,O'Connor,"", 
WA ,WEST FITZGERALD,6337,O'Connor,"", 
WA ,AMELUP,6338,O'Connor,"", 
WA ,BORDEN,6338,O'Connor,"", 
WA ,BOXWOOD HILL,6338,O'Connor,"", 
WA ,BREMER BAY,6338,O'Connor,"", 
WA ,FITZGERALD RIVER NAT PK,6338,O'Connor,"", 
WA ,MAGITUP,6338,O'Connor,"", 
WA ,MONJEBUP,6338,O'Connor,"", 
WA ,NALYERLUP,6338,O'Connor,"", 
WA ,NORTH STIRLINGS,6338,O'Connor,"", 
WA ,STIRLING RANGE NAT PARK,6338,O'Connor,"", 
WA ,NYABING,6341,O'Connor,"", 
WA ,PINGRUP,6343,O'Connor,"", 
WA ,JERDACUTTUP,6346,O'Connor,"", 
WA ,RAVENSTHORPE,6346,O'Connor,"", 
WA ,WEST RIVER,6346,O'Connor,"", 
WA ,HOPETOUN,6348,O'Connor,"", 
WA ,DUMBLEYUNG,6350,O'Connor,"", 
WA ,NAIRIBIN,6350,O'Connor,"", 
WA ,NIPPERING,6350,O'Connor,"", 
WA ,MOULYINNING,6351,O'Connor,"", 
WA ,NORTH MOULYINNING,6351,O'Connor,"", 
WA ,KUKERIN,6352,O'Connor,"", 
WA ,MERILUP,6352,O'Connor,"", 
WA ,NORTH KUKERIN,6352,O'Connor,"", 
WA ,SOUTH KUKERIN,6352,O'Connor,"", 
WA ,BEENONG,6353,O'Connor,"", 
WA ,BUNICHE,6353,O'Connor,"", 
WA ,KUENDER,6353,O'Connor,"", 
WA ,LAKE GRACE,6353,O'Connor,"", 
WA ,MALLEE HILL,6353,O'Connor,"", 
WA ,NEENDALING,6353,O'Connor,"", 
WA ,NORTH BURNGUP,6353,O'Connor,"", 
WA ,NORTH LAKE GRACE,6353,O'Connor,"", 
WA ,SOUTH LAKE GRACE,6353,O'Connor,"", 
WA ,TARIN ROCK,6353,O'Connor,"", 
WA ,DUNN ROCK,6355,O'Connor,"", 
WA ,EAST NEWDEGATE,6355,O'Connor,"", 
WA ,HOLT ROCK,6355,O'Connor,"", 
WA ,LAKE BIDDY,6355,O'Connor,"", 
WA ,LAKE CAMM,6355,O'Connor,"", 
WA ,MAGENTA,6355,O'Connor,"", 
WA ,MT SHERIDAN,6355,O'Connor,"", 
WA ,NEWDEGATE,6355,O'Connor,"", 
WA ,SOUTH NEWDEGATE,6355,O'Connor,"", 
WA ,VARLEY,6355,O'Connor,"", 
WA ,LAKE KING,6356,O'Connor,"", 
WA ,MT MADDEN,6356,O'Connor,"", 
WA ,PINGARING,6357,O'Connor,"", 
WA ,KARLGARIN,6358,O'Connor,"", 
WA ,FORRESTANIA,6359,O'Connor,"", 
WA ,HYDEN,6359,O'Connor,"", 
WA ,LITTLE ITALY,6359,O'Connor,"", 
WA ,HARRISMITH,6361,O'Connor,"", 
WA ,TINCURRIN,6361,O'Connor,"", 
WA ,DUDININ,6363,O'Connor,"", 
WA ,WALYURIN,6363,O'Connor,"", 
WA ,JILAKIN,6365,O'Connor,"", 
WA ,JITARNING,6365,O'Connor,"", 
WA ,KULIN,6365,O'Connor,"", 
WA ,KULIN WEST,6365,O'Connor,"", 
WA ,KONDININ,6367,O'Connor,"", 
WA ,SOUTH KUMMININ,6368,O'Connor,"", 
WA ,MT WALKER,6369,O'Connor,"", 
WA ,NAREMBEEN,6369,O'Connor,"", 
WA ,WADDERIN,6369,O'Connor,"", 
WA ,WEST HOLLETON,6369,O'Connor,"", 
WA ,WOOLOCUTTY,6369,O'Connor,"", 
WA ,EAST WICKEPIN,6370,O'Connor,"", 
WA ,MALYALLING,6370,O'Connor,"", 
WA ,WICKEPIN,6370,O'Connor,"", 
WA ,WOGOLIN,6370,O'Connor,"", 
WA ,KIRK ROCK,6372,O'Connor,"", 
WA ,YEALERING,6372,O'Connor,"", 
WA ,BULLARING,6373,O'Connor,"", 
WA ,ADAMSVALE,6375,O'Connor,"", 
WA ,BILBARIN,6375,O'Connor,"", 
WA ,CORRIGIN,6375,O'Connor,"", 
WA ,GORGE ROCK,6375,O'Connor,"", 
WA ,KUNJIN,6375,O'Connor,"", 
WA ,KURRENKUTTEN,6375,O'Connor,"", 
WA ,BADJALING,6383,O'Connor,"", 
WA ,BALKULING,6383,O'Connor,"", 
WA ,CUBBINE,6383,O'Connor,"", 
WA ,DANGIN,6383,O'Connor,"", 
WA ,DOODENANNING,6383,O'Connor,"", 
WA ,DULBELLING,6383,O'Connor,"", 
WA ,MT STIRLING,6383,O'Connor,"", 
WA ,QUAIRADING,6383,O'Connor,"", 
WA ,SOUTH QUAIRADING,6383,O'Connor,"", 
WA ,WAMENUSKING,6383,O'Connor,"", 
WA ,YOTING,6383,O'Connor,"", 
WA ,PANTAPIN,6384,O'Connor,"", 
WA ,KWOLYIN,6385,O'Connor,"", 
WA ,SHACKLETON,6386,O'Connor,"", 
WA ,BANNISTER,6390,O'Connor,"", 
WA ,BODDINGTON,6390,O'Connor,"", 
WA ,CROSSMAN,6390,O'Connor,"", 
WA ,LOWER HOTHAM,6390,O'Connor,"", 
WA ,MARRADONG,6390,O'Connor,"", 
WA ,MT COOKE,6390,O'Connor,"", 
WA ,NORTH BANNISTER,6390,O'Connor,"", 
WA ,RANFORD,6390,O'Connor,"", 
WA ,UPPER MURRAY,6390,O'Connor,"", 
WA ,WURAMING,6390,O'Connor,"", 
WA ,QUINDANNING,6391,O'Connor,"", 
WA ,WILLIAMS,6391,O'Connor,"", 
WA ,BOKAL,6392,O'Connor,"", 
WA ,DARDADINE,6392,O'Connor,"", 
WA ,DARKAN,6392,O'Connor,"", 
WA ,MEEKING,6392,O'Connor,"", 
WA ,DURANILLIN,6393,O'Connor,"", 
WA ,MOODIARRUP,6393,O'Connor,"", 
WA ,BEAUFORT RIVER,6394,O'Connor,"", 
WA ,BOILUP,6394,O'Connor,"", 
WA ,BOSCABEL,6394,O'Connor,"", 
WA ,CHANGERUP,6394,O'Connor,"", 
WA ,MOKUP,6394,O'Connor,"", 
WA ,MURADUP,6394,O'Connor,"", 
WA ,ORCHID VALLEY,6394,O'Connor,"", 
WA ,QUALEUP,6394,O'Connor,"", 
WA ,CHERRY TREE POOL,6395,O'Connor,"", 
WA ,JINGALUP,6395,O'Connor,"", 
WA ,KOJONUP,6395,O'Connor,"", 
WA ,LUMEAH,6395,O'Connor,"", 
WA ,MOBRUP,6395,O'Connor,"", 
WA ,RYANSBROOK,6395,O'Connor,"", 
WA ,FRANKLAND RIVER,6396,O'Connor,"", 
WA ,ROCKY GULLY,6397,O'Connor,"", 
WA ,BROKE,6398,O'Connor,"", 
WA ,NORTH WALPOLE,6398,O'Connor,"", 
WA ,WALPOLE,6398,O'Connor,"", 
WA ,BUCKLAND,6401,Durack,"", 
WA ,BURLONG,6401,Durack,"", 
WA ,CUNJARDINE,6401,Durack,"", 
WA ,IRISHTOWN,6401,Durack,"", 
WA ,JENNACUBBINE,6401,Durack,"", 
WA ,JENNAPULLIN,6401,Durack,"", 
WA ,MALABAINE,6401,Durack,"", 
WA ,MEENAAR,6401,Durack,"", 
WA ,MOKINE,6401,Durack,"", 
WA ,MULUCKINE,6401,Durack,"", 
WA ,MUMBERKINE,6401,Durack,"", 
WA ,MURESK,6401,Durack,"", 
WA ,NORTHAM,6401,Durack,"", 
WA ,ROSSMORE,6401,Durack,"", 
WA ,SOUTHERN BROOK,6401,Durack,"", 
WA ,SPENCERS BROOK,6401,Durack,"", 
WA ,THROSSELL,6401,Durack,"", 
WA ,WONGAMINE,6401,Durack,"", 
WA ,GRASS VALLEY,6403,Durack,"", 
WA ,GREENWOODS VALLEY,6405,O'Connor,"", 
WA ,MECKERING,6405,O'Connor,"", 
WA ,QUELAGETTING,6405,O'Connor,"", 
WA ,WARDING EAST,6405,O'Connor,"", 
WA ,CUNDERDIN,6407,O'Connor,"", 
WA ,WAEEL,6407,O'Connor,"", 
WA ,WATERCARRIN,6407,O'Connor,"", 
WA ,WYOLA WEST,6407,O'Connor,"", 
WA ,YOUNDEGIN,6407,O'Connor,"", 
WA ,NORTH TAMMIN,6409,O'Connor,"", 
WA ,SOUTH TAMMIN,6409,O'Connor,"", 
WA ,TAMMIN,6409,O'Connor,"", 
WA ,DAADENNING CREEK,6410,O'Connor,"", 
WA ,KELLERBERRIN,6410,O'Connor,"", 
WA ,MT CAROLINE,6410,O'Connor,"", 
WA ,NORTH KELLERBERRIN,6410,O'Connor,"", 
WA ,DOODLAKINE,6411,O'Connor,"", 
WA ,SOUTH DOODLAKINE,6411,O'Connor,"", 
WA ,BAANDEE,6412,O'Connor,"", 
WA ,NORTH BAANDEE,6412,O'Connor,"", 
WA ,HINES HILL,6413,O'Connor,"", 
WA ,NANGEENAN,6414,O'Connor,"", 
WA ,GOOMARIN,6415,O'Connor,"", 
WA ,KORBEL,6415,O'Connor,"", 
WA ,MERREDIN,6415,O'Connor,"", 
WA ,NOKANING,6415,O'Connor,"", 
WA ,NORPA,6415,O'Connor,"", 
WA ,TANDEGIN,6415,O'Connor,"", 
WA ,BRUCE ROCK,6418,O'Connor,"", 
WA ,ARDATH,6419,O'Connor,"", 
WA ,CRAMPHORNE,6420,O'Connor,"", 
WA ,MUNTADGIN,6420,O'Connor,"", 
WA ,BURRACOPPIN,6421,O'Connor,"", 
WA ,SOUTH BURRACOPPIN,6421,O'Connor,"", 
WA ,WARRALAKIN,6421,O'Connor,"", 
WA ,WALGOOLAN,6422,O'Connor,"", 
WA ,BOODAROCKIN,6423,O'Connor,"", 
WA ,CARRABIN,6423,O'Connor,"", 
WA ,WARRACHUPPIN,6423,O'Connor,"", 
WA ,WESTONIA,6423,O'Connor,"", 
WA ,BODALLIN,6424,O'Connor,"", 
WA ,NORTH BODALLIN,6424,O'Connor,"", 
WA ,SOUTH BODALLIN,6424,O'Connor,"", 
WA ,DULYALBIN,6425,O'Connor,"", 
WA ,MOORINE ROCK,6425,O'Connor,"", 
WA ,CORINTHIA,6426,O'Connor,"", 
WA ,GHOOLI,6426,O'Connor,"", 
WA ,HOLLETON,6426,O'Connor,"", 
WA ,MARVEL LOCH,6426,O'Connor,"", 
WA ,MT HAMPTON,6426,O'Connor,"", 
WA ,MT HOLLAND,6426,O'Connor,"", 
WA ,MT JACKSON,6426,O'Connor,"", 
WA ,SKELETON ROCK,6426,O'Connor,"", 
WA ,SOUTH YILGARN,6426,O'Connor,"", 
WA ,SOUTHERN CROSS,6426,O'Connor,"", 
WA ,TURKEY HILL,6426,O'Connor,"", 
WA ,YELLOWDINE,6426,O'Connor,"", 
WA ,KOOLYANOBBING,6427,O'Connor,"", 
WA ,BABAKIN,6428,O'Connor,"", 
WA ,BOORABBIN,6429,O'Connor,"", 
WA ,BULLABULLING,6429,O'Connor,"", 
WA ,COOLGARDIE,6429,O'Connor,"", 
WA ,KUNANALLING,6429,O'Connor,"", 
WA ,LONDONDERRY,6429,O'Connor,"", 
WA ,MT BURGES,6429,O'Connor,"", 
WA ,BINDULI,6430,O'Connor,"", 
WA ,BROADWOOD,6430,O'Connor,"", 
WA ,HANNANS,6430,O'Connor,"", 
WA ,KALGOORLIE,6430,O'Connor,"", 
WA ,KARLKURLA,6430,O'Connor,"", 
WA ,LAMINGTON,6430,O'Connor,"", 
WA ,MALCOLM,6430,O'Connor,"", 
WA ,MULLINGAR,6430,O'Connor,"", 
WA ,PICCADILLY,6430,O'Connor,"", 
WA ,SOMERVILLE,6430,O'Connor,"", 
WA ,SOUTH KALGOORLIE,6430,O'Connor,"", 
WA ,WEST KALGOORLIE,6430,O'Connor,"", 
WA ,WEST LAMINGTON,6430,O'Connor,"", 
WA ,WILLIAMSTOWN,6430,O'Connor,"", 
WA ,YILKARI,6430,O'Connor,"", 
WA ,BROAD ARROW,6431,O'Connor,"", 
WA ,BROWN HILL,6431,O'Connor,"", 
WA ,BULONG,6431,O'Connor,"", 
WA ,EMU FLAT,6431,O'Connor,"", 
WA ,FEYSVILLE,6431,O'Connor,"", 
WA ,KANOWNA,6431,O'Connor,"", 
WA ,KOOKYNIE,6431,O'Connor,"", 
WA ,KURNALPI,6431,O'Connor,"", 
WA ,MT MONGER,6431,O'Connor,"", 
WA ,ORA BANDA,6431,O'Connor,"", 
WA ,PLUMRIDGE LAKES,6431,O'Connor,"", 
WA ,WARBURTON,6431,O'Connor,"", 
WA ,YARRI,6431,O'Connor,"", 
WA ,BOULDER,6432,O'Connor,"", 
WA ,SOUTH BOULDER,6432,O'Connor,"", 
WA ,VICTORY HEIGHTS,6432,O'Connor,"", 
WA ,CUNDEELEE,6434,O'Connor,"", 
WA ,FORREST,6434,O'Connor,"", 
WA ,PARKESTON,6434,O'Connor,"", 
WA ,RAWLINNA,6434,O'Connor,"", 
WA ,MENZIES,6436,O'Connor,"", 
WA ,ULARRING,6436,O'Connor,"", 
WA ,LEINSTER,6437,O'Connor,"", 
WA ,SIR SAMUEL,6437,O'Connor,"", 
WA ,LAKE DARLOT,6438,O'Connor,"", 
WA ,LEONORA,6438,O'Connor,"", 
WA ,BANDYA,6440,O'Connor,"", 
WA ,BEADELL,6440,O'Connor,"", 
WA ,COSMO NEWBERY,6440,O'Connor,"", 
WA ,LAKE WELLS,6440,O'Connor,"", 
WA ,LAVERTON,6440,O'Connor,"", 
WA ,MT MORGANS,6440,O'Connor,"",LAVERTON
WA ,KAMBALDA EAST,6442,O'Connor,"", 
WA ,KAMBALDA WEST,6442,O'Connor,"", 
WA ,BALLADONIA,6443,O'Connor,"", 
WA ,CAIGUNA,6443,O'Connor,"", 
WA ,COCKLEBIDDY,6443,O'Connor,"", 
WA ,EUCLA,6443,O'Connor,"", 
WA ,FRASER RANGE,6443,O'Connor,"", 
WA ,HIGGINSVILLE,6443,O'Connor,"", 
WA ,MADURA,6443,O'Connor,"", 
WA ,MUNDRABILLA,6443,O'Connor,"", 
WA ,NORSEMAN,6443,O'Connor,"", 
WA ,WIDGIEMOOLTHA,6443,O'Connor,"", 
WA ,NORTH CASCADE,6445,O'Connor,"", 
WA ,SALMON GUMS,6445,O'Connor,"", 
WA ,GRASS PATCH,6446,O'Connor,"", 
WA ,LORT RIVER,6447,O'Connor,"", 
WA ,MT NEY,6447,O'Connor,"", 
WA ,SCADDAN,6447,O'Connor,"", 
WA ,WITTENOOM HILLS,6447,O'Connor,"", 
WA ,GIBSON,6448,O'Connor,"", 
WA ,BANDY CREEK,6450,O'Connor,"", 
WA ,BEAUMONT,6450,O'Connor,"", 
WA ,BOYATUP,6450,O'Connor,"", 
WA ,CAPE LE GRAND,6450,O'Connor,"", 
WA ,CASCADE,6450,O'Connor,"", 
WA ,CASTLETOWN,6450,O'Connor,"", 
WA ,CHADWICK,6450,O'Connor,"", 
WA ,CONDINGUP,6450,O'Connor,"", 
WA ,COOMALBIDGUP,6450,O'Connor,"", 
WA ,DALYUP,6450,O'Connor,"", 
WA ,EAST MUNGLINUP,6450,O'Connor,"", 
WA ,ESPERANCE,6450,O'Connor,"", 
WA ,HOWICK,6450,O'Connor,"", 
WA ,MERIVALE,6450,O'Connor,"", 
WA ,MONJINGUP,6450,O'Connor,"", 
WA ,MUNGLINUP,6450,O'Connor,"", 
WA ,MYRUP,6450,O'Connor,"", 
WA ,NERIDUP,6450,O'Connor,"", 
WA ,NULSEN,6450,O'Connor,"", 
WA ,PINK LAKE,6450,O'Connor,"", 
WA ,SINCLAIR,6450,O'Connor,"", 
WA ,WEST BEACH,6450,O'Connor,"", 
WA ,WINDABOUT,6450,O'Connor,"", 
WA ,WOODY ISLAND,6450,O'Connor,"", 
WA ,BURAMINYA,6452,O'Connor,"", 
WA ,CAPE ARID,6452,O'Connor,"", 
WA ,GOOMALLING,6460,Durack,"", 
WA ,HULONGINE,6460,Durack,"", 
WA ,KARRANADGIN,6460,Durack,"", 
WA ,UCARTY WEST,6460,Durack,"", 
WA ,WALYORMOURING,6460,Durack,"", 
WA ,DOWERIN,6461,Durack,"", 
WA ,KOOMBERKINE,6461,Durack,"", 
WA ,HINDMARSH,6462,Durack,"", 
WA ,MINNIVALE,6462,Durack,"", 
WA ,UCARTY,6462,Durack,"", 
WA ,BENJABERRING,6463,O'Connor,"", 
WA ,MANMANNING,6465,Durack,"", 
WA ,CADOUX,6466,Durack,"", 
WA ,BURAKIN,6467,Durack,"", 
WA ,GOODLANDS,6468,Durack,"", 
WA ,KALANNIE,6468,Durack,"", 
WA ,PETRUDOR,6468,Durack,"", 
WA ,KULJA,6470,O'Connor,"", 
WA ,BEACON,6472,O'Connor,"", 
WA ,BIMBIJY,6472,O'Connor,"", 
WA ,CLEARY,6472,O'Connor,"", 
WA ,KARROUN HILL,6472,O'Connor,"", 
WA ,MOUROUBRA,6472,O'Connor,"", 
WA ,REMLAP,6472,O'Connor,"", 
WA ,TAMPU,6472,O'Connor,"", 
WA ,NORTH WIALKI,6473,O'Connor,"", 
WA ,WIALKI,6473,O'Connor,"", 
WA ,BADGERIN ROCK,6475,O'Connor,"", 
WA ,BOORALAMING,6475,O'Connor,"", 
WA ,DUKIN,6475,O'Connor,"", 
WA ,KOORDA,6475,O'Connor,"", 
WA ,LAKE MARGARETTE,6475,O'Connor,"", 
WA ,MOLLERIN,6475,O'Connor,"", 
WA ,NEWCARLBEON,6475,O'Connor,"", 
WA ,GABBIN,6476,O'Connor,"", 
WA ,BENCUBBIN,6477,O'Connor,"", 
WA ,WELBUNGIN,6477,O'Connor,"", 
WA ,BARBALIN,6479,O'Connor,"", 
WA ,BONNIE ROCK,6479,O'Connor,"", 
WA ,DANDANNING,6479,O'Connor,"", 
WA ,ELACHBUTTING,6479,O'Connor,"", 
WA ,KARLONING,6479,O'Connor,"", 
WA ,LAKE BROWN,6479,O'Connor,"", 
WA ,MUKINBUDIN,6479,O'Connor,"", 
WA ,WATTONING,6479,O'Connor,"", 
WA ,WILGOYNE,6479,O'Connor,"", 
WA ,NUKARNI,6480,O'Connor,"", 
WA ,BULLFINCH,6484,O'Connor,"", 
WA ,ENNUIN,6484,O'Connor,"", 
WA ,COWCOWING,6485,O'Connor,"", 
WA ,KORRELOCKING,6485,O'Connor,"", 
WA ,NALKAIN,6485,O'Connor,"", 
WA ,NEMBUDDING,6485,O'Connor,"", 
WA ,WYALKATCHEM,6485,O'Connor,"", 
WA ,NORTH YELBENI,6487,O'Connor,"", 
WA ,SOUTH YELBENI,6487,O'Connor,"", 
WA ,YELBENI,6487,O'Connor,"", 
WA ,NORTH TRAYNING,6488,O'Connor,"", 
WA ,SOUTH TRAYNING,6488,O'Connor,"", 
WA ,TRAYNING,6488,O'Connor,"", 
WA ,KUNUNOPPIN,6489,O'Connor,"", 
WA ,NORTH KUNUNOPPIN,6489,O'Connor,"", 
WA ,SOUTH KUNUNOPPIN,6489,O'Connor,"", 
WA ,BURRAN ROCK,6490,O'Connor,"", 
WA ,CHANDLER,6490,O'Connor,"", 
WA ,ELABBIN,6490,O'Connor,"", 
WA ,KWELKAN,6490,O'Connor,"", 
WA ,NUNGARIN,6490,O'Connor,"", 
WA ,TALGOMINE,6490,O'Connor,"", 
WA ,MUCHEA,6501,Durack,"", 
WA ,BINDOON,6502,Durack,"", 
WA ,BINDOON TRAINING AREA,6502,Durack,"", 
WA ,BAMBUN,6503,Durack,"", 
WA ,BEERMULLAH,6503,Durack,"", 
WA ,BOONANARRING,6503,Durack,"", 
WA ,BREERA,6503,Durack,"", 
WA ,COONABIDGEE,6503,Durack,"", 
WA ,COWALLA,6503,Durack,"", 
WA ,CULLALLA,6503,Durack,"", 
WA ,GINGIN,6503,Durack,"", 
WA ,GINGINUP,6503,Durack,"", 
WA ,GRANVILLE,6503,Durack,"", 
WA ,LENNARD BROOK,6503,Durack,"", 
WA ,MINDARRA,6503,Durack,"", 
WA ,MOONDAH,6503,Durack,"", 
WA ,MOORE RIVER NATIONAL PARK,6503,Durack,"", 
WA ,MUCKENBURRA,6503,Durack,"", 
WA ,NEERGABBY,6503,Durack,"", 
WA ,ORANGE SPRINGS,6503,Durack,"", 
WA ,RED GULLY,6503,Durack,"", 
WA ,WANERIE,6503,Durack,"", 
WA ,YEAL,6503,Durack,"", 
WA ,MOOLIABEENEE,6504,Durack,"", 
WA ,WANNAMAL,6505,Durack,"", 
WA ,MOGUMBER,6506,Durack,"", 
WA ,CATABY,6507,Durack,"", 
WA ,COOLJARLOO,6507,Durack,"", 
WA ,DANDARAGAN,6507,Durack,"", 
WA ,MIMEGARRA,6507,Durack,"", 
WA ,REGANS FORD,6507,Durack,"", 
WA ,YATHROO,6507,Durack,"", 
WA ,GLENTROMIE,6509,Durack,"", 
WA ,NEW NORCIA,6509,Durack,"", 
WA ,WADDINGTON,6509,Durack,"", 
WA ,YARAWINDAH,6509,Durack,"", 
WA ,BARBERTON,6510,Durack,"", 
WA ,BERKSHIRE VALLEY,6510,Durack,"", 
WA ,GILLINGARRA,6510,Durack,"", 
WA ,KOOJAN,6510,Durack,"", 
WA ,MOORA,6510,Durack,"", 
WA ,WALEBING,6510,Durack,"", 
WA ,CERVANTES,6511,Durack,"", 
WA ,COOMBERDALE,6512,Durack,"", 
WA ,NAMBAN,6512,Durack,"", 
WA ,GUNYIDI,6513,Durack,"", 
WA ,WATHEROO,6513,Durack,"", 
WA ,GREEN HEAD,6514,Durack,"", 
WA ,LEEMAN,6514,Durack,"", 
WA ,COOROW,6515,Durack,"", 
WA ,EGANU,6515,Durack,"", 
WA ,MARCHAGEE,6515,Durack,"", 
WA ,WADDY FOREST,6515,Durack,"", 
WA ,JURIEN BAY,6516,Durack,"", 
WA ,CARNAMAH,6517,Durack,"", 
WA ,ENEABBA,6518,Durack,"", 
WA ,WARRADARGE,6518,Durack,"", 
WA ,ARRINO,6519,Durack,"", 
WA ,ARROWSMITH EAST,6519,Durack,"", 
WA ,DUDAWA,6519,Durack,"", 
WA ,KADATHINNI,6519,Durack,"", 
WA ,THREE SPRINGS,6519,Durack,"", 
WA ,WOMARDEN,6519,Durack,"", 
WA ,BADGINGARRA,6521,Durack,"", 
WA ,BOOTHENDARRA,6521,Durack,"", 
WA ,GREY,6521,Durack,"", 
WA ,HILL RIVER,6521,Durack,"", 
WA ,NAMBUNG,6521,Durack,"", 
WA ,BUNDANOON,6522,Durack,"", 
WA ,HOLMWOOD,6522,Durack,"", 
WA ,IKEWA,6522,Durack,"", 
WA ,LOCKIER,6522,Durack,"", 
WA ,MINGENEW,6522,Durack,"", 
WA ,MOORIARY,6522,Durack,"", 
WA ,MT BUDD,6522,Durack,"", 
WA ,NANGETTY,6522,Durack,"", 
WA ,YANDANOOKA,6522,Durack,"", 
WA ,YARRAGADEE,6522,Durack,"", 
WA ,ALLANOOKA,6525,Durack,"", 
WA ,ARROWSMITH,6525,Durack,"", 
WA ,BONNIEFIELD,6525,Durack,"", 
WA ,BOOKARA,6525,Durack,"", 
WA ,DONGARA,6525,Durack,"", 
WA ,IRWIN,6525,Durack,"", 
WA ,MILO,6525,Durack,"", 
WA ,MT ADAMS,6525,Durack,"", 
WA ,MT HORNER,6525,Durack,"", 
WA ,PORT DENISON,6525,Durack,"", 
WA ,SPRINGFIELD,6525,Durack,"", 
WA ,YARDARINO,6525,Durack,"", 
WA ,MT HILL,6528,Durack,"", 
WA ,SOUTH GREENOUGH,6528,Durack,"", 
WA ,WALKAWAY,6528,Durack,"", 
WA ,BEACHLANDS,6530,Durack,"", 
WA ,BERESFORD,6530,Durack,"", 
WA ,BLUFF POINT,6530,Durack,"", 
WA ,GERALDTON,6530,Durack,"", 
WA ,KARLOO,6530,Durack,"", 
WA ,MAHOMETS FLATS,6530,Durack,"", 
WA ,MERU,6530,Durack,"", 
WA ,MORESBY,6530,Durack,"", 
WA ,MT TARCOOLA,6530,Durack,"", 
WA ,RANGEWAY,6530,Durack,"", 
WA ,SPALDING,6530,Durack,"", 
WA ,STRATHALBYN,6530,Durack,"", 
WA ,SUNSET BEACH,6530,Durack,"", 
WA ,TARCOOLA BEACH,6530,Durack,"", 
WA ,UTAKARRA,6530,Durack,"", 
WA ,WAGGRAKINE,6530,Durack,"", 
WA ,WANDINA,6530,Durack,"", 
WA ,WEBBERTON,6530,Durack,"", 
WA ,WEST END,6530,Durack,"", 
WA ,WONTHELLA,6530,Durack,"", 
WA ,WOORREE,6530,Durack,"", 
WA ,AJANA,6532,Durack,"", 
WA ,BINNU,6532,Durack,"", 
WA ,BOOTENAL,6532,Durack,"", 
WA ,BRINGO,6532,Durack,"", 
WA ,BULLER,6532,Durack,"", 
WA ,BURMA ROAD,6532,Durack,"", 
WA ,CAPE BURNEY,6532,Durack,"", 
WA ,CARRARANG,6532,Durack,"", 
WA ,COBURN,6532,Durack,"", 
WA ,COOLCALALAYA,6532,Durack,"", 
WA ,DARTMOOR,6532,Durack,"", 
WA ,DEEPDALE,6532,Durack,"", 
WA ,DINDILOA,6532,Durack,"", 
WA ,DRUMMOND COVE,6532,Durack,"", 
WA ,DURAWAH,6532,Durack,"", 
WA ,EAST CHAPMAN,6532,Durack,"", 
WA ,EAST NABAWA,6532,Durack,"", 
WA ,EAST YUNA,6532,Durack,"", 
WA ,ELLENDALE,6532,Durack,"", 
WA ,ERADU,6532,Durack,"", 
WA ,ERADU SOUTH,6532,Durack,"", 
WA ,EURARDY,6532,Durack,"", 
WA ,GEORGINA,6532,Durack,"", 
WA ,GLENFIELD,6532,Durack,"", 
WA ,GREENOUGH,6532,Durack,"", 
WA ,HAMELIN POOL,6532,Durack,"", 
WA ,HICKETY,6532,Durack,"", 
WA ,HOWATHARRA,6532,Durack,"", 
WA ,KOJARENA,6532,Durack,"", 
WA ,MARRAH,6532,Durack,"", 
WA ,MEADOW,6532,Durack,"", 
WA ,MINNENOOKA,6532,Durack,"", 
WA ,MOONYOONOOKA,6532,Durack,"", 
WA ,MT ERIN,6532,Durack,"", 
WA ,NABAWA,6532,Durack,"", 
WA ,NANSON,6532,Durack,"", 
WA ,NARALING,6532,Durack,"", 
WA ,NARNGULU,6532,Durack,"", 
WA ,NARRA TARRA,6532,Durack,"", 
WA ,NERREN NERREN,6532,Durack,"", 
WA ,NOLBA,6532,Durack,"", 
WA ,NORTH ERADU,6532,Durack,"", 
WA ,NORTHERN GULLY,6532,Durack,"", 
WA ,OAKAJEE,6532,Durack,"", 
WA ,ROCKWELL,6532,Durack,"", 
WA ,RUDDS GULLY,6532,Durack,"", 
WA ,SANDSPRINGS,6532,Durack,"", 
WA ,SOUTH YUNA,6532,Durack,"", 
WA ,TAMALA,6532,Durack,"", 
WA ,TIBRADDEN,6532,Durack,"", 
WA ,VALENTINE,6532,Durack,"", 
WA ,WANDANA,6532,Durack,"", 
WA ,WEST BINNU,6532,Durack,"", 
WA ,WHITE PEAK,6532,Durack,"", 
WA ,WICHERINA,6532,Durack,"", 
WA ,WICHERINA SOUTH,6532,Durack,"", 
WA ,YETNA,6532,Durack,"", 
WA ,YUNA,6532,Durack,"", 
WA ,ALMA,6535,Durack,"", 
WA ,BOWES,6535,Durack,"", 
WA ,EAST BOWES,6535,Durack,"", 
WA ,GREGORY,6535,Durack,"", 
WA ,HORROCKS,6535,Durack,"", 
WA ,ISSEKA,6535,Durack,"", 
WA ,NORTHAMPTON,6535,Durack,"", 
WA ,OGILVIE,6535,Durack,"", 
WA ,SANDY GULLY,6535,Durack,"", 
WA ,YALLABATHARRA,6535,Durack,"", 
WA ,KALBARRI,6536,Durack,"", 
WA ,KALBARRI NATIONAL PARK,6536,Durack,"", 
WA ,DENHAM,6537,Durack,"", 
WA ,DIRK HARTOG ISLAND,6537,Durack,"", 
WA ,FRANCOIS PERON NAT PK,6537,Durack,"", 
WA ,MONKEY MIA,6537,Durack,"", 
WA ,NANGA,6537,Durack,"", 
WA ,SHARK BAY,6537,Durack,"", 
WA ,USELESS LOOP,6537,Durack,"", 
WA ,BEECHINA,6556,Hasluck,"", 
WA ,CHIDLOW,6556,Hasluck,"", 
WA ,GORRIE,6556,Hasluck,"", 
WA ,MALMALLING,6556,Hasluck,"", 
WA ,THE LAKES,6556,Hasluck,"", 
WA ,WOOROLOO,6558,Hasluck,"", 
WA ,WUNDOWIE,6560,Durack,"", 
WA ,BAKERS HILL,6562,Durack,"", 
WA ,COPLEY,6562,Durack,"", 
WA ,WOOTTATING,6562,Durack,"", 
WA ,CLACKLINE,6564,Durack,"", 
WA ,BEJOORDING,6566,Durack,"", 
WA ,CARANI,6566,Durack,"", 
WA ,COONDLE,6566,Durack,"", 
WA ,CULHAM,6566,Durack,"", 
WA ,DUMBARTON,6566,Durack,"", 
WA ,HODDYS WELL,6566,Durack,"", 
WA ,KATRINE,6566,Durack,"", 
WA ,NUNILE,6566,Durack,"", 
WA ,TOODYAY,6566,Durack,"", 
WA ,WEST TOODYAY,6566,Durack,"", 
WA ,DEWARS POOL,6567,Durack,"", 
WA ,JULIMAR,6567,Durack,"", 
WA ,MOONDYNE,6567,Durack,"", 
WA ,BOLGART,6568,Durack,"", 
WA ,WATTENING,6568,Durack,"", 
WA ,WYENING,6568,Durack,"", 
WA ,CALINGIRI,6569,Durack,"", 
WA ,OLD PLAINS,6569,Durack,"", 
WA ,YERECOIN,6571,Durack,"", 
WA ,PIAWANING,6572,Durack,"", 
WA ,BINDI BINDI,6574,Durack,"", 
WA ,GABALONG,6574,Durack,"", 
WA ,MILING,6575,Durack,"", 
WA ,KONNONGORRING,6603,Durack,"", 
WA ,LAKE HINDS,6603,Durack,"", 
WA ,LAKE NINAN,6603,Durack,"", 
WA ,MOCARDY,6603,Durack,"", 
WA ,WONGAN HILLS,6603,Durack,"", 
WA ,KONDUT,6605,Durack,"", 
WA ,BALLIDU,6606,Durack,"", 
WA ,EAST BALLIDU,6606,Durack,"", 
WA ,WEST BALLIDU,6606,Durack,"", 
WA ,EAST DAMBORING,6608,Durack,"", 
WA ,MARNE,6608,Durack,"", 
WA ,PITHARA,6608,Durack,"", 
WA ,DALWALLINU,6609,Durack,"", 
WA ,NUGADONG,6609,Durack,"", 
WA ,XANTIPPE,6609,Durack,"", 
WA ,JIBBERDING,6612,Durack,"", 
WA ,MIAMOON,6612,Durack,"", 
WA ,PAYNES FIND,6612,Durack,"", 
WA ,WUBIN,6612,Durack,"", 
WA ,BUNTINE,6613,Durack,"", 
WA ,MAYA,6614,Durack,"", 
WA ,LATHAM,6616,Durack,"", 
WA ,PERENJORI,6620,Durack,"", 
WA ,ROTHSAY,6620,Durack,"", 
WA ,BOWGADA,6623,Durack,"", 
WA ,BUNJIL,6623,Durack,"", 
WA ,GUTHA,6623,Durack,"", 
WA ,KOOLANOOKA,6623,Durack,"", 
WA ,MORAWA,6623,Durack,"", 
WA ,PINTHARUKA,6623,Durack,"", 
WA ,MERKANOOKA,6625,Durack,"", 
WA ,CANNA,6627,Durack,"", 
WA ,TARDUN,6628,Durack,"", 
WA ,DEVILS CREEK,6630,Durack,"", 
WA ,MULLEWA,6630,Durack,"", 
WA ,MURCHISON,6630,Durack,"", 
WA ,NERRAMYNE,6630,Durack,"", 
WA ,NUNIERRA,6630,Durack,"", 
WA ,WEST CASUARINAS,6630,Durack,"", 
WA ,WONGOONDY,6630,Durack,"", 
WA ,WOOLGORONG,6630,Durack,"", 
WA ,PINDAR,6631,Durack,"", 
WA ,AMBANIA,6632,Durack,"", 
WA ,TENINDEWA,6632,Durack,"", 
WA ,SOUTH MURCHISON,6635,Durack,"", 
WA ,YALGOO,6635,Durack,"", 
WA ,COOLADAR HILL,6638,Durack,"", 
WA ,DAGGAR HILLS,6638,Durack,"", 
WA ,MT MAGNET,6638,Durack,"", 
WA ,PAYNESVILLE,6638,Durack,"", 
WA ,SANDSTONE,6639,Durack,"", 
WA ,CUE,6640,Durack,"", 
WA ,EAST MURCHISON,6640,Durack,"", 
WA ,LAKE AUSTIN,6640,Durack,"", 
WA ,REEDY,6640,Durack,"", 
WA ,WELD RANGE,6640,Durack,"", 
WA ,ANGELO RIVER,6642,Durack,"", 
WA ,CAPRICORN,6642,Durack,"", 
WA ,KUMARINA,6642,Durack,"", 
WA ,MEEKATHARRA,6642,Durack,"", 
WA ,PEAK HILL,6642,Durack,"", 
WA ,LAKE CARNEGIE,6646,O'Connor,"", 
WA ,LITTLE SANDY DESERT,6646,O'Connor,"", 
WA ,WILUNA,6646,O'Connor,"", 
WA ,BABBAGE ISLAND,6701,Durack,"", 
WA ,BROCKMAN,6701,Durack,"", 
WA ,BROWN RANGE,6701,Durack,"", 
WA ,CARBLA,6701,Durack,"", 
WA ,CARNARVON,6701,Durack,"", 
WA ,CORAL BAY,6701,Durack,"", 
WA ,EAST CARNARVON,6701,Durack,"", 
WA ,GILROYD,6701,Durack,"", 
WA ,GREYS PLAIN,6701,Durack,"", 
WA ,INGGARDA,6701,Durack,"", 
WA ,KENNEDY RANGE,6701,Durack,"", 
WA ,KINGSFORD,6701,Durack,"", 
WA ,LYNDON,6701,Durack,"", 
WA ,MACLEOD,6701,Durack,"", 
WA ,MASSEY BAY,6701,Durack,"", 
WA ,MINILYA,6701,Durack,"", 
WA ,MORGANTOWN,6701,Durack,"", 
WA ,NORTH PLANTATIONS,6701,Durack,"", 
WA ,SOUTH CARNARVON,6701,Durack,"", 
WA ,SOUTH PLANTATIONS,6701,Durack,"", 
WA ,TALISKER,6701,Durack,"", 
WA ,WOODLEIGH,6701,Durack,"", 
WA ,WOORAMEL,6701,Durack,"", 
WA ,YALARDY,6701,Durack,"", 
WA ,YANDOO CREEK,6701,Durack,"", 
WA ,EAST LYONS RIVER,6705,Durack,"", 
WA ,GASCOYNE JUNCTION,6705,Durack,"", 
WA ,GASCOYNE RIVER,6705,Durack,"", 
WA ,KARALUNDI,6705,Durack,"", 
WA ,WEST LYONS RIVER,6705,Durack,"", 
WA ,CAPE RANGE NATIONAL PARK,6707,Durack,"", 
WA ,EXMOUTH,6707,Durack,"", 
WA ,EXMOUTH GULF,6707,Durack,"", 
WA ,LEARMONTH,6707,Durack,"", 
WA ,NORTH WEST CAPE,6707,Durack,"", 
WA ,CANE,6710,Durack,"", 
WA ,ONSLOW,6710,Durack,"", 
WA ,PEEDAMULLA,6710,Durack,"", 
WA ,TALANDJI,6710,Durack,"", 
WA ,YANNARIE,6710,Durack,"", 
WA ,DAMPIER,6713,Durack,"", 
WA ,BALLA BALLA,6714,Durack,"", 
WA ,BAYNTON,6714,Durack,"", 
WA ,BULGARRA,6714,Durack,"", 
WA ,BURRUP,6714,Durack,"", 
WA ,COOYA POOYA,6714,Durack,"", 
WA ,GAP RIDGE,6714,Durack,"", 
WA ,GNOOREA,6714,Durack,"", 
WA ,KARRATHA,6714,Durack,"", 
WA ,KARRATHA INDUSTRIAL EST,6714,Durack,"", 
WA ,MAITLAND,6714,Durack,"", 
WA ,MARDIE,6714,Durack,"", 
WA ,MILLARS WELL,6714,Durack,"", 
WA ,MT ANKETELL,6714,Durack,"", 
WA ,NICKOL,6714,Durack,"", 
WA ,PEGS CREEK,6714,Durack,"", 
WA ,SHERLOCK,6714,Durack,"", 
WA ,STOVE HILL,6714,Durack,"", 
WA ,FORTESCUE,6716,Durack,"", 
WA ,MILLSTREAM,6716,Durack,"", 
WA ,PANNAWONICA,6716,Durack,"", 
WA ,ROEBOURNE,6718,Durack,"", 
WA ,WHIM CREEK,6718,Durack,"", 
WA ,COSSACK,6720,Durack,"", 
WA ,POINT SAMSON,6720,Durack,"", 
WA ,WICKHAM,6720,Durack,"", 
WA ,INDEE,6721,Durack,"", 
WA ,MUNDABULLANGANA,6721,Durack,"", 
WA ,PARDOO,6721,Durack,"", 
WA ,PORT HEDLAND,6721,Durack,"", 
WA ,REDBANK,6721,Durack,"", 
WA ,STRELLEY,6721,Durack,"", 
WA ,WALLAREENYA,6721,Durack,"", 
WA ,WEDGEFIELD,6721,Durack,"", 
WA ,BOODARIE,6722,Durack,"", 
WA ,DE GREY,6722,Durack,"", 
WA ,PIPPINGARRA,6722,Durack,"", 
WA ,SOUTH HEDLAND,6722,Durack,"", 
WA ,BEAGLE BAY,6725,Durack,"",BROOME
WA ,BIDYADANGA,6725,Durack,"",LAGRANGE
WA ,BILINGURR,6725,Durack,"", 
WA ,BROOME,6725,Durack,"", 
WA ,DAMPIER PENINSULA,6725,Durack,"", 
WA ,DJARINDJIN COMMUNITY,6725,Durack,"",DAMPIER PENINSULA
WA ,DJUGUN,6725,Durack,"", 
WA ,EIGHTY MILE BEACH,6725,Durack,"", 
WA ,GINGERAH,6725,Durack,"", 
WA ,LAGRANGE,6725,Durack,"", 
WA ,LOOMA,6725,Durack,"",DERBY
WA ,MINYIRR,6725,Durack,"", 
WA ,MOWANJUM,6725,Durack,"",DERBY
WA ,ONE ARM POINT,6725,Durack,"",BROOME
WA ,PANDANUS PARK,6725,Durack,"",DERBY
WA ,ROEBUCK,6725,Durack,"", 
WA ,WATERBANK,6725,Durack,"", 
WA ,CABLE BEACH,6726,Durack,"", 
WA ,CAMBALLIN,6728,Durack,"", 
WA ,DERBY,6728,Durack,"", 
WA ,GEEGULLY CREEK,6728,Durack,"", 
WA ,IMINTJI,6728,Durack,"",DERBY
WA ,JARLMADANGAH BURRU,6728,Durack,"", 
WA ,KIMBOLTON,6728,Durack,"", 
WA ,KING LEOPOLD RANGES,6728,Durack,"", 
WA ,MEDA,6728,Durack,"", 
WA ,ST GEORGE RANGES,6728,Durack,"", 
WA ,WILLARE,6728,Durack,"", 
WA ,DRYSDALE RIVER,6740,Durack,"", 
WA ,KALUMBURU,6740,Durack,"", 
WA ,MITCHELL PLATEAU,6740,Durack,"", 
WA ,OOMBULGURRI,6740,Durack,"", 
WA ,PRINCE REGENT RIVER,6740,Durack,"", 
WA ,WYNDHAM,6740,Durack,"", 
WA ,CAMBRIDGE GULF,6743,Durack,"", 
WA ,DURACK,6743,Durack,"", 
WA ,GIBB,6743,Durack,"", 
WA ,KUNUNURRA,6743,Durack,"", 
WA ,LAKE ARGYLE,6743,Durack,"", 
WA ,WARMUN,6743,Durack,"", 
WA ,CHICHESTER,6751,Durack,"", 
WA ,INNAWANGA,6751,Durack,"", 
WA ,JUNA DOWNS,6751,Durack,"", 
WA ,KARIJINI,6751,Durack,"", 
WA ,MT SHEILA,6751,Durack,"", 
WA ,MULGA DOWNS,6751,Durack,"", 
WA ,NANUTARRA,6751,Durack,"", 
WA ,ROCKLEA,6751,Durack,"", 
WA ,TOM PRICE,6751,Durack,"", 
WA ,WITTENOOM,6751,Durack,"", 
WA ,JIGALONG,6753,Durack,"", 
WA ,NEWMAN,6753,Durack,"", 
WA ,PARABURDOO,6754,Durack,"", 
WA ,NULLAGINE,6758,Durack,"", 
WA ,MARBLE BAR,6760,Durack,"", 
WA ,BAYULU,6765,Durack,"",FITZROY CROSSING
WA ,FITZROY CROSSING,6765,Durack,"", 
WA ,MT HARDMAN,6765,Durack,"", 
WA ,WANGKATJUNGKA,6765,Durack,"",FITZROY CROSSING
WA ,HALLS CREEK,6770,Durack,"", 
WA ,KUNDAT DJARU,6770,Durack,"", 
WA ,KUPARTIYA,6770,Durack,"", 
WA ,MCBEATH,6770,Durack,"", 
WA ,MUELLER RANGES,6770,Durack,"", 
WA ,ORD RIVER,6770,Durack,"", 
WA ,PURNULULU,6770,Durack,"", 
WA ,RINGERS SOAK,6770,Durack,"",HALLS CREEK
WA ,STURT CREEK,6770,Durack,"", 
WA ,TANAMI,6770,Durack,"", 
NT ,CHRISTMAS ISLAND,6798,Lingiari,"", 
NT ,DRUMSITE,6798,Lingiari,"", 
NT ,KAMPONG,6798,Lingiari,"", 
NT ,POON SAAN,6798,Lingiari,"", 
NT ,SETTLEMENT,6798,Lingiari,"", 
NT ,SILVER CITY,6798,Lingiari,"", 
NT ,COCOS ISLANDS,6799,Lingiari,"",WEST ISLAND
NT ,DIRECTION ISLAND,6799,Lingiari,"", 
NT ,HOME ISLAND,6799,Lingiari,"", 
NT ,WEST ISLAND,6799,Lingiari,"", 
TAS,GLEBE,7000,Clark,"", 
TAS,HOBART,7000,Clark,"", 
TAS,MOUNT STUART,7000,Clark,"", 
TAS,NORTH HOBART,7000,Clark,"", 
TAS,QUEENS DOMAIN,7000,Clark,"", 
TAS,WEST HOBART,7000,Clark,"", 
TAS,BATTERY POINT,7004,Clark,"", 
TAS,SOUTH HOBART,7004,Clark,"", 
TAS,DYNNYRNE,7005,Clark,"", 
TAS,LOWER SANDY BAY,7005,Clark,"",SANDY BAY
TAS,SANDY BAY,7005,Clark,"", 
TAS,MOUNT NELSON,7007,Clark,"", 
TAS,TOLMANS HILL,7007,Clark,"", 
TAS,LENAH VALLEY,7008,Clark,"", 
TAS,NEW TOWN,7008,Clark,"", 
TAS,DERWENT PARK,7009,Clark,"", 
TAS,LUTANA,7009,Clark,"", 
TAS,MOONAH,7009,Clark,"", 
TAS,WEST MOONAH,7009,Clark,"", 
TAS,DOWSING POINT,7010,Clark,"", 
TAS,GLENORCHY,7010,Clark,"", 
TAS,GOODWOOD,7010,Clark,"", 
TAS,MONTROSE,7010,Clark,"", 
TAS,ROSETTA,7010,Clark,"", 
TAS,AUSTINS FERRY,7011,Clark,"", 
TAS,BERRIEDALE,7011,Clark,"", 
TAS,CHIGWELL,7011,Clark,"", 
TAS,CLAREMONT,7011,Clark,"", 
TAS,CLAREMONT,7011,Lyons,"", 
TAS,COLLINSVALE,7012,Clark,"", 
TAS,COLLINSVALE,7012,Lyons,"", 
TAS,GLENLUSK,7012,Clark,"", 
TAS,GEILSTON BAY,7015,Franklin,"", 
TAS,LINDISFARNE,7015,Franklin,"", 
TAS,ROSE BAY,7015,Franklin,"", 
TAS,RISDON VALE,7016,Franklin,"", 
TAS,GRASSTREE HILL,7017,Franklin,"", 
TAS,GRASSTREE HILL,7017,Lyons,"", 
TAS,HONEYWOOD,7017,Lyons,"", 
TAS,OLD BEACH,7017,Lyons,"", 
TAS,OTAGO,7017,Franklin,"", 
TAS,RISDON,7017,Franklin,"", 
TAS,TEA TREE,7017,Lyons,"", 
TAS,BELLERIVE,7018,Franklin,"", 
TAS,HOWRAH,7018,Franklin,"", 
TAS,MONTAGU BAY,7018,Franklin,"", 
TAS,MORNINGTON,7018,Franklin,"", 
TAS,ROSNY,7018,Franklin,"", 
TAS,ROSNY PARK,7018,Franklin,"", 
TAS,TRANMERE,7018,Franklin,"", 
TAS,WARRANE,7018,Franklin,"", 
TAS,CLARENDON VALE,7019,Franklin,"", 
TAS,OAKDOWNS,7019,Franklin,"", 
TAS,ROKEBY,7019,Franklin,"", 
TAS,CLIFTON BEACH,7020,Franklin,"", 
TAS,SANDFORD,7020,Franklin,"", 
TAS,LAUDERDALE,7021,Franklin,"", 
TAS,SOUTH ARM,7022,Franklin,"", 
TAS,OPOSSUM BAY,7023,Franklin,"", 
TAS,CREMORNE,7024,Franklin,"", 
TAS,DULCOT,7025,Franklin,"", 
TAS,DULCOT,7025,Lyons,"", 
TAS,RICHMOND,7025,Franklin,"", 
TAS,RICHMOND,7025,Lyons,"", 
TAS,CAMPANIA,7026,Lyons,"", 
TAS,COLEBROOK,7027,Lyons,"", 
TAS,APSLEY,7030,Lyons,"", 
TAS,ARTHURS LAKE,7030,Lyons,"", 
TAS,BAGDAD,7030,Lyons,"", 
TAS,BOTHWELL,7030,Lyons,"", 
TAS,BRIDGEWATER,7030,Lyons,"", 
TAS,BRIGHTON,7030,Lyons,"", 
TAS,BROADMARSH,7030,Lyons,"", 
TAS,CRAMPS BAY,7030,Lyons,"", 
TAS,DROMEDARY,7030,Lyons,"", 
TAS,DYSART,7030,Lyons,"", 
TAS,ELDERSLIE,7030,Lyons,"", 
TAS,FLINTSTONE,7030,Lyons,"", 
TAS,GAGEBROOK,7030,Lyons,"", 
TAS,GRANTON,7030,Clark,"", 
TAS,GRANTON,7030,Lyons,"", 
TAS,HERDSMANS COVE,7030,Lyons,"", 
TAS,HERMITAGE,7030,Lyons,"", 
TAS,INTERLAKEN,7030,Lyons,"", 
TAS,JERICHO,7030,Lyons,"", 
TAS,KEMPTON,7030,Lyons,"", 
TAS,LIAWENEE,7030,Lyons,"", 
TAS,LOWER MARSHES,7030,Lyons,"", 
TAS,MANGALORE,7030,Lyons,"", 
TAS,MELTON MOWBRAY,7030,Lyons,"", 
TAS,MIENA,7030,Lyons,"", 
TAS,MILLERS BLUFF,7030,Lyons,"", 
TAS,MORASS BAY,7030,Lyons,"", 
TAS,PELHAM,7030,Lyons,"", 
TAS,PONTVILLE,7030,Lyons,"", 
TAS,SHANNON,7030,Lyons,"", 
TAS,STEPPES,7030,Lyons,"", 
TAS,TODS CORNER,7030,Lyons,"", 
TAS,WADDAMANA,7030,Lyons,"", 
TAS,WILBURVILLE,7030,Lyons,"", 
TAS,KINGSTON,7050,Clark,"", 
TAS,KINGSTON,7050,Franklin,"", 
TAS,KINGSTON BEACH,7050,Franklin,"", 
TAS,BLACKMANS BAY,7052,Franklin,"", 
TAS,BONNET HILL,7053,Clark,"", 
TAS,TAROONA,7053,Clark,"", 
TAS,BARRETTA,7054,Franklin,"", 
TAS,CONINGHAM,7054,Franklin,"", 
TAS,ELECTRONA,7054,Franklin,"", 
TAS,FERN TREE,7054,Clark,"", 
TAS,HOWDEN,7054,Franklin,"", 
TAS,LESLIE VALE,7054,Clark,"", 
TAS,LESLIE VALE,7054,Franklin,"", 
TAS,LOWER SNUG,7054,Franklin,"", 
TAS,MARGATE,7054,Franklin,"", 
TAS,NEIKA,7054,Clark,"", 
TAS,RIDGEWAY,7054,Clark,"", 
TAS,SNUG,7054,Franklin,"", 
TAS,TINDERBOX,7054,Franklin,"", 
TAS,HUNTINGFIELD,7055,Franklin,"", 
TAS,CRABTREE,7109,Franklin,"", 
TAS,CRADOC,7109,Franklin,"", 
TAS,GLAZIERS BAY,7109,Franklin,"", 
TAS,GLEN HUON,7109,Franklin,"", 
TAS,GLENDEVIE,7109,Franklin,"", 
TAS,GROVE,7109,Franklin,"", 
TAS,HASTINGS,7109,Franklin,"", 
TAS,HUONVILLE,7109,Franklin,"", 
TAS,IDA BAY,7109,Franklin,"", 
TAS,JUDBURY,7109,Franklin,"", 
TAS,LONNAVALE,7109,Franklin,"", 
TAS,LOWER LONGLEY,7109,Clark,"", 
TAS,LOWER LONGLEY,7109,Franklin,"", 
TAS,LOWER WATTLE GROVE,7109,Franklin,"", 
TAS,LUCASTON,7109,Franklin,"", 
TAS,LUNE RIVER,7109,Franklin,"", 
TAS,LYMINGTON,7109,Franklin,"", 
TAS,MOUNTAIN RIVER,7109,Franklin,"", 
TAS,PETCHEYS BAY,7109,Franklin,"", 
TAS,RAMINEA,7109,Franklin,"", 
TAS,RANELAGH,7109,Franklin,"", 
TAS,RECHERCHE,7109,Franklin,"", 
TAS,SOUTHPORT,7109,Franklin,"", 
TAS,STRATHBLANE,7109,Franklin,"", 
TAS,WATERLOO,7109,Franklin,"", 
TAS,WATTLE GROVE,7109,Franklin,"", 
TAS,WOODSTOCK,7109,Franklin,"", 
TAS,ABELS BAY,7112,Franklin,"", 
TAS,CHARLOTTE COVE,7112,Franklin,"", 
TAS,CYGNET,7112,Franklin,"", 
TAS,DEEP BAY,7112,Franklin,"", 
TAS,EGGS AND BACON BAY,7112,Franklin,"", 
TAS,GARDEN ISLAND CREEK,7112,Franklin,"", 
TAS,GARDNERS BAY,7112,Franklin,"", 
TAS,HUON ISLAND,7112,Franklin,"", 
TAS,NICHOLLS RIVULET,7112,Franklin,"", 
TAS,RANDALLS BAY,7112,Franklin,"", 
TAS,VERONA SANDS,7112,Franklin,"", 
TAS,FRANKLIN,7113,Franklin,"", 
TAS,BROOKS BAY,7116,Franklin,"", 
TAS,CAIRNS BAY,7116,Franklin,"", 
TAS,CASTLE FORBES BAY,7116,Franklin,"", 
TAS,GEEVESTON,7116,Franklin,"", 
TAS,POLICE POINT,7116,Franklin,"", 
TAS,PORT HUON,7116,Franklin,"", 
TAS,SURGES BAY,7116,Franklin,"", 
TAS,SURVEYORS BAY,7116,Franklin,"", 
TAS,DOVER,7117,Franklin,"", 
TAS,STONOR,7119,Lyons,"", 
TAS,ANDOVER,7120,Lyons,"", 
TAS,ANTILL PONDS,7120,Lyons,"", 
TAS,BADEN,7120,Lyons,"", 
TAS,LEMONT,7120,Lyons,"", 
TAS,LEVENDALE,7120,Lyons,"", 
TAS,MOUNT SEYMOUR,7120,Lyons,"", 
TAS,OATLANDS,7120,Lyons,"", 
TAS,PARATTAH,7120,Lyons,"", 
TAS,PAWTELLA,7120,Lyons,"", 
TAS,RHYNDASTON,7120,Lyons,"", 
TAS,STONEHENGE,7120,Lyons,"", 
TAS,SWANSTON,7120,Lyons,"", 
TAS,TIBERIAS,7120,Lyons,"", 
TAS,TUNBRIDGE,7120,Lyons,"", 
TAS,TUNNACK,7120,Lyons,"", 
TAS,WHITEFOORD,7120,Lyons,"", 
TAS,WOODBURY,7120,Lyons,"", 
TAS,WOODSDALE,7120,Lyons,"", 
TAS,YORK PLAINS,7120,Lyons,"", 
TAS,STRATHGORDON,7139,Lyons,"", 
TAS,BLACK HILLS,7140,Lyons,"", 
TAS,BOYER,7140,Lyons,"", 
TAS,BRADYS LAKE,7140,Lyons,"", 
TAS,BRONTE PARK,7140,Lyons,"", 
TAS,BUSHY PARK,7140,Lyons,"", 
TAS,DEE,7140,Lyons,"", 
TAS,DERWENT BRIDGE,7140,Lyons,"", 
TAS,ELLENDALE,7140,Lyons,"", 
TAS,FENTONBURY,7140,Lyons,"", 
TAS,FITZGERALD,7140,Lyons,"", 
TAS,GLENFERN,7140,Lyons,"", 
TAS,GLENORA,7140,Lyons,"", 
TAS,GRETNA,7140,Lyons,"", 
TAS,HAMILTON,7140,Lyons,"", 
TAS,HAYES,7140,Lyons,"", 
TAS,HOLLOW TREE,7140,Lyons,"", 
TAS,KARANJA,7140,Lyons,"", 
TAS,LACHLAN,7140,Lyons,"", 
TAS,LAKE ST CLAIR,7140,Lyons,"", 
TAS,LAWITTA,7140,Lyons,"", 
TAS,LITTLE PINE LAGOON,7140,Lyons,"", 
TAS,LONDON LAKES,7140,Lyons,"", 
TAS,MACQUARIE PLAINS,7140,Lyons,"", 
TAS,MAGRA,7140,Lyons,"", 
TAS,MALBINA,7140,Lyons,"", 
TAS,MAYDENA,7140,Lyons,"", 
TAS,MEADOWBANK,7140,Lyons,"", 
TAS,MOLESWORTH,7140,Lyons,"", 
TAS,MOOGARA,7140,Lyons,"", 
TAS,MOUNT FIELD,7140,Lyons,"", 
TAS,MOUNT LLOYD,7140,Lyons,"", 
TAS,NATIONAL PARK,7140,Lyons,"", 
TAS,NEW NORFOLK,7140,Lyons,"", 
TAS,OSTERLEY,7140,Lyons,"", 
TAS,OUSE,7140,Lyons,"", 
TAS,PLENTY,7140,Lyons,"", 
TAS,ROSEGARLAND,7140,Lyons,"", 
TAS,SORELL CREEK,7140,Lyons,"", 
TAS,STRICKLAND,7140,Lyons,"", 
TAS,TARRALEAH,7140,Lyons,"", 
TAS,TYENNA,7140,Lyons,"", 
TAS,UXBRIDGE,7140,Lyons,"", 
TAS,VICTORIA VALLEY,7140,Lyons,"", 
TAS,WAYATINAH,7140,Lyons,"", 
TAS,WESTERWAY,7140,Lyons,"", 
TAS,ADVENTURE BAY,7150,Franklin,"", 
TAS,ALLENS RIVULET,7150,Franklin,"", 
TAS,ALONNAH,7150,Franklin,"", 
TAS,APOLLO BAY,7150,Franklin,"", 
TAS,BARNES BAY,7150,Franklin,"", 
TAS,DENNES POINT,7150,Franklin,"", 
TAS,GORDON,7150,Franklin,"", 
TAS,GREAT BAY,7150,Franklin,"", 
TAS,KAOOTA,7150,Franklin,"", 
TAS,KILLORA,7150,Franklin,"", 
TAS,LONGLEY,7150,Clark,"", 
TAS,LUNAWANNA,7150,Franklin,"", 
TAS,NORTH BRUNY,7150,Franklin,"", 
TAS,OYSTER COVE,7150,Franklin,"", 
TAS,PELVERATA,7150,Franklin,"", 
TAS,SANDFLY,7150,Franklin,"", 
TAS,SIMPSONS BAY,7150,Franklin,"", 
TAS,SOUTH BRUNY,7150,Franklin,"", 
TAS,UPPER WOODSTOCK,7150,Franklin,"", 
TAS,KETTERING,7155,Franklin,"", 
TAS,BIRCHS BAY,7162,Franklin,"", 
TAS,WOODBRIDGE,7162,Franklin,"", 
TAS,FLOWERPOT,7163,Franklin,"", 
TAS,MIDDLETON,7163,Franklin,"", 
TAS,ACTON PARK,7170,Franklin,"", 
TAS,CAMBRIDGE,7170,Franklin,"", 
TAS,MOUNT RUMNEY,7170,Franklin,"", 
TAS,ROCHES BEACH,7170,Franklin,"", 
TAS,SEVEN MILE BEACH,7170,Franklin,"", 
TAS,MIDWAY POINT,7171,Lyons,"", 
TAS,PENNA,7171,Lyons,"", 
TAS,NUGENT,7172,Lyons,"", 
TAS,ORIELTON,7172,Lyons,"", 
TAS,PAWLEENA,7172,Lyons,"", 
TAS,SORELL,7172,Lyons,"", 
TAS,WATTLE HILL,7172,Lyons,"", 
TAS,CARLTON,7173,Lyons,"", 
TAS,CARLTON RIVER,7173,Lyons,"", 
TAS,CONNELLYS MARSH,7173,Lyons,"", 
TAS,DODGES FERRY,7173,Lyons,"", 
TAS,FORCETT,7173,Lyons,"", 
TAS,LEWISHAM,7173,Lyons,"", 
TAS,PRIMROSE SANDS,7173,Lyons,"", 
TAS,COPPING,7174,Lyons,"", 
TAS,BREAM CREEK,7175,Lyons,"", 
TAS,MARION BAY,7175,Lyons,"", 
TAS,KELLEVIE,7176,Lyons,"", 
TAS,BOOMER BAY,7177,Lyons,"", 
TAS,DUNALLEY,7177,Lyons,"", 
TAS,MURDUNNA,7178,Lyons,"", 
TAS,EAGLEHAWK NECK,7179,Lyons,"", 
TAS,TARANNA,7180,Lyons,"", 
TAS,FORTESCUE,7182,Lyons,"", 
TAS,PORT ARTHUR,7182,Lyons,"", 
TAS,HIGHCROFT,7183,Lyons,"", 
TAS,NUBEENA,7184,Lyons,"", 
TAS,STORMLEA,7184,Lyons,"", 
TAS,WHITE BEACH,7184,Lyons,"", 
TAS,PREMAYDENA,7185,Lyons,"", 
TAS,SALTWATER RIVER,7186,Lyons,"", 
TAS,SLOPING MAIN,7186,Lyons,"", 
TAS,KOONYA,7187,Lyons,"", 
TAS,APSLAWN,7190,Lyons,"", 
TAS,BUCKLAND,7190,Lyons,"", 
TAS,CRANBROOK,7190,Lyons,"", 
TAS,DOLPHIN SANDS,7190,Lyons,"", 
TAS,LITTLE SWANPORT,7190,Lyons,"", 
TAS,MARIA ISLAND,7190,Lyons,"", 
TAS,ORFORD,7190,Lyons,"", 
TAS,PONTYPOOL,7190,Lyons,"", 
TAS,RHEBAN,7190,Lyons,"", 
TAS,ROCKY HILLS,7190,Lyons,"", 
TAS,RUNNYMEDE,7190,Lyons,"", 
TAS,SPRING BEACH,7190,Lyons,"", 
TAS,SWANSEA,7190,Lyons,"", 
TAS,TRIABUNNA,7190,Lyons,"", 
TAS,ROSS,7209,Lyons,"", 
TAS,TOOMS LAKE,7209,Lyons,"", 
TAS,CAMPBELL TOWN,7210,Lyons,"", 
TAS,LAKE LEAKE,7210,Lyons,"", 
TAS,CLEVELAND,7211,Lyons,"", 
TAS,CONARA,7211,Lyons,"", 
TAS,EPPING FOREST,7211,Lyons,"", 
TAS,BEN LOMOND,7212,Lyons,"", 
TAS,BLESSINGTON,7212,Bass,"", 
TAS,BLESSINGTON,7212,Lyons,"", 
TAS,BURNS CREEK,7212,Bass,"", 
TAS,DEDDINGTON,7212,Lyons,"", 
TAS,EVANDALE,7212,Lyons,"", 
TAS,NILE,7212,Lyons,"", 
TAS,UPPER BLESSINGTON,7212,Bass,"", 
TAS,WESTERN JUNCTION,7212,Lyons,"", 
TAS,AVOCA,7213,Lyons,"", 
TAS,ROSSARDEN,7213,Lyons,"", 
TAS,ROYAL GEORGE,7213,Lyons,"", 
TAS,FINGAL,7214,Lyons,"", 
TAS,MANGANA,7214,Lyons,"", 
TAS,MATHINNA,7214,Lyons,"", 
TAS,UPPER ESK,7214,Lyons,"", 
TAS,BEAUMARIS,7215,Lyons,"", 
TAS,BICHENO,7215,Lyons,"", 
TAS,CHAIN OF LAGOONS,7215,Lyons,"", 
TAS,COLES BAY,7215,Lyons,"", 
TAS,CORNWALL,7215,Lyons,"", 
TAS,DOUGLAS RIVER,7215,Lyons,"", 
TAS,FALMOUTH,7215,Lyons,"", 
TAS,FOUR MILE CREEK,7215,Lyons,"", 
TAS,FREYCINET,7215,Lyons,"", 
TAS,FRIENDLY BEACHES,7215,Lyons,"", 
TAS,GRAY,7215,Lyons,"", 
TAS,SCAMANDER,7215,Lyons,"", 
TAS,SEYMOUR,7215,Lyons,"", 
TAS,ST MARYS,7215,Lyons,"", 
TAS,UPPER SCAMANDER,7215,Lyons,"", 
TAS,AKAROA,7216,Lyons,"", 
TAS,BINALONG BAY,7216,Lyons,"", 
TAS,GOSHEN,7216,Lyons,"", 
TAS,GOULDS COUNTRY,7216,Lyons,"", 
TAS,LOTTAH,7216,Lyons,"", 
TAS,PYENGANA,7216,Lyons,"", 
TAS,ST HELENS,7216,Lyons,"", 
TAS,STIEGLITZ,7216,Lyons,"", 
TAS,THE GARDENS,7216,Lyons,"", 
TAS,ALANVALE,7248,Bass,"",NEWNHAM
TAS,INVERMAY,7248,Bass,"", 
TAS,MAYFIELD,7248,Bass,"", 
TAS,MOWBRAY,7248,Bass,"", 
TAS,NEWNHAM,7248,Bass,"", 
TAS,ROCHERLEA,7248,Bass,"", 
TAS,KINGS MEADOWS,7249,Bass,"", 
TAS,PUNCHBOWL,7249,Bass,"", 
TAS,SOUTH LAUNCESTON,7249,Bass,"", 
TAS,YOUNGTOWN,7249,Bass,"", 
TAS,YOUNGTOWN,7249,Lyons,"", 
TAS,BLACKSTONE HEIGHTS,7250,Lyons,"", 
TAS,EAST LAUNCESTON,7250,Bass,"", 
TAS,LAUNCESTON,7250,Bass,"", 
TAS,NEWSTEAD,7250,Bass,"", 
TAS,NORWOOD,7250,Bass,"", 
TAS,PROSPECT,7250,Bass,"", 
TAS,PROSPECT VALE,7250,Lyons,"", 
TAS,RAVENSWOOD,7250,Bass,"", 
TAS,RIVERSIDE,7250,Bass,"", 
TAS,RIVERSIDE,7250,Lyons,"", 
TAS,ST LEONARDS,7250,Bass,"", 
TAS,SUMMERHILL,7250,Bass,"", 
TAS,SUMMERHILL,7250,Lyons,"", 
TAS,TRAVELLERS REST,7250,Lyons,"", 
TAS,TREVALLYN,7250,Bass,"", 
TAS,WAVERLEY,7250,Bass,"", 
TAS,WEST LAUNCESTON,7250,Bass,"", 
TAS,BEECHFORD,7252,Bass,"", 
TAS,DILSTON,7252,Bass,"", 
TAS,HILLWOOD,7252,Bass,"", 
TAS,LEFROY,7252,Bass,"", 
TAS,LULWORTH,7252,Bass,"", 
TAS,MOUNT DIRECTION,7252,Bass,"", 
TAS,PIPERS RIVER,7252,Bass,"", 
TAS,SWAN BAY,7252,Bass,"", 
TAS,WEYMOUTH,7252,Bass,"", 
TAS,WINDERMERE,7252,Bass,"", 
TAS,BELL BAY,7253,Bass,"", 
TAS,GEORGE TOWN,7253,Bass,"", 
TAS,LOW HEAD,7253,Bass,"", 
TAS,BELLINGHAM,7254,Bass,"", 
TAS,GOLCONDA,7254,Bass,"", 
TAS,LEBRINA,7254,Bass,"", 
TAS,PIPERS BROOK,7254,Bass,"", 
TAS,RETREAT,7254,Bass,"", 
TAS,TUNNEL,7254,Bass,"", 
TAS,WYENA,7254,Bass,"", 
TAS,BADGER CORNER,7255,Bass,"",LADY BARRON
TAS,BIG GREEN ISLAND,7255,Bass,"", 
TAS,BLUE ROCKS,7255,Bass,"", 
TAS,DEAL ISLAND,7255,Bass,"", 
TAS,EMITA,7255,Bass,"", 
TAS,KILLIECRANKIE,7255,Bass,"", 
TAS,LACKRANA,7255,Bass,"", 
TAS,LADY BARRON,7255,Bass,"", 
TAS,LEEKA,7255,Bass,"", 
TAS,LOCCOTA,7255,Bass,"", 
TAS,LUGHRATA,7255,Bass,"", 
TAS,MEMANA,7255,Bass,"", 
TAS,PALANA,7255,Bass,"", 
TAS,PUNCHEON ISLAND,7255,Bass,"", 
TAS,RANGA,7255,Bass,"", 
TAS,WHITEMARK,7255,Bass,"", 
TAS,WINGAROO,7255,Bass,"", 
TAS,BUNGAREE,7256,Braddon,"", 
TAS,CURRIE,7256,Braddon,"", 
TAS,EGG LAGOON,7256,Braddon,"", 
TAS,GRASSY,7256,Braddon,"", 
TAS,LOORANA,7256,Braddon,"", 
TAS,LYMWOOD,7256,Braddon,"", 
TAS,NARACOOPA,7256,Braddon,"", 
TAS,NUGARA,7256,Braddon,"", 
TAS,PEARSHAPE,7256,Braddon,"", 
TAS,PEGARAH,7256,Braddon,"", 
TAS,REEKARA,7256,Braddon,"", 
TAS,SEA ELEPHANT,7256,Braddon,"", 
TAS,SURPRISE BAY,7256,Braddon,"", 
TAS,WICKHAM,7256,Braddon,"", 
TAS,YAMBACOONA,7256,Braddon,"", 
TAS,YARRA CREEK,7256,Braddon,"", 
TAS,CAPE BARREN ISLAND,7257,Bass,"", 
TAS,BREADALBANE,7258,Lyons,"", 
TAS,RELBIA,7258,Bass,"", 
TAS,RELBIA,7258,Lyons,"", 
TAS,WHITE HILLS,7258,Bass,"", 
TAS,WHITE HILLS,7258,Lyons,"", 
TAS,MYRTLE BANK,7259,Bass,"", 
TAS,MYRTLE PARK,7259,Bass,"",TARGA
TAS,NUNAMARA,7259,Bass,"", 
TAS,PATERSONIA,7259,Bass,"", 
TAS,TARGA,7259,Bass,"", 
TAS,TAYENE,7259,Bass,"", 
TAS,BLUMONT,7260,Bass,"", 
TAS,CUCKOO,7260,Bass,"", 
TAS,FORESTER,7260,Bass,"", 
TAS,JETSONVILLE,7260,Bass,"", 
TAS,KAMONA,7260,Bass,"", 
TAS,LIETINNA,7260,Bass,"", 
TAS,NABOWLA,7260,Bass,"", 
TAS,NORTH SCOTTSDALE,7260,Bass,"", 
TAS,SCOTTSDALE,7260,Bass,"", 
TAS,SOUTH SPRINGFIELD,7260,Bass,"", 
TAS,SPRINGFIELD,7260,Bass,"", 
TAS,TONGANAH,7260,Bass,"", 
TAS,TULENDEENA,7260,Bass,"", 
TAS,WEST SCOTTSDALE,7260,Bass,"", 
TAS,BRANXHOLM,7261,Bass,"", 
TAS,WARRENTINNA,7261,Bass,"", 
TAS,BRIDPORT,7262,Bass,"", 
TAS,TOMAHAWK,7262,Bass,"", 
TAS,WATERHOUSE,7262,Bass,"", 
TAS,ALBERTON,7263,Bass,"", 
TAS,LEGERWOOD,7263,Bass,"", 
TAS,RINGAROOMA,7263,Bass,"", 
TAS,TALAWA,7263,Bass,"", 
TAS,TRENAH,7263,Bass,"", 
TAS,ANSONS BAY,7264,Lyons,"", 
TAS,BOOBYALLA,7264,Bass,"", 
TAS,CAPE PORTLAND,7264,Bass,"", 
TAS,CLARKE ISLAND,7264,Bass,"", 
TAS,DERBY,7264,Bass,"", 
TAS,EDDYSTONE,7264,Lyons,"", 
TAS,GLADSTONE,7264,Bass,"", 
TAS,GLADSTONE,7264,Lyons,"", 
TAS,HERRICK,7264,Bass,"", 
TAS,MOORINA,7264,Bass,"", 
TAS,MUSSELROE BAY,7264,Bass,"", 
TAS,PIONEER,7264,Bass,"", 
TAS,RUSHY LAGOON,7264,Bass,"", 
TAS,SOUTH MOUNT CAMERON,7264,Bass,"", 
TAS,SWAN ISLAND,7264,Bass,"", 
TAS,TELITA,7264,Bass,"", 
TAS,WELDBOROUGH,7264,Lyons,"", 
TAS,BANCA,7265,Bass,"", 
TAS,WINNALEAH,7265,Bass,"", 
TAS,BANGOR,7267,Bass,"", 
TAS,KAROOLA,7267,Bass,"", 
TAS,LALLA,7267,Bass,"", 
TAS,LOWER TURNERS MARSH,7267,Bass,"", 
TAS,TURNERS MARSH,7267,Bass,"", 
TAS,LILYDALE,7268,Bass,"", 
TAS,NORTH LILYDALE,7268,Bass,"", 
TAS,UNDERWOOD,7268,Bass,"", 
TAS,BADGER HEAD,7270,Bass,"", 
TAS,BEACONSFIELD,7270,Bass,"", 
TAS,BEAUTY POINT,7270,Bass,"", 
TAS,CLARENCE POINT,7270,Bass,"", 
TAS,FLOWERY GULLY,7270,Bass,"", 
TAS,GREENS BEACH,7270,Bass,"", 
TAS,KAYENA,7270,Bass,"", 
TAS,KELSO,7270,Bass,"", 
TAS,ROWELLA,7270,Bass,"", 
TAS,SIDMOUTH,7270,Bass,"", 
TAS,YORK TOWN,7270,Bass,"", 
TAS,BLACKWALL,7275,Bass,"", 
TAS,DEVIOT,7275,Bass,"", 
TAS,EXETER,7275,Bass,"", 
TAS,FRANKFORD,7275,Bass,"", 
TAS,FRANKFORD,7275,Braddon,"", 
TAS,FRANKFORD,7275,Lyons,"", 
TAS,GLENGARRY,7275,Bass,"", 
TAS,HOLWELL,7275,Bass,"", 
TAS,LANENA,7275,Bass,"", 
TAS,LOIRA,7275,Bass,"", 
TAS,NOTLEY HILLS,7275,Bass,"", 
TAS,ROBIGANA,7275,Bass,"", 
TAS,SWAN POINT,7275,Bass,"", 
TAS,WINKLEIGH,7275,Bass,"", 
TAS,GRAVELLY BEACH,7276,Bass,"", 
TAS,BRIDGENORTH,7277,Bass,"", 
TAS,BRIDGENORTH,7277,Lyons,"", 
TAS,GRINDELWALD,7277,Bass,"", 
TAS,LEGANA,7277,Bass,"", 
TAS,ROSEVEARS,7277,Bass,"", 
TAS,HADSPEN,7290,Lyons,"", 
TAS,CARRICK,7291,Lyons,"", 
TAS,HAGLEY,7292,Lyons,"", 
TAS,QUAMBY BEND,7292,Lyons,"", 
TAS,ROSEVALE,7292,Lyons,"", 
TAS,SELBOURNE,7292,Lyons,"", 
TAS,WESTWOOD,7292,Lyons,"", 
TAS,DEVON HILLS,7300,Lyons,"", 
TAS,PERTH,7300,Lyons,"", 
TAS,POWRANNA,7300,Lyons,"", 
TAS,BISHOPSBOURNE,7301,Lyons,"", 
TAS,BLACKWOOD CREEK,7301,Lyons,"", 
TAS,LIFFEY,7301,Lyons,"", 
TAS,LONGFORD,7301,Lyons,"", 
TAS,TOIBERRY,7301,Lyons,"", 
TAS,BRACKNELL,7302,Lyons,"", 
TAS,CRESSY,7302,Lyons,"", 
TAS,POATINA,7302,Lyons,"", 
TAS,BIRRALEE,7303,Bass,"", 
TAS,BIRRALEE,7303,Lyons,"", 
TAS,CLUAN,7303,Lyons,"", 
TAS,EXTON,7303,Lyons,"", 
TAS,OAKS,7303,Lyons,"", 
TAS,OSMASTON,7303,Lyons,"", 
TAS,WESTBURY,7303,Lyons,"", 
TAS,WHITEMORE,7303,Lyons,"", 
TAS,BRANDUM,7304,Lyons,"", 
TAS,BREONA,7304,Lyons,"", 
TAS,CAVESIDE,7304,Lyons,"", 
TAS,CENTRAL PLATEAU,7304,Lyons,"", 
TAS,CHUDLEIGH,7304,Lyons,"", 
TAS,DAIRY PLAINS,7304,Lyons,"", 
TAS,DELORAINE,7304,Lyons,"", 
TAS,DOCTORS POINT,7304,Lyons,"", 
TAS,DUNORLAN,7304,Lyons,"", 
TAS,ELIZABETH TOWN,7304,Lyons,"", 
TAS,GOLDEN VALLEY,7304,Lyons,"", 
TAS,JACKEYS MARSH,7304,Lyons,"", 
TAS,KIMBERLEY,7304,Lyons,"", 
TAS,LIENA,7304,Lyons,"", 
TAS,MAYBERRY,7304,Lyons,"", 
TAS,MEANDER,7304,Lyons,"", 
TAS,MERSEY FOREST,7304,Lyons,"", 
TAS,MOLE CREEK,7304,Lyons,"", 
TAS,MOLTEMA,7304,Lyons,"", 
TAS,MONTANA,7304,Lyons,"", 
TAS,NEEDLES,7304,Lyons,"", 
TAS,PARKHAM,7304,Braddon,"", 
TAS,PARKHAM,7304,Lyons,"", 
TAS,QUAMBY BROOK,7304,Lyons,"", 
TAS,RED HILLS,7304,Lyons,"", 
TAS,REEDY MARSH,7304,Lyons,"", 
TAS,REYNOLDS NECK,7304,Lyons,"", 
TAS,WEEGENA,7304,Lyons,"", 
TAS,WEETAH,7304,Lyons,"", 
TAS,WESTERN CREEK,7304,Lyons,"", 
TAS,MERSEYLEA,7305,Braddon,"", 
TAS,MERSEYLEA,7305,Lyons,"", 
TAS,RAILTON,7305,Lyons,"", 
TAS,SUNNYSIDE,7305,Lyons,"", 
TAS,ACACIA HILLS,7306,Lyons,"", 
TAS,BARRINGTON,7306,Lyons,"", 
TAS,BEULAH,7306,Lyons,"", 
TAS,CETHANA,7306,Lyons,"", 
TAS,CLAUDE ROAD,7306,Lyons,"", 
TAS,CRADLE MOUNTAIN,7306,Lyons,"", 
TAS,GOWRIE PARK,7306,Lyons,"", 
TAS,LORINNA,7306,Lyons,"", 
TAS,LOWER BARRINGTON,7306,Lyons,"", 
TAS,LOWER BEULAH,7306,Lyons,"", 
TAS,MIDDLESEX,7306,Lyons,"", 
TAS,NOOK,7306,Lyons,"", 
TAS,NOWHERE ELSE,7306,Lyons,"", 
TAS,PARADISE,7306,Lyons,"", 
TAS,PROMISED LAND,7306,Lyons,"", 
TAS,ROLAND,7306,Lyons,"", 
TAS,SHEFFIELD,7306,Lyons,"", 
TAS,STAVERTON,7306,Lyons,"", 
TAS,STOODLEY,7306,Lyons,"", 
TAS,WEST KENTISH,7306,Lyons,"", 
TAS,BAKERS BEACH,7307,Braddon,"", 
TAS,HARFORD,7307,Braddon,"", 
TAS,HAWLEY BEACH,7307,Braddon,"", 
TAS,LATROBE,7307,Braddon,"", 
TAS,MORIARTY,7307,Braddon,"", 
TAS,NORTHDOWN,7307,Braddon,"", 
TAS,PORT SORELL,7307,Braddon,"", 
TAS,SASSAFRAS,7307,Braddon,"", 
TAS,SHEARWATER,7307,Braddon,"", 
TAS,SQUEAKING POINT,7307,Braddon,"", 
TAS,THIRLSTANE,7307,Braddon,"", 
TAS,WESLEY VALE,7307,Braddon,"", 
TAS,ABERDEEN,7310,Braddon,"", 
TAS,ABERDEEN,7310,Lyons,"", 
TAS,AMBLESIDE,7310,Braddon,"", 
TAS,DEVONPORT,7310,Braddon,"", 
TAS,DON,7310,Braddon,"", 
TAS,EAST DEVONPORT,7310,Braddon,"", 
TAS,ERRIBA,7310,Lyons,"", 
TAS,EUGENANA,7310,Braddon,"", 
TAS,FORTH,7310,Braddon,"", 
TAS,FORTHSIDE,7310,Braddon,"", 
TAS,KINDRED,7310,Braddon,"", 
TAS,LILLICO,7310,Braddon,"", 
TAS,LOWER WILMOT,7310,Lyons,"", 
TAS,MELROSE,7310,Braddon,"", 
TAS,MELROSE,7310,Lyons,"", 
TAS,MIANDETTA,7310,Braddon,"", 
TAS,MOINA,7310,Lyons,"", 
TAS,PALOONA,7310,Braddon,"", 
TAS,PALOONA,7310,Lyons,"", 
TAS,QUOIBA,7310,Braddon,"", 
TAS,SOUTH SPREYTON,7310,Lyons,"", 
TAS,SPREYTON,7310,Braddon,"", 
TAS,STONY RISE,7310,Braddon,"", 
TAS,TARLETON,7310,Braddon,"", 
TAS,TUGRAH,7310,Braddon,"", 
TAS,WILMOT,7310,Lyons,"", 
TAS,ABBOTSHAM,7315,Braddon,"", 
TAS,CASTRA,7315,Braddon,"", 
TAS,GAWLER,7315,Braddon,"", 
TAS,GUNNS PLAINS,7315,Braddon,"", 
TAS,LEITH,7315,Braddon,"", 
TAS,LOONGANA,7315,Braddon,"", 
TAS,NIETTA,7315,Braddon,"", 
TAS,NORTH MOTTON,7315,Braddon,"", 
TAS,PRESTON,7315,Braddon,"", 
TAS,SOUTH NIETTA,7315,Braddon,"", 
TAS,SOUTH PRESTON,7315,Braddon,"", 
TAS,SPALFORD,7315,Braddon,"", 
TAS,SPRENT,7315,Braddon,"", 
TAS,TURNERS BEACH,7315,Braddon,"", 
TAS,ULVERSTONE,7315,Braddon,"", 
TAS,UPPER CASTRA,7315,Braddon,"", 
TAS,WEST ULVERSTONE,7315,Braddon,"", 
TAS,CAMENA,7316,Braddon,"", 
TAS,CUPRONA,7316,Braddon,"", 
TAS,HEYBRIDGE,7316,Braddon,"", 
TAS,HOWTH,7316,Braddon,"", 
TAS,LOYETEA,7316,Braddon,"", 
TAS,PENGUIN,7316,Braddon,"", 
TAS,PRESERVATION BAY,7316,Braddon,"", 
TAS,RIANA,7316,Braddon,"", 
TAS,SOUTH RIANA,7316,Braddon,"", 
TAS,SULPHUR CREEK,7316,Braddon,"", 
TAS,WEST PINE,7316,Braddon,"", 
TAS,ACTON,7320,Braddon,"", 
TAS,BROOKLYN,7320,Braddon,"", 
TAS,BURNIE,7320,Braddon,"", 
TAS,CAMDALE,7320,Braddon,"", 
TAS,COOEE,7320,Braddon,"", 
TAS,DOWNLANDS,7320,Braddon,"", 
TAS,EMU HEIGHTS,7320,Braddon,"", 
TAS,HAVENVIEW,7320,Braddon,"", 
TAS,HILLCREST,7320,Braddon,"", 
TAS,MONTELLO,7320,Braddon,"", 
TAS,OCEAN VISTA,7320,Braddon,"", 
TAS,PARK GROVE,7320,Braddon,"", 
TAS,PARKLANDS,7320,Braddon,"", 
TAS,ROMAINE,7320,Braddon,"", 
TAS,ROUND HILL,7320,Braddon,"", 
TAS,SHOREWELL PARK,7320,Braddon,"", 
TAS,SOUTH BURNIE,7320,Braddon,"", 
TAS,UPPER BURNIE,7320,Braddon,"", 
TAS,WIVENHOE,7320,Braddon,"", 
TAS,BLACK RIVER,7321,Braddon,"", 
TAS,BOAT HARBOUR,7321,Braddon,"", 
TAS,BOAT HARBOUR BEACH,7321,Braddon,"", 
TAS,CHASM CREEK,7321,Braddon,"", 
TAS,CORINNA,7321,Braddon,"", 
TAS,COWRIE POINT,7321,Braddon,"", 
TAS,CRAYFISH CREEK,7321,Braddon,"", 
TAS,DETENTION,7321,Braddon,"", 
TAS,EAST CAM,7321,Braddon,"", 
TAS,EAST RIDGLEY,7321,Braddon,"", 
TAS,EDGCUMBE BEACH,7321,Braddon,"", 
TAS,HAMPSHIRE,7321,Braddon,"", 
TAS,HELLYER,7321,Braddon,"", 
TAS,HIGHCLERE,7321,Braddon,"", 
TAS,MAWBANNA,7321,Braddon,"", 
TAS,MONTUMANA,7321,Braddon,"", 
TAS,MOOREVILLE,7321,Braddon,"", 
TAS,NATONE,7321,Braddon,"", 
TAS,PORT LATTA,7321,Braddon,"", 
TAS,RIDGLEY,7321,Braddon,"", 
TAS,ROCKY CAPE,7321,Braddon,"", 
TAS,SAVAGE RIVER,7321,Braddon,"", 
TAS,SISTERS BEACH,7321,Braddon,"", 
TAS,STOWPORT,7321,Braddon,"", 
TAS,TEWKESBURY,7321,Braddon,"", 
TAS,TULLAH,7321,Braddon,"", 
TAS,UPPER NATONE,7321,Braddon,"", 
TAS,UPPER STOWPORT,7321,Braddon,"", 
TAS,WARATAH,7321,Braddon,"", 
TAS,WEST MOOREVILLE,7321,Braddon,"", 
TAS,WEST RIDGLEY,7321,Braddon,"", 
TAS,WILTSHIRE,7321,Braddon,"", 
TAS,SOMERSET,7322,Braddon,"", 
TAS,CALDER,7325,Braddon,"", 
TAS,DOCTORS ROCKS,7325,Braddon,"", 
TAS,ELLIOTT,7325,Braddon,"", 
TAS,FLOWERDALE,7325,Braddon,"", 
TAS,HENRIETTA,7325,Braddon,"", 
TAS,LAPOINYA,7325,Braddon,"", 
TAS,MEUNNA,7325,Braddon,"", 
TAS,MILABENA,7325,Braddon,"", 
TAS,MOORLEAH,7325,Braddon,"", 
TAS,MOUNT HICKS,7325,Braddon,"", 
TAS,MYALLA,7325,Braddon,"", 
TAS,OLDINA,7325,Braddon,"", 
TAS,OONAH,7325,Braddon,"", 
TAS,PREOLENNA,7325,Braddon,"", 
TAS,SISTERS CREEK,7325,Braddon,"", 
TAS,TABLE CAPE,7325,Braddon,"", 
TAS,TAKONE,7325,Braddon,"", 
TAS,WEST TAKONE,7325,Braddon,"", 
TAS,WYNYARD,7325,Braddon,"", 
TAS,YOLLA,7325,Braddon,"", 
TAS,ALCOMIE,7330,Braddon,"", 
TAS,ARTHUR RIVER,7330,Braddon,"", 
TAS,BRITTONS SWAMP,7330,Braddon,"", 
TAS,BROADMEADOWS,7330,Braddon,"", 
TAS,CHRISTMAS HILLS,7330,Braddon,"", 
TAS,COUTA ROCKS,7330,Braddon,"", 
TAS,EDITH CREEK,7330,Braddon,"", 
TAS,FOREST,7330,Braddon,"", 
TAS,HUNTER ISLAND,7330,Braddon,"", 
TAS,IRISHTOWN,7330,Braddon,"", 
TAS,LILEAH,7330,Braddon,"", 
TAS,MARRAWAH,7330,Braddon,"", 
TAS,MELLA,7330,Braddon,"", 
TAS,MENGHA,7330,Braddon,"", 
TAS,MONTAGU,7330,Braddon,"", 
TAS,NABAGEENA,7330,Braddon,"", 
TAS,NELSON BAY,7330,Braddon,"", 
TAS,REDPA,7330,Braddon,"", 
TAS,ROGER RIVER,7330,Braddon,"", 
TAS,SCOPUS,7330,Braddon,"", 
TAS,SCOTCHTOWN,7330,Braddon,"", 
TAS,SMITHTON,7330,Braddon,"", 
TAS,SOUTH FOREST,7330,Braddon,"", 
TAS,TEMMA,7330,Braddon,"", 
TAS,THREE HUMMOCK ISLAND,7330,Braddon,"", 
TAS,TOGARI,7330,Braddon,"", 
TAS,TROWUTTA,7330,Braddon,"", 
TAS,WEST COAST,7330,Braddon,"", 
TAS,WEST MONTAGU,7330,Braddon,"", 
TAS,WOOLNORTH,7330,Braddon,"", 
TAS,STANLEY,7331,Braddon,"", 
TAS,GORMANSTON,7466,Braddon,"", 
TAS,LAKE MARGARET,7467,Braddon,"", 
TAS,QUEENSTOWN,7467,Braddon,"", 
TAS,STRAHAN,7468,Braddon,"", 
TAS,DUNDAS,7469,Braddon,"", 
TAS,GRANVILLE HARBOUR,7469,Braddon,"", 
TAS,TRIAL HARBOUR,7469,Braddon,"", 
TAS,ZEEHAN,7469,Braddon,"", 
TAS,ROSEBERY,7470,Braddon,"", 
TAS,WILLIAMSFORD,7470,Braddon,"", 
